frame,leg,theta1_deg,theta2_deg,theta3_deg,d_theta1_deg,d_theta2_deg,residual_deg,residual_steps,foot_x_mm,foot_y_mm,foot_z_mm,signed_reach_mm,status
G0001,R1,0.0000,40.5000,-30.0000,0.000000e+00,0.000000e+00,0.000000e+00,0.000000e+00,209.1593,0.0000,-68.7130,209.1593,IK_OK
G0001,R2,0.0000,40.5000,-30.0000,0.000000e+00,0.000000e+00,0.000000e+00,0.000000e+00,209.1593,0.0000,-68.7130,209.1593,IK_OK
G0001,R3,0.0000,40.5000,-30.0000,0.000000e+00,0.000000e+00,0.000000e+00,0.000000e+00,209.1593,0.0000,-68.7130,209.1593,IK_OK
G0001,L1,0.0000,40.5000,-30.0000,0.000000e+00,0.000000e+00,0.000000e+00,0.000000e+00,209.1593,0.0000,-68.7130,209.1593,IK_OK
G0001,L2,0.0000,40.5000,-30.0000,0.000000e+00,0.000000e+00,0.000000e+00,0.000000e+00,209.1593,0.0000,-68.7130,209.1593,IK_OK
G0001,L3,0.0000,40.5000,-30.0000,0.000000e+00,0.000000e+00,0.000000e+00,0.000000e+00,209.1593,0.0000,-68.7130,209.1593,IK_OK
G0002,R1,0.0000,0.0000,-30.0000,0.000000e+00,0.000000e+00,0.000000e+00,0.000000e+00,213.7345,0.0000,56.3116,213.7345,IK_OK
G0002,R2,0.0000,0.0000,-30.0000,0.000000e+00,0.000000e+00,0.000000e+00,0.000000e+00,213.7345,0.0000,56.3116,213.7345,IK_OK
G0002,R3,0.0000,0.0000,-30.0000,0.000000e+00,0.000000e+00,0.000000e+00,0.000000e+00,213.7345,0.0000,56.3116,213.7345,IK_OK
G0002,L1,0.0000,0.0000,-30.0000,0.000000e+00,0.000000e+00,0.000000e+00,0.000000e+00,213.7345,0.0000,56.3116,213.7345,IK_OK
G0002,L2,0.0000,0.0000,-30.0000,0.000000e+00,0.000000e+00,0.000000e+00,0.000000e+00,213.7345,0.0000,56.3116,213.7345,IK_OK
G0002,L3,0.0000,0.0000,-30.0000,0.000000e+00,0.000000e+00,0.000000e+00,0.000000e+00,213.7345,0.0000,56.3116,213.7345,IK_OK
G0003,R1,0.0000,-47.2500,-30.0000,0.000000e+00,0.000000e+00,0.000000e+00,0.000000e+00,117.2226,0.0000,164.3328,117.2226,IK_OK
G0003,R2,0.0000,-47.2500,-30.0000,0.000000e+00,0.000000e+00,0.000000e+00,0.000000e+00,117.2226,0.0000,164.3328,117.2226,IK_OK
G0003,R3,0.0000,-47.2500,-30.0000,0.000000e+00,0.000000e+00,0.000000e+00,0.000000e+00,117.2226,0.0000,164.3328,117.2226,IK_OK
G0003,L1,0.0000,-47.2500,-30.0000,0.000000e+00,0.000000e+00,0.000000e+00,0.000000e+00,117.2226,0.0000,164.3328,117.2226,IK_OK
G0003,L2,0.0000,-47.2500,-30.0000,0.000000e+00,0.000000e+00,0.000000e+00,0.000000e+00,117.2226,0.0000,164.3328,117.2226,IK_OK
G0003,L3,0.0000,-47.2500,-30.0000,0.000000e+00,0.000000e+00,0.000000e+00,0.000000e+00,117.2226,0.0000,164.3328,117.2226,IK_OK
G0005,R1,13.5000,54.0000,-30.0000,9.536743e-07,0.000000e+00,9.536743e-07,7.064254e-06,183.2917,44.0045,-105.8370,188.5000,IK_OK
G0005,R2,-13.5000,54.0000,-30.0000,-9.536743e-07,0.000000e+00,9.536743e-07,7.064254e-06,183.2917,-44.0045,-105.8370,188.5000,IK_OK
G0005,R3,13.5000,54.0000,-30.0000,9.536743e-07,0.000000e+00,9.536743e-07,7.064254e-06,183.2917,44.0045,-105.8370,188.5000,IK_OK
G0005,L1,13.5000,54.0000,-30.0000,9.536743e-07,0.000000e+00,9.536743e-07,7.064254e-06,183.2917,44.0045,-105.8370,188.5000,IK_OK
G0005,L2,-13.5000,54.0000,-30.0000,-9.536743e-07,0.000000e+00,9.536743e-07,7.064254e-06,183.2917,-44.0045,-105.8370,188.5000,IK_OK
G0005,L3,13.5000,54.0000,-30.0000,9.536743e-07,0.000000e+00,9.536743e-07,7.064254e-06,183.2917,44.0045,-105.8370,188.5000,IK_OK
G0007,R1,-13.5000,54.0000,-30.0000,-9.536743e-07,0.000000e+00,9.536743e-07,7.064254e-06,183.2917,-44.0045,-105.8370,188.5000,IK_OK
G0007,R2,13.5000,54.0000,-30.0000,9.536743e-07,0.000000e+00,9.536743e-07,7.064254e-06,183.2917,44.0045,-105.8370,188.5000,IK_OK
G0007,R3,-13.5000,54.0000,-30.0000,-9.536743e-07,0.000000e+00,9.536743e-07,7.064254e-06,183.2917,-44.0045,-105.8370,188.5000,IK_OK
G0007,L1,-13.5000,54.0000,-30.0000,-9.536743e-07,0.000000e+00,9.536743e-07,7.064254e-06,183.2917,-44.0045,-105.8370,188.5000,IK_OK
G0007,L2,13.5000,54.0000,-30.0000,9.536743e-07,0.000000e+00,9.536743e-07,7.064254e-06,183.2917,44.0045,-105.8370,188.5000,IK_OK
G0007,L3,-13.5000,54.0000,-30.0000,-9.536743e-07,0.000000e+00,9.536743e-07,7.064254e-06,183.2917,-44.0045,-105.8370,188.5000,IK_OK
G0008,R1,-13.5000,81.0000,-30.0000,-9.536743e-07,0.000000e+00,9.536743e-07,7.064254e-06,121.0440,-29.0601,-160.8111,124.4835,IK_OK
G0008,R2,13.5000,54.0000,-30.0000,9.536743e-07,0.000000e+00,9.536743e-07,7.064254e-06,183.2917,44.0045,-105.8370,188.5000,IK_OK
G0008,R3,-13.5000,81.0000,-30.0000,-9.536743e-07,0.000000e+00,9.536743e-07,7.064254e-06,121.0440,-29.0601,-160.8111,124.4835,IK_OK
G0008,L1,-13.5000,54.0000,-30.0000,-9.536743e-07,0.000000e+00,9.536743e-07,7.064254e-06,183.2917,-44.0045,-105.8370,188.5000,IK_OK
G0008,L2,13.5000,81.0000,-30.0000,9.536743e-07,0.000000e+00,9.536743e-07,7.064254e-06,121.0440,29.0601,-160.8111,124.4835,IK_OK
G0008,L3,-13.5000,54.0000,-30.0000,-9.536743e-07,0.000000e+00,9.536743e-07,7.064254e-06,183.2917,-44.0045,-105.8370,188.5000,IK_OK
G0009,R1,-13.5000,54.0000,-30.0000,-9.536743e-07,0.000000e+00,9.536743e-07,7.064254e-06,183.2917,-44.0045,-105.8370,188.5000,IK_OK
G0009,R2,13.5000,54.0000,-30.0000,9.536743e-07,0.000000e+00,9.536743e-07,7.064254e-06,183.2917,44.0045,-105.8370,188.5000,IK_OK
G0009,R3,-13.5000,54.0000,-30.0000,-9.536743e-07,0.000000e+00,9.536743e-07,7.064254e-06,183.2917,-44.0045,-105.8370,188.5000,IK_OK
G0009,L1,-13.5000,54.0000,-30.0000,-9.536743e-07,0.000000e+00,9.536743e-07,7.064254e-06,183.2917,-44.0045,-105.8370,188.5000,IK_OK
G0009,L2,13.5000,54.0000,-30.0000,9.536743e-07,0.000000e+00,9.536743e-07,7.064254e-06,183.2917,44.0045,-105.8370,188.5000,IK_OK
G0009,L3,-13.5000,54.0000,-30.0000,-9.536743e-07,0.000000e+00,9.536743e-07,7.064254e-06,183.2917,-44.0045,-105.8370,188.5000,IK_OK
G0010,R1,13.5000,54.0000,-30.0000,9.536743e-07,0.000000e+00,9.536743e-07,7.064254e-06,183.2917,44.0045,-105.8370,188.5000,IK_OK
G0010,R2,-13.5000,81.0000,-30.0000,-9.536743e-07,0.000000e+00,9.536743e-07,7.064254e-06,121.0440,-29.0601,-160.8111,124.4835,IK_OK
G0010,R3,13.5000,54.0000,-30.0000,9.536743e-07,0.000000e+00,9.536743e-07,7.064254e-06,183.2917,44.0045,-105.8370,188.5000,IK_OK
G0010,L1,13.5000,81.0000,-30.0000,9.536743e-07,0.000000e+00,9.536743e-07,7.064254e-06,121.0440,29.0601,-160.8111,124.4835,IK_OK
G0010,L2,-13.5000,54.0000,-30.0000,-9.536743e-07,0.000000e+00,9.536743e-07,7.064254e-06,183.2917,-44.0045,-105.8370,188.5000,IK_OK
G0010,L3,13.5000,81.0000,-30.0000,9.536743e-07,0.000000e+00,9.536743e-07,7.064254e-06,121.0440,29.0601,-160.8111,124.4835,IK_OK
G0011,R1,13.5000,54.0000,-30.0000,9.536743e-07,0.000000e+00,9.536743e-07,7.064254e-06,183.2917,44.0045,-105.8370,188.5000,IK_OK
G0011,R2,-13.5000,54.0000,-30.0000,-9.536743e-07,0.000000e+00,9.536743e-07,7.064254e-06,183.2917,-44.0045,-105.8370,188.5000,IK_OK
G0011,R3,13.5000,54.0000,-30.0000,9.536743e-07,0.000000e+00,9.536743e-07,7.064254e-06,183.2917,44.0045,-105.8370,188.5000,IK_OK
G0011,L1,13.5000,54.0000,-30.0000,9.536743e-07,0.000000e+00,9.536743e-07,7.064254e-06,183.2917,44.0045,-105.8370,188.5000,IK_OK
G0011,L2,-13.5000,54.0000,-30.0000,-9.536743e-07,0.000000e+00,9.536743e-07,7.064254e-06,183.2917,-44.0045,-105.8370,188.5000,IK_OK
G0011,L3,13.5000,54.0000,-30.0000,9.536743e-07,0.000000e+00,9.536743e-07,7.064254e-06,183.2917,44.0045,-105.8370,188.5000,IK_OK
G0012,R1,13.5000,81.0000,-30.0000,9.536743e-07,0.000000e+00,9.536743e-07,7.064254e-06,121.0440,29.0601,-160.8111,124.4835,IK_OK
G0012,R2,-13.5000,54.0000,-30.0000,-9.536743e-07,0.000000e+00,9.536743e-07,7.064254e-06,183.2917,-44.0045,-105.8370,188.5000,IK_OK
G0012,R3,13.5000,81.0000,-30.0000,9.536743e-07,0.000000e+00,9.536743e-07,7.064254e-06,121.0440,29.0601,-160.8111,124.4835,IK_OK
G0012,L1,-13.5000,54.0000,-30.0000,-9.536743e-07,0.000000e+00,9.536743e-07,7.064254e-06,183.2917,-44.0045,-105.8370,188.5000,IK_OK
G0012,L2,13.5000,81.0000,-30.0000,9.536743e-07,0.000000e+00,9.536743e-07,7.064254e-06,121.0440,29.0601,-160.8111,124.4835,IK_OK
G0012,L3,-13.5000,54.0000,-30.0000,-9.536743e-07,0.000000e+00,9.536743e-07,7.064254e-06,183.2917,-44.0045,-105.8370,188.5000,IK_OK
G0013,R1,13.5000,54.0000,-30.0000,9.536743e-07,0.000000e+00,9.536743e-07,7.064254e-06,183.2917,44.0045,-105.8370,188.5000,IK_OK
G0013,R2,-13.5000,54.0000,-30.0000,-9.536743e-07,0.000000e+00,9.536743e-07,7.064254e-06,183.2917,-44.0045,-105.8370,188.5000,IK_OK
G0013,R3,13.5000,54.0000,-30.0000,9.536743e-07,0.000000e+00,9.536743e-07,7.064254e-06,183.2917,44.0045,-105.8370,188.5000,IK_OK
G0013,L1,-13.5000,54.0000,-30.0000,-9.536743e-07,0.000000e+00,9.536743e-07,7.064254e-06,183.2917,-44.0045,-105.8370,188.5000,IK_OK
G0013,L2,13.5000,54.0000,-30.0000,9.536743e-07,0.000000e+00,9.536743e-07,7.064254e-06,183.2917,44.0045,-105.8370,188.5000,IK_OK
G0013,L3,-13.5000,54.0000,-30.0000,-9.536743e-07,0.000000e+00,9.536743e-07,7.064254e-06,183.2917,-44.0045,-105.8370,188.5000,IK_OK
G0014,R1,-13.5000,54.0000,-30.0000,-9.536743e-07,0.000000e+00,9.536743e-07,7.064254e-06,183.2917,-44.0045,-105.8370,188.5000,IK_OK
G0014,R2,13.5000,81.0000,-30.0000,9.536743e-07,0.000000e+00,9.536743e-07,7.064254e-06,121.0440,29.0601,-160.8111,124.4835,IK_OK
G0014,R3,-13.5000,54.0000,-30.0000,-9.536743e-07,0.000000e+00,9.536743e-07,7.064254e-06,183.2917,-44.0045,-105.8370,188.5000,IK_OK
G0014,L1,13.5000,81.0000,-30.0000,9.536743e-07,0.000000e+00,9.536743e-07,7.064254e-06,121.0440,29.0601,-160.8111,124.4835,IK_OK
G0014,L2,-13.5000,54.0000,-30.0000,-9.536743e-07,0.000000e+00,9.536743e-07,7.064254e-06,183.2917,-44.0045,-105.8370,188.5000,IK_OK
G0014,L3,13.5000,81.0000,-30.0000,9.536743e-07,0.000000e+00,9.536743e-07,7.064254e-06,121.0440,29.0601,-160.8111,124.4835,IK_OK
G0015,R1,-13.5000,54.0000,-30.0000,-9.536743e-07,0.000000e+00,9.536743e-07,7.064254e-06,183.2917,-44.0045,-105.8370,188.5000,IK_OK
G0015,R2,13.5000,54.0000,-30.0000,9.536743e-07,0.000000e+00,9.536743e-07,7.064254e-06,183.2917,44.0045,-105.8370,188.5000,IK_OK
G0015,R3,-13.5000,54.0000,-30.0000,-9.536743e-07,0.000000e+00,9.536743e-07,7.064254e-06,183.2917,-44.0045,-105.8370,188.5000,IK_OK
G0015,L1,13.5000,54.0000,-30.0000,9.536743e-07,0.000000e+00,9.536743e-07,7.064254e-06,183.2917,44.0045,-105.8370,188.5000,IK_OK
G0015,L2,-13.5000,54.0000,-30.0000,-9.536743e-07,0.000000e+00,9.536743e-07,7.064254e-06,183.2917,-44.0045,-105.8370,188.5000,IK_OK
G0015,L3,13.5000,54.0000,-30.0000,9.536743e-07,0.000000e+00,9.536743e-07,7.064254e-06,183.2917,44.0045,-105.8370,188.5000,IK_OK
G0016,R1,-13.5000,81.0000,-30.0000,-9.536743e-07,0.000000e+00,9.536743e-07,7.064254e-06,121.0440,-29.0601,-160.8111,124.4835,IK_OK
G0016,R2,13.5000,54.0000,-30.0000,9.536743e-07,0.000000e+00,9.536743e-07,7.064254e-06,183.2917,44.0045,-105.8370,188.5000,IK_OK
G0016,R3,-13.5000,81.0000,-30.0000,-9.536743e-07,0.000000e+00,9.536743e-07,7.064254e-06,121.0440,-29.0601,-160.8111,124.4835,IK_OK
G0016,L1,13.5000,54.0000,-30.0000,9.536743e-07,0.000000e+00,9.536743e-07,7.064254e-06,183.2917,44.0045,-105.8370,188.5000,IK_OK
G0016,L2,-13.5000,81.0000,-30.0000,-9.536743e-07,0.000000e+00,9.536743e-07,7.064254e-06,121.0440,-29.0601,-160.8111,124.4835,IK_OK
G0016,L3,13.5000,54.0000,-30.0000,9.536743e-07,0.000000e+00,9.536743e-07,7.064254e-06,183.2917,44.0045,-105.8370,188.5000,IK_OK
G0017,R1,-13.5000,54.0000,-30.0000,-9.536743e-07,0.000000e+00,9.536743e-07,7.064254e-06,183.2917,-44.0045,-105.8370,188.5000,IK_OK
G0017,R2,13.5000,54.0000,-30.0000,9.536743e-07,0.000000e+00,9.536743e-07,7.064254e-06,183.2917,44.0045,-105.8370,188.5000,IK_OK
G0017,R3,-13.5000,54.0000,-30.0000,-9.536743e-07,0.000000e+00,9.536743e-07,7.064254e-06,183.2917,-44.0045,-105.8370,188.5000,IK_OK
G0017,L1,13.5000,54.0000,-30.0000,9.536743e-07,0.000000e+00,9.536743e-07,7.064254e-06,183.2917,44.0045,-105.8370,188.5000,IK_OK
G0017,L2,-13.5000,54.0000,-30.0000,-9.536743e-07,0.000000e+00,9.536743e-07,7.064254e-06,183.2917,-44.0045,-105.8370,188.5000,IK_OK
G0017,L3,13.5000,54.0000,-30.0000,9.536743e-07,0.000000e+00,9.536743e-07,7.064254e-06,183.2917,44.0045,-105.8370,188.5000,IK_OK
G0018,R1,13.5000,54.0000,-30.0000,9.536743e-07,0.000000e+00,9.536743e-07,7.064254e-06,183.2917,44.0045,-105.8370,188.5000,IK_OK
G0018,R2,-13.5000,81.0000,-30.0000,-9.536743e-07,0.000000e+00,9.536743e-07,7.064254e-06,121.0440,-29.0601,-160.8111,124.4835,IK_OK
G0018,R3,13.5000,54.0000,-30.0000,9.536743e-07,0.000000e+00,9.536743e-07,7.064254e-06,183.2917,44.0045,-105.8370,188.5000,IK_OK
G0018,L1,-13.5000,81.0000,-30.0000,-9.536743e-07,0.000000e+00,9.536743e-07,7.064254e-06,121.0440,-29.0601,-160.8111,124.4835,IK_OK
G0018,L2,13.5000,54.0000,-30.0000,9.536743e-07,0.000000e+00,9.536743e-07,7.064254e-06,183.2917,44.0045,-105.8370,188.5000,IK_OK
G0018,L3,-13.5000,81.0000,-30.0000,-9.536743e-07,0.000000e+00,9.536743e-07,7.064254e-06,121.0440,-29.0601,-160.8111,124.4835,IK_OK
G0019,R1,13.5000,54.0000,-30.0000,9.536743e-07,0.000000e+00,9.536743e-07,7.064254e-06,183.2917,44.0045,-105.8370,188.5000,IK_OK
G0019,R2,-13.5000,54.0000,-30.0000,-9.536743e-07,0.000000e+00,9.536743e-07,7.064254e-06,183.2917,-44.0045,-105.8370,188.5000,IK_OK
G0019,R3,13.5000,54.0000,-30.0000,9.536743e-07,0.000000e+00,9.536743e-07,7.064254e-06,183.2917,44.0045,-105.8370,188.5000,IK_OK
G0019,L1,-13.5000,54.0000,-30.0000,-9.536743e-07,0.000000e+00,9.536743e-07,7.064254e-06,183.2917,-44.0045,-105.8370,188.5000,IK_OK
G0019,L2,13.5000,54.0000,-30.0000,9.536743e-07,0.000000e+00,9.536743e-07,7.064254e-06,183.2917,44.0045,-105.8370,188.5000,IK_OK
G0019,L3,-13.5000,54.0000,-30.0000,-9.536743e-07,0.000000e+00,9.536743e-07,7.064254e-06,183.2917,-44.0045,-105.8370,188.5000,IK_OK
G0021,R1,13.5000,54.0000,-30.0000,9.536743e-07,0.000000e+00,9.536743e-07,7.064254e-06,183.2917,44.0045,-105.8370,188.5000,IK_OK
G0021,R2,-13.5000,54.0000,-30.0000,-9.536743e-07,0.000000e+00,9.536743e-07,7.064254e-06,183.2917,-44.0045,-105.8370,188.5000,IK_OK
G0021,R3,13.5000,54.0000,-30.0000,9.536743e-07,0.000000e+00,9.536743e-07,7.064254e-06,183.2917,44.0045,-105.8370,188.5000,IK_OK
G0021,L1,13.5000,54.0000,-30.0000,9.536743e-07,0.000000e+00,9.536743e-07,7.064254e-06,183.2917,44.0045,-105.8370,188.5000,IK_OK
G0021,L2,-13.5000,54.0000,-30.0000,-9.536743e-07,0.000000e+00,9.536743e-07,7.064254e-06,183.2917,-44.0045,-105.8370,188.5000,IK_OK
G0021,L3,13.5000,54.0000,-30.0000,9.536743e-07,0.000000e+00,9.536743e-07,7.064254e-06,183.2917,44.0045,-105.8370,188.5000,IK_OK
G0023,R1,-13.5000,54.0000,-30.0000,-9.536743e-07,0.000000e+00,9.536743e-07,7.064254e-06,183.2917,-44.0045,-105.8370,188.5000,IK_OK
G0023,R2,13.5000,54.0000,-30.0000,9.536743e-07,0.000000e+00,9.536743e-07,7.064254e-06,183.2917,44.0045,-105.8370,188.5000,IK_OK
G0023,R3,-13.5000,54.0000,-30.0000,-9.536743e-07,0.000000e+00,9.536743e-07,7.064254e-06,183.2917,-44.0045,-105.8370,188.5000,IK_OK
G0023,L1,-13.5000,54.0000,-30.0000,-9.536743e-07,0.000000e+00,9.536743e-07,7.064254e-06,183.2917,-44.0045,-105.8370,188.5000,IK_OK
G0023,L2,13.5000,54.0000,-30.0000,9.536743e-07,0.000000e+00,9.536743e-07,7.064254e-06,183.2917,44.0045,-105.8370,188.5000,IK_OK
G0023,L3,-13.5000,54.0000,-30.0000,-9.536743e-07,0.000000e+00,9.536743e-07,7.064254e-06,183.2917,-44.0045,-105.8370,188.5000,IK_OK
G0024,R1,-13.5000,81.0000,-30.0000,-9.536743e-07,0.000000e+00,9.536743e-07,7.064254e-06,121.0440,-29.0601,-160.8111,124.4835,IK_OK
G0024,R2,13.5000,54.0000,-30.0000,9.536743e-07,0.000000e+00,9.536743e-07,7.064254e-06,183.2917,44.0045,-105.8370,188.5000,IK_OK
G0024,R3,-13.5000,81.0000,-30.0000,-9.536743e-07,0.000000e+00,9.536743e-07,7.064254e-06,121.0440,-29.0601,-160.8111,124.4835,IK_OK
G0024,L1,-13.5000,54.0000,-30.0000,-9.536743e-07,0.000000e+00,9.536743e-07,7.064254e-06,183.2917,-44.0045,-105.8370,188.5000,IK_OK
G0024,L2,13.5000,81.0000,-30.0000,9.536743e-07,0.000000e+00,9.536743e-07,7.064254e-06,121.0440,29.0601,-160.8111,124.4835,IK_OK
G0024,L3,-13.5000,54.0000,-30.0000,-9.536743e-07,0.000000e+00,9.536743e-07,7.064254e-06,183.2917,-44.0045,-105.8370,188.5000,IK_OK
G0025,R1,-13.5000,54.0000,-30.0000,-9.536743e-07,0.000000e+00,9.536743e-07,7.064254e-06,183.2917,-44.0045,-105.8370,188.5000,IK_OK
G0025,R2,13.5000,54.0000,-30.0000,9.536743e-07,0.000000e+00,9.536743e-07,7.064254e-06,183.2917,44.0045,-105.8370,188.5000,IK_OK
G0025,R3,-13.5000,54.0000,-30.0000,-9.536743e-07,0.000000e+00,9.536743e-07,7.064254e-06,183.2917,-44.0045,-105.8370,188.5000,IK_OK
G0025,L1,-13.5000,54.0000,-30.0000,-9.536743e-07,0.000000e+00,9.536743e-07,7.064254e-06,183.2917,-44.0045,-105.8370,188.5000,IK_OK
G0025,L2,13.5000,54.0000,-30.0000,9.536743e-07,0.000000e+00,9.536743e-07,7.064254e-06,183.2917,44.0045,-105.8370,188.5000,IK_OK
G0025,L3,-13.5000,54.0000,-30.0000,-9.536743e-07,0.000000e+00,9.536743e-07,7.064254e-06,183.2917,-44.0045,-105.8370,188.5000,IK_OK
G0026,R1,13.5000,54.0000,-30.0000,9.536743e-07,0.000000e+00,9.536743e-07,7.064254e-06,183.2917,44.0045,-105.8370,188.5000,IK_OK
G0026,R2,-13.5000,81.0000,-30.0000,-9.536743e-07,0.000000e+00,9.536743e-07,7.064254e-06,121.0440,-29.0601,-160.8111,124.4835,IK_OK
G0026,R3,13.5000,54.0000,-30.0000,9.536743e-07,0.000000e+00,9.536743e-07,7.064254e-06,183.2917,44.0045,-105.8370,188.5000,IK_OK
G0026,L1,13.5000,81.0000,-30.0000,9.536743e-07,0.000000e+00,9.536743e-07,7.064254e-06,121.0440,29.0601,-160.8111,124.4835,IK_OK
G0026,L2,-13.5000,54.0000,-30.0000,-9.536743e-07,0.000000e+00,9.536743e-07,7.064254e-06,183.2917,-44.0045,-105.8370,188.5000,IK_OK
G0026,L3,13.5000,81.0000,-30.0000,9.536743e-07,0.000000e+00,9.536743e-07,7.064254e-06,121.0440,29.0601,-160.8111,124.4835,IK_OK
G0027,R1,13.5000,54.0000,-30.0000,9.536743e-07,0.000000e+00,9.536743e-07,7.064254e-06,183.2917,44.0045,-105.8370,188.5000,IK_OK
G0027,R2,-13.5000,54.0000,-30.0000,-9.536743e-07,0.000000e+00,9.536743e-07,7.064254e-06,183.2917,-44.0045,-105.8370,188.5000,IK_OK
G0027,R3,13.5000,54.0000,-30.0000,9.536743e-07,0.000000e+00,9.536743e-07,7.064254e-06,183.2917,44.0045,-105.8370,188.5000,IK_OK
G0027,L1,13.5000,54.0000,-30.0000,9.536743e-07,0.000000e+00,9.536743e-07,7.064254e-06,183.2917,44.0045,-105.8370,188.5000,IK_OK
G0027,L2,-13.5000,54.0000,-30.0000,-9.536743e-07,0.000000e+00,9.536743e-07,7.064254e-06,183.2917,-44.0045,-105.8370,188.5000,IK_OK
G0027,L3,13.5000,54.0000,-30.0000,9.536743e-07,0.000000e+00,9.536743e-07,7.064254e-06,183.2917,44.0045,-105.8370,188.5000,IK_OK
G0028,R1,13.5000,81.0000,-30.0000,9.536743e-07,0.000000e+00,9.536743e-07,7.064254e-06,121.0440,29.0601,-160.8111,124.4835,IK_OK
G0028,R2,-13.5000,54.0000,-30.0000,-9.536743e-07,0.000000e+00,9.536743e-07,7.064254e-06,183.2917,-44.0045,-105.8370,188.5000,IK_OK
G0028,R3,13.5000,81.0000,-30.0000,9.536743e-07,0.000000e+00,9.536743e-07,7.064254e-06,121.0440,29.0601,-160.8111,124.4835,IK_OK
G0028,L1,-13.5000,54.0000,-30.0000,-9.536743e-07,0.000000e+00,9.536743e-07,7.064254e-06,183.2917,-44.0045,-105.8370,188.5000,IK_OK
G0028,L2,13.5000,81.0000,-30.0000,9.536743e-07,0.000000e+00,9.536743e-07,7.064254e-06,121.0440,29.0601,-160.8111,124.4835,IK_OK
G0028,L3,-13.5000,54.0000,-30.0000,-9.536743e-07,0.000000e+00,9.536743e-07,7.064254e-06,183.2917,-44.0045,-105.8370,188.5000,IK_OK
G0029,R1,13.5000,54.0000,-30.0000,9.536743e-07,0.000000e+00,9.536743e-07,7.064254e-06,183.2917,44.0045,-105.8370,188.5000,IK_OK
G0029,R2,-13.5000,54.0000,-30.0000,-9.536743e-07,0.000000e+00,9.536743e-07,7.064254e-06,183.2917,-44.0045,-105.8370,188.5000,IK_OK
G0029,R3,13.5000,54.0000,-30.0000,9.536743e-07,0.000000e+00,9.536743e-07,7.064254e-06,183.2917,44.0045,-105.8370,188.5000,IK_OK
G0029,L1,-13.5000,54.0000,-30.0000,-9.536743e-07,0.000000e+00,9.536743e-07,7.064254e-06,183.2917,-44.0045,-105.8370,188.5000,IK_OK
G0029,L2,13.5000,54.0000,-30.0000,9.536743e-07,0.000000e+00,9.536743e-07,7.064254e-06,183.2917,44.0045,-105.8370,188.5000,IK_OK
G0029,L3,-13.5000,54.0000,-30.0000,-9.536743e-07,0.000000e+00,9.536743e-07,7.064254e-06,183.2917,-44.0045,-105.8370,188.5000,IK_OK
G0030,R1,-13.5000,54.0000,-30.0000,-9.536743e-07,0.000000e+00,9.536743e-07,7.064254e-06,183.2917,-44.0045,-105.8370,188.5000,IK_OK
G0030,R2,13.5000,81.0000,-30.0000,9.536743e-07,0.000000e+00,9.536743e-07,7.064254e-06,121.0440,29.0601,-160.8111,124.4835,IK_OK
G0030,R3,-13.5000,54.0000,-30.0000,-9.536743e-07,0.000000e+00,9.536743e-07,7.064254e-06,183.2917,-44.0045,-105.8370,188.5000,IK_OK
G0030,L1,13.5000,81.0000,-30.0000,9.536743e-07,0.000000e+00,9.536743e-07,7.064254e-06,121.0440,29.0601,-160.8111,124.4835,IK_OK
G0030,L2,-13.5000,54.0000,-30.0000,-9.536743e-07,0.000000e+00,9.536743e-07,7.064254e-06,183.2917,-44.0045,-105.8370,188.5000,IK_OK
G0030,L3,13.5000,81.0000,-30.0000,9.536743e-07,0.000000e+00,9.536743e-07,7.064254e-06,121.0440,29.0601,-160.8111,124.4835,IK_OK
G0031,R1,-13.5000,54.0000,-30.0000,-9.536743e-07,0.000000e+00,9.536743e-07,7.064254e-06,183.2917,-44.0045,-105.8370,188.5000,IK_OK
G0031,R2,13.5000,54.0000,-30.0000,9.536743e-07,0.000000e+00,9.536743e-07,7.064254e-06,183.2917,44.0045,-105.8370,188.5000,IK_OK
G0031,R3,-13.5000,54.0000,-30.0000,-9.536743e-07,0.000000e+00,9.536743e-07,7.064254e-06,183.2917,-44.0045,-105.8370,188.5000,IK_OK
G0031,L1,13.5000,54.0000,-30.0000,9.536743e-07,0.000000e+00,9.536743e-07,7.064254e-06,183.2917,44.0045,-105.8370,188.5000,IK_OK
G0031,L2,-13.5000,54.0000,-30.0000,-9.536743e-07,0.000000e+00,9.536743e-07,7.064254e-06,183.2917,-44.0045,-105.8370,188.5000,IK_OK
G0031,L3,13.5000,54.0000,-30.0000,9.536743e-07,0.000000e+00,9.536743e-07,7.064254e-06,183.2917,44.0045,-105.8370,188.5000,IK_OK
G0032,R1,-13.5000,81.0000,-30.0000,-9.536743e-07,0.000000e+00,9.536743e-07,7.064254e-06,121.0440,-29.0601,-160.8111,124.4835,IK_OK
G0032,R2,13.5000,54.0000,-30.0000,9.536743e-07,0.000000e+00,9.536743e-07,7.064254e-06,183.2917,44.0045,-105.8370,188.5000,IK_OK
G0032,R3,-13.5000,81.0000,-30.0000,-9.536743e-07,0.000000e+00,9.536743e-07,7.064254e-06,121.0440,-29.0601,-160.8111,124.4835,IK_OK
G0032,L1,13.5000,54.0000,-30.0000,9.536743e-07,0.000000e+00,9.536743e-07,7.064254e-06,183.2917,44.0045,-105.8370,188.5000,IK_OK
G0032,L2,-13.5000,81.0000,-30.0000,-9.536743e-07,0.000000e+00,9.536743e-07,7.064254e-06,121.0440,-29.0601,-160.8111,124.4835,IK_OK
G0032,L3,13.5000,54.0000,-30.0000,9.536743e-07,0.000000e+00,9.536743e-07,7.064254e-06,183.2917,44.0045,-105.8370,188.5000,IK_OK
G0033,R1,-13.5000,54.0000,-30.0000,-9.536743e-07,0.000000e+00,9.536743e-07,7.064254e-06,183.2917,-44.0045,-105.8370,188.5000,IK_OK
G0033,R2,13.5000,54.0000,-30.0000,9.536743e-07,0.000000e+00,9.536743e-07,7.064254e-06,183.2917,44.0045,-105.8370,188.5000,IK_OK
G0033,R3,-13.5000,54.0000,-30.0000,-9.536743e-07,0.000000e+00,9.536743e-07,7.064254e-06,183.2917,-44.0045,-105.8370,188.5000,IK_OK
G0033,L1,13.5000,54.0000,-30.0000,9.536743e-07,0.000000e+00,9.536743e-07,7.064254e-06,183.2917,44.0045,-105.8370,188.5000,IK_OK
G0033,L2,-13.5000,54.0000,-30.0000,-9.536743e-07,0.000000e+00,9.536743e-07,7.064254e-06,183.2917,-44.0045,-105.8370,188.5000,IK_OK
G0033,L3,13.5000,54.0000,-30.0000,9.536743e-07,0.000000e+00,9.536743e-07,7.064254e-06,183.2917,44.0045,-105.8370,188.5000,IK_OK
G0034,R1,13.5000,54.0000,-30.0000,9.536743e-07,0.000000e+00,9.536743e-07,7.064254e-06,183.2917,44.0045,-105.8370,188.5000,IK_OK
G0034,R2,-13.5000,81.0000,-30.0000,-9.536743e-07,0.000000e+00,9.536743e-07,7.064254e-06,121.0440,-29.0601,-160.8111,124.4835,IK_OK
G0034,R3,13.5000,54.0000,-30.0000,9.536743e-07,0.000000e+00,9.536743e-07,7.064254e-06,183.2917,44.0045,-105.8370,188.5000,IK_OK
G0034,L1,-13.5000,81.0000,-30.0000,-9.536743e-07,0.000000e+00,9.536743e-07,7.064254e-06,121.0440,-29.0601,-160.8111,124.4835,IK_OK
G0034,L2,13.5000,54.0000,-30.0000,9.536743e-07,0.000000e+00,9.536743e-07,7.064254e-06,183.2917,44.0045,-105.8370,188.5000,IK_OK
G0034,L3,-13.5000,81.0000,-30.0000,-9.536743e-07,0.000000e+00,9.536743e-07,7.064254e-06,121.0440,-29.0601,-160.8111,124.4835,IK_OK
G0035,R1,13.5000,54.0000,-30.0000,9.536743e-07,0.000000e+00,9.536743e-07,7.064254e-06,183.2917,44.0045,-105.8370,188.5000,IK_OK
G0035,R2,-13.5000,54.0000,-30.0000,-9.536743e-07,0.000000e+00,9.536743e-07,7.064254e-06,183.2917,-44.0045,-105.8370,188.5000,IK_OK
G0035,R3,13.5000,54.0000,-30.0000,9.536743e-07,0.000000e+00,9.536743e-07,7.064254e-06,183.2917,44.0045,-105.8370,188.5000,IK_OK
G0035,L1,-13.5000,54.0000,-30.0000,-9.536743e-07,0.000000e+00,9.536743e-07,7.064254e-06,183.2917,-44.0045,-105.8370,188.5000,IK_OK
G0035,L2,13.5000,54.0000,-30.0000,9.536743e-07,0.000000e+00,9.536743e-07,7.064254e-06,183.2917,44.0045,-105.8370,188.5000,IK_OK
G0035,L3,-13.5000,54.0000,-30.0000,-9.536743e-07,0.000000e+00,9.536743e-07,7.064254e-06,183.2917,-44.0045,-105.8370,188.5000,IK_OK
G0036,R1,13.5000,27.0000,-30.0000,9.536743e-07,0.000000e+00,9.536743e-07,7.064254e-06,214.4868,51.4937,-27.7919,220.5814,IK_OK
G0036,R2,-13.5000,0.0000,-30.0000,-9.536743e-07,0.000000e+00,9.536743e-07,7.064254e-06,207.8290,-49.8953,56.3116,213.7345,IK_OK
G0036,R3,13.5000,27.0000,-30.0000,9.536743e-07,0.000000e+00,9.536743e-07,7.064254e-06,214.4868,51.4937,-27.7919,220.5814,IK_OK
G0036,L1,13.5000,0.0000,-30.0000,9.536743e-07,0.000000e+00,9.536743e-07,7.064254e-06,207.8290,49.8953,56.3116,213.7345,IK_OK
G0036,L2,-13.5000,27.0000,-30.0000,-9.536743e-07,0.000000e+00,9.536743e-07,7.064254e-06,214.4868,-51.4937,-27.7919,220.5814,IK_OK
G0036,L3,13.5000,0.0000,-30.0000,9.536743e-07,0.000000e+00,9.536743e-07,7.064254e-06,207.8290,49.8953,56.3116,213.7345,IK_OK
G0037,R1,13.5000,0.0000,-30.0000,9.536743e-07,0.000000e+00,9.536743e-07,7.064254e-06,207.8290,49.8953,56.3116,213.7345,IK_OK
G0037,R2,-13.5000,0.0000,-30.0000,-9.536743e-07,0.000000e+00,9.536743e-07,7.064254e-06,207.8290,-49.8953,56.3116,213.7345,IK_OK
G0037,R3,13.5000,0.0000,-30.0000,9.536743e-07,0.000000e+00,9.536743e-07,7.064254e-06,207.8290,49.8953,56.3116,213.7345,IK_OK
G0037,L1,13.5000,0.0000,-30.0000,9.536743e-07,0.000000e+00,9.536743e-07,7.064254e-06,207.8290,49.8953,56.3116,213.7345,IK_OK
G0037,L2,-13.5000,0.0000,-30.0000,-9.536743e-07,0.000000e+00,9.536743e-07,7.064254e-06,207.8290,-49.8953,56.3116,213.7345,IK_OK
G0037,L3,13.5000,0.0000,-30.0000,9.536743e-07,0.000000e+00,9.536743e-07,7.064254e-06,207.8290,49.8953,56.3116,213.7345,IK_OK
G0038,R1,-13.5000,0.0000,-30.0000,-9.536743e-07,0.000000e+00,9.536743e-07,7.064254e-06,207.8290,-49.8953,56.3116,213.7345,IK_OK
G0038,R2,13.5000,27.0000,-30.0000,9.536743e-07,0.000000e+00,9.536743e-07,7.064254e-06,214.4868,51.4937,-27.7919,220.5814,IK_OK
G0038,R3,-13.5000,0.0000,-30.0000,-9.536743e-07,0.000000e+00,9.536743e-07,7.064254e-06,207.8290,-49.8953,56.3116,213.7345,IK_OK
G0038,L1,-13.5000,27.0000,-30.0000,-9.536743e-07,0.000000e+00,9.536743e-07,7.064254e-06,214.4868,-51.4937,-27.7919,220.5814,IK_OK
G0038,L2,13.5000,0.0000,-30.0000,9.536743e-07,0.000000e+00,9.536743e-07,7.064254e-06,207.8290,49.8953,56.3116,213.7345,IK_OK
G0038,L3,-13.5000,27.0000,-30.0000,-9.536743e-07,0.000000e+00,9.536743e-07,7.064254e-06,214.4868,-51.4937,-27.7919,220.5814,IK_OK
G0039,R1,-13.5000,0.0000,-30.0000,-9.536743e-07,0.000000e+00,9.536743e-07,7.064254e-06,207.8290,-49.8953,56.3116,213.7345,IK_OK
G0039,R2,13.5000,0.0000,-30.0000,9.536743e-07,0.000000e+00,9.536743e-07,7.064254e-06,207.8290,49.8953,56.3116,213.7345,IK_OK
G0039,R3,-13.5000,0.0000,-30.0000,-9.536743e-07,0.000000e+00,9.536743e-07,7.064254e-06,207.8290,-49.8953,56.3116,213.7345,IK_OK
G0039,L1,-13.5000,0.0000,-30.0000,-9.536743e-07,0.000000e+00,9.536743e-07,7.064254e-06,207.8290,-49.8953,56.3116,213.7345,IK_OK
G0039,L2,13.5000,0.0000,-30.0000,9.536743e-07,0.000000e+00,9.536743e-07,7.064254e-06,207.8290,49.8953,56.3116,213.7345,IK_OK
G0039,L3,-13.5000,0.0000,-30.0000,-9.536743e-07,0.000000e+00,9.536743e-07,7.064254e-06,207.8290,-49.8953,56.3116,213.7345,IK_OK
G0040,R1,-13.5000,27.0000,-30.0000,-9.536743e-07,0.000000e+00,9.536743e-07,7.064254e-06,214.4868,-51.4937,-27.7919,220.5814,IK_OK
G0040,R2,13.5000,0.0000,-30.0000,9.536743e-07,0.000000e+00,9.536743e-07,7.064254e-06,207.8290,49.8953,56.3116,213.7345,IK_OK
G0040,R3,-13.5000,27.0000,-30.0000,-9.536743e-07,0.000000e+00,9.536743e-07,7.064254e-06,214.4868,-51.4937,-27.7919,220.5814,IK_OK
G0040,L1,-13.5000,0.0000,-30.0000,-9.536743e-07,0.000000e+00,9.536743e-07,7.064254e-06,207.8290,-49.8953,56.3116,213.7345,IK_OK
G0040,L2,13.5000,27.0000,-30.0000,9.536743e-07,0.000000e+00,9.536743e-07,7.064254e-06,214.4868,51.4937,-27.7919,220.5814,IK_OK
G0040,L3,-13.5000,0.0000,-30.0000,-9.536743e-07,0.000000e+00,9.536743e-07,7.064254e-06,207.8290,-49.8953,56.3116,213.7345,IK_OK
G0041,R1,-13.5000,0.0000,-30.0000,-9.536743e-07,0.000000e+00,9.536743e-07,7.064254e-06,207.8290,-49.8953,56.3116,213.7345,IK_OK
G0041,R2,13.5000,0.0000,-30.0000,9.536743e-07,0.000000e+00,9.536743e-07,7.064254e-06,207.8290,49.8953,56.3116,213.7345,IK_OK
G0041,R3,-13.5000,0.0000,-30.0000,-9.536743e-07,0.000000e+00,9.536743e-07,7.064254e-06,207.8290,-49.8953,56.3116,213.7345,IK_OK
G0041,L1,-13.5000,0.0000,-30.0000,-9.536743e-07,0.000000e+00,9.536743e-07,7.064254e-06,207.8290,-49.8953,56.3116,213.7345,IK_OK
G0041,L2,13.5000,0.0000,-30.0000,9.536743e-07,0.000000e+00,9.536743e-07,7.064254e-06,207.8290,49.8953,56.3116,213.7345,IK_OK
G0041,L3,-13.5000,0.0000,-30.0000,-9.536743e-07,0.000000e+00,9.536743e-07,7.064254e-06,207.8290,-49.8953,56.3116,213.7345,IK_OK
G0042,R1,13.5000,0.0000,-30.0000,9.536743e-07,0.000000e+00,9.536743e-07,7.064254e-06,207.8290,49.8953,56.3116,213.7345,IK_OK
G0042,R2,-13.5000,27.0000,-30.0000,-9.536743e-07,0.000000e+00,9.536743e-07,7.064254e-06,214.4868,-51.4937,-27.7919,220.5814,IK_OK
G0042,R3,13.5000,0.0000,-30.0000,9.536743e-07,0.000000e+00,9.536743e-07,7.064254e-06,207.8290,49.8953,56.3116,213.7345,IK_OK
G0042,L1,13.5000,27.0000,-30.0000,9.536743e-07,0.000000e+00,9.536743e-07,7.064254e-06,214.4868,51.4937,-27.7919,220.5814,IK_OK
G0042,L2,-13.5000,0.0000,-30.0000,-9.536743e-07,0.000000e+00,9.536743e-07,7.064254e-06,207.8290,-49.8953,56.3116,213.7345,IK_OK
G0042,L3,13.5000,27.0000,-30.0000,9.536743e-07,0.000000e+00,9.536743e-07,7.064254e-06,214.4868,51.4937,-27.7919,220.5814,IK_OK
G0043,R1,13.5000,0.0000,-30.0000,9.536743e-07,0.000000e+00,9.536743e-07,7.064254e-06,207.8290,49.8953,56.3116,213.7345,IK_OK
G0043,R2,-13.5000,0.0000,-30.0000,-9.536743e-07,0.000000e+00,9.536743e-07,7.064254e-06,207.8290,-49.8953,56.3116,213.7345,IK_OK
G0043,R3,13.5000,0.0000,-30.0000,9.536743e-07,0.000000e+00,9.536743e-07,7.064254e-06,207.8290,49.8953,56.3116,213.7345,IK_OK
G0043,L1,13.5000,0.0000,-30.0000,9.536743e-07,0.000000e+00,9.536743e-07,7.064254e-06,207.8290,49.8953,56.3116,213.7345,IK_OK
G0043,L2,-13.5000,0.0000,-30.0000,-9.536743e-07,0.000000e+00,9.536743e-07,7.064254e-06,207.8290,-49.8953,56.3116,213.7345,IK_OK
G0043,L3,13.5000,0.0000,-30.0000,9.536743e-07,0.000000e+00,9.536743e-07,7.064254e-06,207.8290,49.8953,56.3116,213.7345,IK_OK
G0044,R1,13.5000,27.0000,-30.0000,9.536743e-07,0.000000e+00,9.536743e-07,7.064254e-06,214.4868,51.4937,-27.7919,220.5814,IK_OK
G0044,R2,-13.5000,0.0000,-30.0000,-9.536743e-07,0.000000e+00,9.536743e-07,7.064254e-06,207.8290,-49.8953,56.3116,213.7345,IK_OK
G0044,R3,13.5000,27.0000,-30.0000,9.536743e-07,0.000000e+00,9.536743e-07,7.064254e-06,214.4868,51.4937,-27.7919,220.5814,IK_OK
G0044,L1,-13.5000,0.0000,-30.0000,-9.536743e-07,0.000000e+00,9.536743e-07,7.064254e-06,207.8290,-49.8953,56.3116,213.7345,IK_OK
G0044,L2,13.5000,27.0000,-30.0000,9.536743e-07,0.000000e+00,9.536743e-07,7.064254e-06,214.4868,51.4937,-27.7919,220.5814,IK_OK
G0044,L3,-13.5000,0.0000,-30.0000,-9.536743e-07,0.000000e+00,9.536743e-07,7.064254e-06,207.8290,-49.8953,56.3116,213.7345,IK_OK
G0045,R1,13.5000,0.0000,-30.0000,9.536743e-07,0.000000e+00,9.536743e-07,7.064254e-06,207.8290,49.8953,56.3116,213.7345,IK_OK
G0045,R2,-13.5000,0.0000,-30.0000,-9.536743e-07,0.000000e+00,9.536743e-07,7.064254e-06,207.8290,-49.8953,56.3116,213.7345,IK_OK
G0045,R3,13.5000,0.0000,-30.0000,9.536743e-07,0.000000e+00,9.536743e-07,7.064254e-06,207.8290,49.8953,56.3116,213.7345,IK_OK
G0045,L1,-13.5000,0.0000,-30.0000,-9.536743e-07,0.000000e+00,9.536743e-07,7.064254e-06,207.8290,-49.8953,56.3116,213.7345,IK_OK
G0045,L2,13.5000,0.0000,-30.0000,9.536743e-07,0.000000e+00,9.536743e-07,7.064254e-06,207.8290,49.8953,56.3116,213.7345,IK_OK
G0045,L3,-13.5000,0.0000,-30.0000,-9.536743e-07,0.000000e+00,9.536743e-07,7.064254e-06,207.8290,-49.8953,56.3116,213.7345,IK_OK
G0046,R1,-13.5000,0.0000,-30.0000,-9.536743e-07,0.000000e+00,9.536743e-07,7.064254e-06,207.8290,-49.8953,56.3116,213.7345,IK_OK
G0046,R2,13.5000,27.0000,-30.0000,9.536743e-07,0.000000e+00,9.536743e-07,7.064254e-06,214.4868,51.4937,-27.7919,220.5814,IK_OK
G0046,R3,-13.5000,0.0000,-30.0000,-9.536743e-07,0.000000e+00,9.536743e-07,7.064254e-06,207.8290,-49.8953,56.3116,213.7345,IK_OK
G0046,L1,13.5000,27.0000,-30.0000,9.536743e-07,0.000000e+00,9.536743e-07,7.064254e-06,214.4868,51.4937,-27.7919,220.5814,IK_OK
G0046,L2,-13.5000,0.0000,-30.0000,-9.536743e-07,0.000000e+00,9.536743e-07,7.064254e-06,207.8290,-49.8953,56.3116,213.7345,IK_OK
G0046,L3,13.5000,27.0000,-30.0000,9.536743e-07,0.000000e+00,9.536743e-07,7.064254e-06,214.4868,51.4937,-27.7919,220.5814,IK_OK
G0047,R1,-13.5000,0.0000,-30.0000,-9.536743e-07,0.000000e+00,9.536743e-07,7.064254e-06,207.8290,-49.8953,56.3116,213.7345,IK_OK
G0047,R2,13.5000,0.0000,-30.0000,9.536743e-07,0.000000e+00,9.536743e-07,7.064254e-06,207.8290,49.8953,56.3116,213.7345,IK_OK
G0047,R3,-13.5000,0.0000,-30.0000,-9.536743e-07,0.000000e+00,9.536743e-07,7.064254e-06,207.8290,-49.8953,56.3116,213.7345,IK_OK
G0047,L1,13.5000,0.0000,-30.0000,9.536743e-07,0.000000e+00,9.536743e-07,7.064254e-06,207.8290,49.8953,56.3116,213.7345,IK_OK
G0047,L2,-13.5000,0.0000,-30.0000,-9.536743e-07,0.000000e+00,9.536743e-07,7.064254e-06,207.8290,-49.8953,56.3116,213.7345,IK_OK
G0047,L3,13.5000,0.0000,-30.0000,9.536743e-07,0.000000e+00,9.536743e-07,7.064254e-06,207.8290,49.8953,56.3116,213.7345,IK_OK
G0048,R1,-13.5000,27.0000,-30.0000,-9.536743e-07,0.000000e+00,9.536743e-07,7.064254e-06,214.4868,-51.4937,-27.7919,220.5814,IK_OK
G0048,R2,13.5000,0.0000,-30.0000,9.536743e-07,0.000000e+00,9.536743e-07,7.064254e-06,207.8290,49.8953,56.3116,213.7345,IK_OK
G0048,R3,-13.5000,27.0000,-30.0000,-9.536743e-07,0.000000e+00,9.536743e-07,7.064254e-06,214.4868,-51.4937,-27.7919,220.5814,IK_OK
G0048,L1,13.5000,0.0000,-30.0000,9.536743e-07,0.000000e+00,9.536743e-07,7.064254e-06,207.8290,49.8953,56.3116,213.7345,IK_OK
G0048,L2,-13.5000,27.0000,-30.0000,-9.536743e-07,0.000000e+00,9.536743e-07,7.064254e-06,214.4868,-51.4937,-27.7919,220.5814,IK_OK
G0048,L3,13.5000,0.0000,-30.0000,9.536743e-07,0.000000e+00,9.536743e-07,7.064254e-06,207.8290,49.8953,56.3116,213.7345,IK_OK
G0049,R1,-13.5000,0.0000,-30.0000,-9.536743e-07,0.000000e+00,9.536743e-07,7.064254e-06,207.8290,-49.8953,56.3116,213.7345,IK_OK
G0049,R2,13.5000,0.0000,-30.0000,9.536743e-07,0.000000e+00,9.536743e-07,7.064254e-06,207.8290,49.8953,56.3116,213.7345,IK_OK
G0049,R3,-13.5000,0.0000,-30.0000,-9.536743e-07,0.000000e+00,9.536743e-07,7.064254e-06,207.8290,-49.8953,56.3116,213.7345,IK_OK
G0049,L1,13.5000,0.0000,-30.0000,9.536743e-07,0.000000e+00,9.536743e-07,7.064254e-06,207.8290,49.8953,56.3116,213.7345,IK_OK
G0049,L2,-13.5000,0.0000,-30.0000,-9.536743e-07,0.000000e+00,9.536743e-07,7.064254e-06,207.8290,-49.8953,56.3116,213.7345,IK_OK
G0049,L3,13.5000,0.0000,-30.0000,9.536743e-07,0.000000e+00,9.536743e-07,7.064254e-06,207.8290,49.8953,56.3116,213.7345,IK_OK
G0050,R1,13.5000,0.0000,-30.0000,9.536743e-07,0.000000e+00,9.536743e-07,7.064254e-06,207.8290,49.8953,56.3116,213.7345,IK_OK
G0050,R2,-13.5000,27.0000,-30.0000,-9.536743e-07,0.000000e+00,9.536743e-07,7.064254e-06,214.4868,-51.4937,-27.7919,220.5814,IK_OK
G0050,R3,13.5000,0.0000,-30.0000,9.536743e-07,0.000000e+00,9.536743e-07,7.064254e-06,207.8290,49.8953,56.3116,213.7345,IK_OK
G0050,L1,-13.5000,27.0000,-30.0000,-9.536743e-07,0.000000e+00,9.536743e-07,7.064254e-06,214.4868,-51.4937,-27.7919,220.5814,IK_OK
G0050,L2,13.5000,0.0000,-30.0000,9.536743e-07,0.000000e+00,9.536743e-07,7.064254e-06,207.8290,49.8953,56.3116,213.7345,IK_OK
G0050,L3,-13.5000,27.0000,-30.0000,-9.536743e-07,0.000000e+00,9.536743e-07,7.064254e-06,214.4868,-51.4937,-27.7919,220.5814,IK_OK
G0051,R1,13.5000,0.0000,-30.0000,9.536743e-07,0.000000e+00,9.536743e-07,7.064254e-06,207.8290,49.8953,56.3116,213.7345,IK_OK
G0051,R2,-13.5000,0.0000,-30.0000,-9.536743e-07,0.000000e+00,9.536743e-07,7.064254e-06,207.8290,-49.8953,56.3116,213.7345,IK_OK
G0051,R3,13.5000,0.0000,-30.0000,9.536743e-07,0.000000e+00,9.536743e-07,7.064254e-06,207.8290,49.8953,56.3116,213.7345,IK_OK
G0051,L1,-13.5000,0.0000,-30.0000,-9.536743e-07,0.000000e+00,9.536743e-07,7.064254e-06,207.8290,-49.8953,56.3116,213.7345,IK_OK
G0051,L2,13.5000,0.0000,-30.0000,9.536743e-07,0.000000e+00,9.536743e-07,7.064254e-06,207.8290,49.8953,56.3116,213.7345,IK_OK
G0051,L3,-13.5000,0.0000,-30.0000,-9.536743e-07,0.000000e+00,9.536743e-07,7.064254e-06,207.8290,-49.8953,56.3116,213.7345,IK_OK
G0052,R1,13.5000,27.0000,-30.0000,9.536743e-07,0.000000e+00,9.536743e-07,7.064254e-06,214.4868,51.4937,-27.7919,220.5814,IK_OK
G0052,R2,-13.5000,0.0000,-30.0000,-9.536743e-07,0.000000e+00,9.536743e-07,7.064254e-06,207.8290,-49.8953,56.3116,213.7345,IK_OK
G0052,R3,13.5000,27.0000,-30.0000,9.536743e-07,0.000000e+00,9.536743e-07,7.064254e-06,214.4868,51.4937,-27.7919,220.5814,IK_OK
G0052,L1,13.5000,0.0000,-30.0000,9.536743e-07,0.000000e+00,9.536743e-07,7.064254e-06,207.8290,49.8953,56.3116,213.7345,IK_OK
G0052,L2,-13.5000,27.0000,-30.0000,-9.536743e-07,0.000000e+00,9.536743e-07,7.064254e-06,214.4868,-51.4937,-27.7919,220.5814,IK_OK
G0052,L3,13.5000,0.0000,-30.0000,9.536743e-07,0.000000e+00,9.536743e-07,7.064254e-06,207.8290,49.8953,56.3116,213.7345,IK_OK
G0053,R1,13.5000,0.0000,-30.0000,9.536743e-07,0.000000e+00,9.536743e-07,7.064254e-06,207.8290,49.8953,56.3116,213.7345,IK_OK
G0053,R2,-13.5000,0.0000,-30.0000,-9.536743e-07,0.000000e+00,9.536743e-07,7.064254e-06,207.8290,-49.8953,56.3116,213.7345,IK_OK
G0053,R3,13.5000,0.0000,-30.0000,9.536743e-07,0.000000e+00,9.536743e-07,7.064254e-06,207.8290,49.8953,56.3116,213.7345,IK_OK
G0053,L1,13.5000,0.0000,-30.0000,9.536743e-07,0.000000e+00,9.536743e-07,7.064254e-06,207.8290,49.8953,56.3116,213.7345,IK_OK
G0053,L2,-13.5000,0.0000,-30.0000,-9.536743e-07,0.000000e+00,9.536743e-07,7.064254e-06,207.8290,-49.8953,56.3116,213.7345,IK_OK
G0053,L3,13.5000,0.0000,-30.0000,9.536743e-07,0.000000e+00,9.536743e-07,7.064254e-06,207.8290,49.8953,56.3116,213.7345,IK_OK
G0054,R1,-13.5000,0.0000,-30.0000,-9.536743e-07,0.000000e+00,9.536743e-07,7.064254e-06,207.8290,-49.8953,56.3116,213.7345,IK_OK
G0054,R2,13.5000,27.0000,-30.0000,9.536743e-07,0.000000e+00,9.536743e-07,7.064254e-06,214.4868,51.4937,-27.7919,220.5814,IK_OK
G0054,R3,-13.5000,0.0000,-30.0000,-9.536743e-07,0.000000e+00,9.536743e-07,7.064254e-06,207.8290,-49.8953,56.3116,213.7345,IK_OK
G0054,L1,-13.5000,27.0000,-30.0000,-9.536743e-07,0.000000e+00,9.536743e-07,7.064254e-06,214.4868,-51.4937,-27.7919,220.5814,IK_OK
G0054,L2,13.5000,0.0000,-30.0000,9.536743e-07,0.000000e+00,9.536743e-07,7.064254e-06,207.8290,49.8953,56.3116,213.7345,IK_OK
G0054,L3,-13.5000,27.0000,-30.0000,-9.536743e-07,0.000000e+00,9.536743e-07,7.064254e-06,214.4868,-51.4937,-27.7919,220.5814,IK_OK
G0055,R1,-13.5000,0.0000,-30.0000,-9.536743e-07,0.000000e+00,9.536743e-07,7.064254e-06,207.8290,-49.8953,56.3116,213.7345,IK_OK
G0055,R2,13.5000,0.0000,-30.0000,9.536743e-07,0.000000e+00,9.536743e-07,7.064254e-06,207.8290,49.8953,56.3116,213.7345,IK_OK
G0055,R3,-13.5000,0.0000,-30.0000,-9.536743e-07,0.000000e+00,9.536743e-07,7.064254e-06,207.8290,-49.8953,56.3116,213.7345,IK_OK
G0055,L1,-13.5000,0.0000,-30.0000,-9.536743e-07,0.000000e+00,9.536743e-07,7.064254e-06,207.8290,-49.8953,56.3116,213.7345,IK_OK
G0055,L2,13.5000,0.0000,-30.0000,9.536743e-07,0.000000e+00,9.536743e-07,7.064254e-06,207.8290,49.8953,56.3116,213.7345,IK_OK
G0055,L3,-13.5000,0.0000,-30.0000,-9.536743e-07,0.000000e+00,9.536743e-07,7.064254e-06,207.8290,-49.8953,56.3116,213.7345,IK_OK
G0056,R1,-13.5000,27.0000,-30.0000,-9.536743e-07,0.000000e+00,9.536743e-07,7.064254e-06,214.4868,-51.4937,-27.7919,220.5814,IK_OK
G0056,R2,13.5000,0.0000,-30.0000,9.536743e-07,0.000000e+00,9.536743e-07,7.064254e-06,207.8290,49.8953,56.3116,213.7345,IK_OK
G0056,R3,-13.5000,27.0000,-30.0000,-9.536743e-07,0.000000e+00,9.536743e-07,7.064254e-06,214.4868,-51.4937,-27.7919,220.5814,IK_OK
G0056,L1,-13.5000,0.0000,-30.0000,-9.536743e-07,0.000000e+00,9.536743e-07,7.064254e-06,207.8290,-49.8953,56.3116,213.7345,IK_OK
G0056,L2,13.5000,27.0000,-30.0000,9.536743e-07,0.000000e+00,9.536743e-07,7.064254e-06,214.4868,51.4937,-27.7919,220.5814,IK_OK
G0056,L3,-13.5000,0.0000,-30.0000,-9.536743e-07,0.000000e+00,9.536743e-07,7.064254e-06,207.8290,-49.8953,56.3116,213.7345,IK_OK
G0057,R1,-13.5000,0.0000,-30.0000,-9.536743e-07,0.000000e+00,9.536743e-07,7.064254e-06,207.8290,-49.8953,56.3116,213.7345,IK_OK
G0057,R2,13.5000,0.0000,-30.0000,9.536743e-07,0.000000e+00,9.536743e-07,7.064254e-06,207.8290,49.8953,56.3116,213.7345,IK_OK
G0057,R3,-13.5000,0.0000,-30.0000,-9.536743e-07,0.000000e+00,9.536743e-07,7.064254e-06,207.8290,-49.8953,56.3116,213.7345,IK_OK
G0057,L1,-13.5000,0.0000,-30.0000,-9.536743e-07,0.000000e+00,9.536743e-07,7.064254e-06,207.8290,-49.8953,56.3116,213.7345,IK_OK
G0057,L2,13.5000,0.0000,-30.0000,9.536743e-07,0.000000e+00,9.536743e-07,7.064254e-06,207.8290,49.8953,56.3116,213.7345,IK_OK
G0057,L3,-13.5000,0.0000,-30.0000,-9.536743e-07,0.000000e+00,9.536743e-07,7.064254e-06,207.8290,-49.8953,56.3116,213.7345,IK_OK
G0058,R1,13.5000,0.0000,-30.0000,9.536743e-07,0.000000e+00,9.536743e-07,7.064254e-06,207.8290,49.8953,56.3116,213.7345,IK_OK
G0058,R2,-13.5000,27.0000,-30.0000,-9.536743e-07,0.000000e+00,9.536743e-07,7.064254e-06,214.4868,-51.4937,-27.7919,220.5814,IK_OK
G0058,R3,13.5000,0.0000,-30.0000,9.536743e-07,0.000000e+00,9.536743e-07,7.064254e-06,207.8290,49.8953,56.3116,213.7345,IK_OK
G0058,L1,13.5000,27.0000,-30.0000,9.536743e-07,0.000000e+00,9.536743e-07,7.064254e-06,214.4868,51.4937,-27.7919,220.5814,IK_OK
G0058,L2,-13.5000,0.0000,-30.0000,-9.536743e-07,0.000000e+00,9.536743e-07,7.064254e-06,207.8290,-49.8953,56.3116,213.7345,IK_OK
G0058,L3,13.5000,27.0000,-30.0000,9.536743e-07,0.000000e+00,9.536743e-07,7.064254e-06,214.4868,51.4937,-27.7919,220.5814,IK_OK
G0059,R1,13.5000,0.0000,-30.0000,9.536743e-07,0.000000e+00,9.536743e-07,7.064254e-06,207.8290,49.8953,56.3116,213.7345,IK_OK
G0059,R2,-13.5000,0.0000,-30.0000,-9.536743e-07,0.000000e+00,9.536743e-07,7.064254e-06,207.8290,-49.8953,56.3116,213.7345,IK_OK
G0059,R3,13.5000,0.0000,-30.0000,9.536743e-07,0.000000e+00,9.536743e-07,7.064254e-06,207.8290,49.8953,56.3116,213.7345,IK_OK
G0059,L1,13.5000,0.0000,-30.0000,9.536743e-07,0.000000e+00,9.536743e-07,7.064254e-06,207.8290,49.8953,56.3116,213.7345,IK_OK
G0059,L2,-13.5000,0.0000,-30.0000,-9.536743e-07,0.000000e+00,9.536743e-07,7.064254e-06,207.8290,-49.8953,56.3116,213.7345,IK_OK
G0059,L3,13.5000,0.0000,-30.0000,9.536743e-07,0.000000e+00,9.536743e-07,7.064254e-06,207.8290,49.8953,56.3116,213.7345,IK_OK
G0060,R1,13.5000,27.0000,-30.0000,9.536743e-07,0.000000e+00,9.536743e-07,7.064254e-06,214.4868,51.4937,-27.7919,220.5814,IK_OK
G0060,R2,-13.5000,0.0000,-30.0000,-9.536743e-07,0.000000e+00,9.536743e-07,7.064254e-06,207.8290,-49.8953,56.3116,213.7345,IK_OK
G0060,R3,13.5000,27.0000,-30.0000,9.536743e-07,0.000000e+00,9.536743e-07,7.064254e-06,214.4868,51.4937,-27.7919,220.5814,IK_OK
G0060,L1,-13.5000,0.0000,-30.0000,-9.536743e-07,0.000000e+00,9.536743e-07,7.064254e-06,207.8290,-49.8953,56.3116,213.7345,IK_OK
G0060,L2,13.5000,27.0000,-30.0000,9.536743e-07,0.000000e+00,9.536743e-07,7.064254e-06,214.4868,51.4937,-27.7919,220.5814,IK_OK
G0060,L3,-13.5000,0.0000,-30.0000,-9.536743e-07,0.000000e+00,9.536743e-07,7.064254e-06,207.8290,-49.8953,56.3116,213.7345,IK_OK
G0061,R1,13.5000,0.0000,-30.0000,9.536743e-07,0.000000e+00,9.536743e-07,7.064254e-06,207.8290,49.8953,56.3116,213.7345,IK_OK
G0061,R2,-13.5000,0.0000,-30.0000,-9.536743e-07,0.000000e+00,9.536743e-07,7.064254e-06,207.8290,-49.8953,56.3116,213.7345,IK_OK
G0061,R3,13.5000,0.0000,-30.0000,9.536743e-07,0.000000e+00,9.536743e-07,7.064254e-06,207.8290,49.8953,56.3116,213.7345,IK_OK
G0061,L1,-13.5000,0.0000,-30.0000,-9.536743e-07,0.000000e+00,9.536743e-07,7.064254e-06,207.8290,-49.8953,56.3116,213.7345,IK_OK
G0061,L2,13.5000,0.0000,-30.0000,9.536743e-07,0.000000e+00,9.536743e-07,7.064254e-06,207.8290,49.8953,56.3116,213.7345,IK_OK
G0061,L3,-13.5000,0.0000,-30.0000,-9.536743e-07,0.000000e+00,9.536743e-07,7.064254e-06,207.8290,-49.8953,56.3116,213.7345,IK_OK
G0062,R1,-13.5000,0.0000,-30.0000,-9.536743e-07,0.000000e+00,9.536743e-07,7.064254e-06,207.8290,-49.8953,56.3116,213.7345,IK_OK
G0062,R2,13.5000,27.0000,-30.0000,9.536743e-07,0.000000e+00,9.536743e-07,7.064254e-06,214.4868,51.4937,-27.7919,220.5814,IK_OK
G0062,R3,-13.5000,0.0000,-30.0000,-9.536743e-07,0.000000e+00,9.536743e-07,7.064254e-06,207.8290,-49.8953,56.3116,213.7345,IK_OK
G0062,L1,13.5000,27.0000,-30.0000,9.536743e-07,0.000000e+00,9.536743e-07,7.064254e-06,214.4868,51.4937,-27.7919,220.5814,IK_OK
G0062,L2,-13.5000,0.0000,-30.0000,-9.536743e-07,0.000000e+00,9.536743e-07,7.064254e-06,207.8290,-49.8953,56.3116,213.7345,IK_OK
G0062,L3,13.5000,27.0000,-30.0000,9.536743e-07,0.000000e+00,9.536743e-07,7.064254e-06,214.4868,51.4937,-27.7919,220.5814,IK_OK
G0063,R1,-13.5000,0.0000,-30.0000,-9.536743e-07,0.000000e+00,9.536743e-07,7.064254e-06,207.8290,-49.8953,56.3116,213.7345,IK_OK
G0063,R2,13.5000,0.0000,-30.0000,9.536743e-07,0.000000e+00,9.536743e-07,7.064254e-06,207.8290,49.8953,56.3116,213.7345,IK_OK
G0063,R3,-13.5000,0.0000,-30.0000,-9.536743e-07,0.000000e+00,9.536743e-07,7.064254e-06,207.8290,-49.8953,56.3116,213.7345,IK_OK
G0063,L1,13.5000,0.0000,-30.0000,9.536743e-07,0.000000e+00,9.536743e-07,7.064254e-06,207.8290,49.8953,56.3116,213.7345,IK_OK
G0063,L2,-13.5000,0.0000,-30.0000,-9.536743e-07,0.000000e+00,9.536743e-07,7.064254e-06,207.8290,-49.8953,56.3116,213.7345,IK_OK
G0063,L3,13.5000,0.0000,-30.0000,9.536743e-07,0.000000e+00,9.536743e-07,7.064254e-06,207.8290,49.8953,56.3116,213.7345,IK_OK
G0064,R1,-13.5000,27.0000,-30.0000,-9.536743e-07,0.000000e+00,9.536743e-07,7.064254e-06,214.4868,-51.4937,-27.7919,220.5814,IK_OK
G0064,R2,13.5000,0.0000,-30.0000,9.536743e-07,0.000000e+00,9.536743e-07,7.064254e-06,207.8290,49.8953,56.3116,213.7345,IK_OK
G0064,R3,-13.5000,27.0000,-30.0000,-9.536743e-07,0.000000e+00,9.536743e-07,7.064254e-06,214.4868,-51.4937,-27.7919,220.5814,IK_OK
G0064,L1,13.5000,0.0000,-30.0000,9.536743e-07,0.000000e+00,9.536743e-07,7.064254e-06,207.8290,49.8953,56.3116,213.7345,IK_OK
G0064,L2,-13.5000,27.0000,-30.0000,-9.536743e-07,0.000000e+00,9.536743e-07,7.064254e-06,214.4868,-51.4937,-27.7919,220.5814,IK_OK
G0064,L3,13.5000,0.0000,-30.0000,9.536743e-07,0.000000e+00,9.536743e-07,7.064254e-06,207.8290,49.8953,56.3116,213.7345,IK_OK
G0065,R1,-13.5000,0.0000,-30.0000,-9.536743e-07,0.000000e+00,9.536743e-07,7.064254e-06,207.8290,-49.8953,56.3116,213.7345,IK_OK
G0065,R2,13.5000,0.0000,-30.0000,9.536743e-07,0.000000e+00,9.536743e-07,7.064254e-06,207.8290,49.8953,56.3116,213.7345,IK_OK
G0065,R3,-13.5000,0.0000,-30.0000,-9.536743e-07,0.000000e+00,9.536743e-07,7.064254e-06,207.8290,-49.8953,56.3116,213.7345,IK_OK
G0065,L1,13.5000,0.0000,-30.0000,9.536743e-07,0.000000e+00,9.536743e-07,7.064254e-06,207.8290,49.8953,56.3116,213.7345,IK_OK
G0065,L2,-13.5000,0.0000,-30.0000,-9.536743e-07,0.000000e+00,9.536743e-07,7.064254e-06,207.8290,-49.8953,56.3116,213.7345,IK_OK
G0065,L3,13.5000,0.0000,-30.0000,9.536743e-07,0.000000e+00,9.536743e-07,7.064254e-06,207.8290,49.8953,56.3116,213.7345,IK_OK
G0066,R1,13.5000,0.0000,-30.0000,9.536743e-07,0.000000e+00,9.536743e-07,7.064254e-06,207.8290,49.8953,56.3116,213.7345,IK_OK
G0066,R2,-13.5000,27.0000,-30.0000,-9.536743e-07,0.000000e+00,9.536743e-07,7.064254e-06,214.4868,-51.4937,-27.7919,220.5814,IK_OK
G0066,R3,13.5000,0.0000,-30.0000,9.536743e-07,0.000000e+00,9.536743e-07,7.064254e-06,207.8290,49.8953,56.3116,213.7345,IK_OK
G0066,L1,-13.5000,27.0000,-30.0000,-9.536743e-07,0.000000e+00,9.536743e-07,7.064254e-06,214.4868,-51.4937,-27.7919,220.5814,IK_OK
G0066,L2,13.5000,0.0000,-30.0000,9.536743e-07,0.000000e+00,9.536743e-07,7.064254e-06,207.8290,49.8953,56.3116,213.7345,IK_OK
G0066,L3,-13.5000,27.0000,-30.0000,-9.536743e-07,0.000000e+00,9.536743e-07,7.064254e-06,214.4868,-51.4937,-27.7919,220.5814,IK_OK
G0067,R1,13.5000,0.0000,-30.0000,9.536743e-07,0.000000e+00,9.536743e-07,7.064254e-06,207.8290,49.8953,56.3116,213.7345,IK_OK
G0067,R2,-13.5000,0.0000,-30.0000,-9.536743e-07,0.000000e+00,9.536743e-07,7.064254e-06,207.8290,-49.8953,56.3116,213.7345,IK_OK
G0067,R3,13.5000,0.0000,-30.0000,9.536743e-07,0.000000e+00,9.536743e-07,7.064254e-06,207.8290,49.8953,56.3116,213.7345,IK_OK
G0067,L1,-13.5000,0.0000,-30.0000,-9.536743e-07,0.000000e+00,9.536743e-07,7.064254e-06,207.8290,-49.8953,56.3116,213.7345,IK_OK
G0067,L2,13.5000,0.0000,-30.0000,9.536743e-07,0.000000e+00,9.536743e-07,7.064254e-06,207.8290,49.8953,56.3116,213.7345,IK_OK
G0067,L3,-13.5000,0.0000,-30.0000,-9.536743e-07,0.000000e+00,9.536743e-07,7.064254e-06,207.8290,-49.8953,56.3116,213.7345,IK_OK
G0068,R1,13.5000,-20.2500,-30.0000,9.536743e-07,-1.907349e-06,1.907349e-06,1.412851e-05,178.5557,42.8674,112.2712,183.6294,IK_OK
G0068,R2,-13.5000,-47.2500,-30.0000,0.000000e+00,0.000000e+00,0.000000e+00,0.000000e+00,113.9838,-27.3651,164.3328,117.2226,IK_OK
G0068,R3,13.5000,-20.2500,-30.0000,9.536743e-07,-1.907349e-06,1.907349e-06,1.412851e-05,178.5557,42.8674,112.2712,183.6294,IK_OK
G0068,L1,13.5000,-47.2500,-30.0000,0.000000e+00,0.000000e+00,0.000000e+00,0.000000e+00,113.9838,27.3651,164.3328,117.2226,IK_OK
G0068,L2,-13.5000,-20.2500,-30.0000,-9.536743e-07,-1.907349e-06,1.907349e-06,1.412851e-05,178.5557,-42.8674,112.2712,183.6294,IK_OK
G0068,L3,13.5000,-47.2500,-30.0000,0.000000e+00,0.000000e+00,0.000000e+00,0.000000e+00,113.9838,27.3651,164.3328,117.2226,IK_OK
G0069,R1,13.5000,-47.2500,-30.0000,0.000000e+00,0.000000e+00,0.000000e+00,0.000000e+00,113.9838,27.3651,164.3328,117.2226,IK_OK
G0069,R2,-13.5000,-47.2500,-30.0000,0.000000e+00,0.000000e+00,0.000000e+00,0.000000e+00,113.9838,-27.3651,164.3328,117.2226,IK_OK
G0069,R3,13.5000,-47.2500,-30.0000,0.000000e+00,0.000000e+00,0.000000e+00,0.000000e+00,113.9838,27.3651,164.3328,117.2226,IK_OK
G0069,L1,13.5000,-47.2500,-30.0000,0.000000e+00,0.000000e+00,0.000000e+00,0.000000e+00,113.9838,27.3651,164.3328,117.2226,IK_OK
G0069,L2,-13.5000,-47.2500,-30.0000,0.000000e+00,0.000000e+00,0.000000e+00,0.000000e+00,113.9838,-27.3651,164.3328,117.2226,IK_OK
G0069,L3,13.5000,-47.2500,-30.0000,0.000000e+00,0.000000e+00,0.000000e+00,0.000000e+00,113.9838,27.3651,164.3328,117.2226,IK_OK
G0070,R1,-13.5000,-47.2500,-30.0000,0.000000e+00,0.000000e+00,0.000000e+00,0.000000e+00,113.9838,-27.3651,164.3328,117.2226,IK_OK
G0070,R2,13.5000,-20.2500,-30.0000,9.536743e-07,-1.907349e-06,1.907349e-06,1.412851e-05,178.5557,42.8674,112.2712,183.6294,IK_OK
G0070,R3,-13.5000,-47.2500,-30.0000,0.000000e+00,0.000000e+00,0.000000e+00,0.000000e+00,113.9838,-27.3651,164.3328,117.2226,IK_OK
G0070,L1,-13.5000,-20.2500,-30.0000,-9.536743e-07,-1.907349e-06,1.907349e-06,1.412851e-05,178.5557,-42.8674,112.2712,183.6294,IK_OK
G0070,L2,13.5000,-47.2500,-30.0000,0.000000e+00,0.000000e+00,0.000000e+00,0.000000e+00,113.9838,27.3651,164.3328,117.2226,IK_OK
G0070,L3,-13.5000,-20.2500,-30.0000,-9.536743e-07,-1.907349e-06,1.907349e-06,1.412851e-05,178.5557,-42.8674,112.2712,183.6294,IK_OK
G0071,R1,-13.5000,-47.2500,-30.0000,0.000000e+00,0.000000e+00,0.000000e+00,0.000000e+00,113.9838,-27.3651,164.3328,117.2226,IK_OK
G0071,R2,13.5000,-47.2500,-30.0000,0.000000e+00,0.000000e+00,0.000000e+00,0.000000e+00,113.9838,27.3651,164.3328,117.2226,IK_OK
G0071,R3,-13.5000,-47.2500,-30.0000,0.000000e+00,0.000000e+00,0.000000e+00,0.000000e+00,113.9838,-27.3651,164.3328,117.2226,IK_OK
G0071,L1,-13.5000,-47.2500,-30.0000,0.000000e+00,0.000000e+00,0.000000e+00,0.000000e+00,113.9838,-27.3651,164.3328,117.2226,IK_OK
G0071,L2,13.5000,-47.2500,-30.0000,0.000000e+00,0.000000e+00,0.000000e+00,0.000000e+00,113.9838,27.3651,164.3328,117.2226,IK_OK
G0071,L3,-13.5000,-47.2500,-30.0000,0.000000e+00,0.000000e+00,0.000000e+00,0.000000e+00,113.9838,-27.3651,164.3328,117.2226,IK_OK
G0072,R1,-13.5000,-20.2500,-30.0000,-9.536743e-07,-1.907349e-06,1.907349e-06,1.412851e-05,178.5557,-42.8674,112.2712,183.6294,IK_OK
G0072,R2,13.5000,-47.2500,-30.0000,0.000000e+00,0.000000e+00,0.000000e+00,0.000000e+00,113.9838,27.3651,164.3328,117.2226,IK_OK
G0072,R3,-13.5000,-20.2500,-30.0000,-9.536743e-07,-1.907349e-06,1.907349e-06,1.412851e-05,178.5557,-42.8674,112.2712,183.6294,IK_OK
G0072,L1,-13.5000,-47.2500,-30.0000,0.000000e+00,0.000000e+00,0.000000e+00,0.000000e+00,113.9838,-27.3651,164.3328,117.2226,IK_OK
G0072,L2,13.5000,-20.2500,-30.0000,9.536743e-07,-1.907349e-06,1.907349e-06,1.412851e-05,178.5557,42.8674,112.2712,183.6294,IK_OK
G0072,L3,-13.5000,-47.2500,-30.0000,0.000000e+00,0.000000e+00,0.000000e+00,0.000000e+00,113.9838,-27.3651,164.3328,117.2226,IK_OK
G0073,R1,-13.5000,-47.2500,-30.0000,0.000000e+00,0.000000e+00,0.000000e+00,0.000000e+00,113.9838,-27.3651,164.3328,117.2226,IK_OK
G0073,R2,13.5000,-47.2500,-30.0000,0.000000e+00,0.000000e+00,0.000000e+00,0.000000e+00,113.9838,27.3651,164.3328,117.2226,IK_OK
G0073,R3,-13.5000,-47.2500,-30.0000,0.000000e+00,0.000000e+00,0.000000e+00,0.000000e+00,113.9838,-27.3651,164.3328,117.2226,IK_OK
G0073,L1,-13.5000,-47.2500,-30.0000,0.000000e+00,0.000000e+00,0.000000e+00,0.000000e+00,113.9838,-27.3651,164.3328,117.2226,IK_OK
G0073,L2,13.5000,-47.2500,-30.0000,0.000000e+00,0.000000e+00,0.000000e+00,0.000000e+00,113.9838,27.3651,164.3328,117.2226,IK_OK
G0073,L3,-13.5000,-47.2500,-30.0000,0.000000e+00,0.000000e+00,0.000000e+00,0.000000e+00,113.9838,-27.3651,164.3328,117.2226,IK_OK
G0074,R1,13.5000,-47.2500,-30.0000,0.000000e+00,0.000000e+00,0.000000e+00,0.000000e+00,113.9838,27.3651,164.3328,117.2226,IK_OK
G0074,R2,-13.5000,-20.2500,-30.0000,-9.536743e-07,-1.907349e-06,1.907349e-06,1.412851e-05,178.5557,-42.8674,112.2712,183.6294,IK_OK
G0074,R3,13.5000,-47.2500,-30.0000,0.000000e+00,0.000000e+00,0.000000e+00,0.000000e+00,113.9838,27.3651,164.3328,117.2226,IK_OK
G0074,L1,13.5000,-20.2500,-30.0000,9.536743e-07,-1.907349e-06,1.907349e-06,1.412851e-05,178.5557,42.8674,112.2712,183.6294,IK_OK
G0074,L2,-13.5000,-47.2500,-30.0000,0.000000e+00,0.000000e+00,0.000000e+00,0.000000e+00,113.9838,-27.3651,164.3328,117.2226,IK_OK
G0074,L3,13.5000,-20.2500,-30.0000,9.536743e-07,-1.907349e-06,1.907349e-06,1.412851e-05,178.5557,42.8674,112.2712,183.6294,IK_OK
G0075,R1,13.5000,-47.2500,-30.0000,0.000000e+00,0.000000e+00,0.000000e+00,0.000000e+00,113.9838,27.3651,164.3328,117.2226,IK_OK
G0075,R2,-13.5000,-47.2500,-30.0000,0.000000e+00,0.000000e+00,0.000000e+00,0.000000e+00,113.9838,-27.3651,164.3328,117.2226,IK_OK
G0075,R3,13.5000,-47.2500,-30.0000,0.000000e+00,0.000000e+00,0.000000e+00,0.000000e+00,113.9838,27.3651,164.3328,117.2226,IK_OK
G0075,L1,13.5000,-47.2500,-30.0000,0.000000e+00,0.000000e+00,0.000000e+00,0.000000e+00,113.9838,27.3651,164.3328,117.2226,IK_OK
G0075,L2,-13.5000,-47.2500,-30.0000,0.000000e+00,0.000000e+00,0.000000e+00,0.000000e+00,113.9838,-27.3651,164.3328,117.2226,IK_OK
G0075,L3,13.5000,-47.2500,-30.0000,0.000000e+00,0.000000e+00,0.000000e+00,0.000000e+00,113.9838,27.3651,164.3328,117.2226,IK_OK
G0076,R1,13.5000,-20.2500,-30.0000,9.536743e-07,-1.907349e-06,1.907349e-06,1.412851e-05,178.5557,42.8674,112.2712,183.6294,IK_OK
G0076,R2,-13.5000,-47.2500,-30.0000,0.000000e+00,0.000000e+00,0.000000e+00,0.000000e+00,113.9838,-27.3651,164.3328,117.2226,IK_OK
G0076,R3,13.5000,-20.2500,-30.0000,9.536743e-07,-1.907349e-06,1.907349e-06,1.412851e-05,178.5557,42.8674,112.2712,183.6294,IK_OK
G0076,L1,-13.5000,-47.2500,-30.0000,0.000000e+00,0.000000e+00,0.000000e+00,0.000000e+00,113.9838,-27.3651,164.3328,117.2226,IK_OK
G0076,L2,13.5000,-20.2500,-30.0000,9.536743e-07,-1.907349e-06,1.907349e-06,1.412851e-05,178.5557,42.8674,112.2712,183.6294,IK_OK
G0076,L3,-13.5000,-47.2500,-30.0000,0.000000e+00,0.000000e+00,0.000000e+00,0.000000e+00,113.9838,-27.3651,164.3328,117.2226,IK_OK
G0077,R1,13.5000,-47.2500,-30.0000,0.000000e+00,0.000000e+00,0.000000e+00,0.000000e+00,113.9838,27.3651,164.3328,117.2226,IK_OK
G0077,R2,-13.5000,-47.2500,-30.0000,0.000000e+00,0.000000e+00,0.000000e+00,0.000000e+00,113.9838,-27.3651,164.3328,117.2226,IK_OK
G0077,R3,13.5000,-47.2500,-30.0000,0.000000e+00,0.000000e+00,0.000000e+00,0.000000e+00,113.9838,27.3651,164.3328,117.2226,IK_OK
G0077,L1,-13.5000,-47.2500,-30.0000,0.000000e+00,0.000000e+00,0.000000e+00,0.000000e+00,113.9838,-27.3651,164.3328,117.2226,IK_OK
G0077,L2,13.5000,-47.2500,-30.0000,0.000000e+00,0.000000e+00,0.000000e+00,0.000000e+00,113.9838,27.3651,164.3328,117.2226,IK_OK
G0077,L3,-13.5000,-47.2500,-30.0000,0.000000e+00,0.000000e+00,0.000000e+00,0.000000e+00,113.9838,-27.3651,164.3328,117.2226,IK_OK
G0078,R1,-13.5000,-47.2500,-30.0000,0.000000e+00,0.000000e+00,0.000000e+00,0.000000e+00,113.9838,-27.3651,164.3328,117.2226,IK_OK
G0078,R2,13.5000,-20.2500,-30.0000,9.536743e-07,-1.907349e-06,1.907349e-06,1.412851e-05,178.5557,42.8674,112.2712,183.6294,IK_OK
G0078,R3,-13.5000,-47.2500,-30.0000,0.000000e+00,0.000000e+00,0.000000e+00,0.000000e+00,113.9838,-27.3651,164.3328,117.2226,IK_OK
G0078,L1,13.5000,-20.2500,-30.0000,9.536743e-07,-1.907349e-06,1.907349e-06,1.412851e-05,178.5557,42.8674,112.2712,183.6294,IK_OK
G0078,L2,-13.5000,-47.2500,-30.0000,0.000000e+00,0.000000e+00,0.000000e+00,0.000000e+00,113.9838,-27.3651,164.3328,117.2226,IK_OK
G0078,L3,13.5000,-20.2500,-30.0000,9.536743e-07,-1.907349e-06,1.907349e-06,1.412851e-05,178.5557,42.8674,112.2712,183.6294,IK_OK
G0079,R1,-13.5000,-47.2500,-30.0000,0.000000e+00,0.000000e+00,0.000000e+00,0.000000e+00,113.9838,-27.3651,164.3328,117.2226,IK_OK
G0079,R2,13.5000,-47.2500,-30.0000,0.000000e+00,0.000000e+00,0.000000e+00,0.000000e+00,113.9838,27.3651,164.3328,117.2226,IK_OK
G0079,R3,-13.5000,-47.2500,-30.0000,0.000000e+00,0.000000e+00,0.000000e+00,0.000000e+00,113.9838,-27.3651,164.3328,117.2226,IK_OK
G0079,L1,13.5000,-47.2500,-30.0000,0.000000e+00,0.000000e+00,0.000000e+00,0.000000e+00,113.9838,27.3651,164.3328,117.2226,IK_OK
G0079,L2,-13.5000,-47.2500,-30.0000,0.000000e+00,0.000000e+00,0.000000e+00,0.000000e+00,113.9838,-27.3651,164.3328,117.2226,IK_OK
G0079,L3,13.5000,-47.2500,-30.0000,0.000000e+00,0.000000e+00,0.000000e+00,0.000000e+00,113.9838,27.3651,164.3328,117.2226,IK_OK
G0080,R1,-13.5000,-20.2500,-30.0000,-9.536743e-07,-1.907349e-06,1.907349e-06,1.412851e-05,178.5557,-42.8674,112.2712,183.6294,IK_OK
G0080,R2,13.5000,-47.2500,-30.0000,0.000000e+00,0.000000e+00,0.000000e+00,0.000000e+00,113.9838,27.3651,164.3328,117.2226,IK_OK
G0080,R3,-13.5000,-20.2500,-30.0000,-9.536743e-07,-1.907349e-06,1.907349e-06,1.412851e-05,178.5557,-42.8674,112.2712,183.6294,IK_OK
G0080,L1,13.5000,-47.2500,-30.0000,0.000000e+00,0.000000e+00,0.000000e+00,0.000000e+00,113.9838,27.3651,164.3328,117.2226,IK_OK
G0080,L2,-13.5000,-20.2500,-30.0000,-9.536743e-07,-1.907349e-06,1.907349e-06,1.412851e-05,178.5557,-42.8674,112.2712,183.6294,IK_OK
G0080,L3,13.5000,-47.2500,-30.0000,0.000000e+00,0.000000e+00,0.000000e+00,0.000000e+00,113.9838,27.3651,164.3328,117.2226,IK_OK
G0081,R1,-13.5000,-47.2500,-30.0000,0.000000e+00,0.000000e+00,0.000000e+00,0.000000e+00,113.9838,-27.3651,164.3328,117.2226,IK_OK
G0081,R2,13.5000,-47.2500,-30.0000,0.000000e+00,0.000000e+00,0.000000e+00,0.000000e+00,113.9838,27.3651,164.3328,117.2226,IK_OK
G0081,R3,-13.5000,-47.2500,-30.0000,0.000000e+00,0.000000e+00,0.000000e+00,0.000000e+00,113.9838,-27.3651,164.3328,117.2226,IK_OK
G0081,L1,13.5000,-47.2500,-30.0000,0.000000e+00,0.000000e+00,0.000000e+00,0.000000e+00,113.9838,27.3651,164.3328,117.2226,IK_OK
G0081,L2,-13.5000,-47.2500,-30.0000,0.000000e+00,0.000000e+00,0.000000e+00,0.000000e+00,113.9838,-27.3651,164.3328,117.2226,IK_OK
G0081,L3,13.5000,-47.2500,-30.0000,0.000000e+00,0.000000e+00,0.000000e+00,0.000000e+00,113.9838,27.3651,164.3328,117.2226,IK_OK
G0082,R1,13.5000,-47.2500,-30.0000,0.000000e+00,0.000000e+00,0.000000e+00,0.000000e+00,113.9838,27.3651,164.3328,117.2226,IK_OK
G0082,R2,-13.5000,-20.2500,-30.0000,-9.536743e-07,-1.907349e-06,1.907349e-06,1.412851e-05,178.5557,-42.8674,112.2712,183.6294,IK_OK
G0082,R3,13.5000,-47.2500,-30.0000,0.000000e+00,0.000000e+00,0.000000e+00,0.000000e+00,113.9838,27.3651,164.3328,117.2226,IK_OK
G0082,L1,-13.5000,-20.2500,-30.0000,-9.536743e-07,-1.907349e-06,1.907349e-06,1.412851e-05,178.5557,-42.8674,112.2712,183.6294,IK_OK
G0082,L2,13.5000,-47.2500,-30.0000,0.000000e+00,0.000000e+00,0.000000e+00,0.000000e+00,113.9838,27.3651,164.3328,117.2226,IK_OK
G0082,L3,-13.5000,-20.2500,-30.0000,-9.536743e-07,-1.907349e-06,1.907349e-06,1.412851e-05,178.5557,-42.8674,112.2712,183.6294,IK_OK
G0083,R1,13.5000,-47.2500,-30.0000,0.000000e+00,0.000000e+00,0.000000e+00,0.000000e+00,113.9838,27.3651,164.3328,117.2226,IK_OK
G0083,R2,-13.5000,-47.2500,-30.0000,0.000000e+00,0.000000e+00,0.000000e+00,0.000000e+00,113.9838,-27.3651,164.3328,117.2226,IK_OK
G0083,R3,13.5000,-47.2500,-30.0000,0.000000e+00,0.000000e+00,0.000000e+00,0.000000e+00,113.9838,27.3651,164.3328,117.2226,IK_OK
G0083,L1,-13.5000,-47.2500,-30.0000,0.000000e+00,0.000000e+00,0.000000e+00,0.000000e+00,113.9838,-27.3651,164.3328,117.2226,IK_OK
G0083,L2,13.5000,-47.2500,-30.0000,0.000000e+00,0.000000e+00,0.000000e+00,0.000000e+00,113.9838,27.3651,164.3328,117.2226,IK_OK
G0083,L3,-13.5000,-47.2500,-30.0000,0.000000e+00,0.000000e+00,0.000000e+00,0.000000e+00,113.9838,-27.3651,164.3328,117.2226,IK_OK
G0084,R1,13.5000,-20.2500,-30.0000,9.536743e-07,-1.907349e-06,1.907349e-06,1.412851e-05,178.5557,42.8674,112.2712,183.6294,IK_OK
G0084,R2,-13.5000,-47.2500,-30.0000,0.000000e+00,0.000000e+00,0.000000e+00,0.000000e+00,113.9838,-27.3651,164.3328,117.2226,IK_OK
G0084,R3,13.5000,-20.2500,-30.0000,9.536743e-07,-1.907349e-06,1.907349e-06,1.412851e-05,178.5557,42.8674,112.2712,183.6294,IK_OK
G0084,L1,13.5000,-47.2500,-30.0000,0.000000e+00,0.000000e+00,0.000000e+00,0.000000e+00,113.9838,27.3651,164.3328,117.2226,IK_OK
G0084,L2,-13.5000,-20.2500,-30.0000,-9.536743e-07,-1.907349e-06,1.907349e-06,1.412851e-05,178.5557,-42.8674,112.2712,183.6294,IK_OK
G0084,L3,13.5000,-47.2500,-30.0000,0.000000e+00,0.000000e+00,0.000000e+00,0.000000e+00,113.9838,27.3651,164.3328,117.2226,IK_OK
G0085,R1,13.5000,-47.2500,-30.0000,0.000000e+00,0.000000e+00,0.000000e+00,0.000000e+00,113.9838,27.3651,164.3328,117.2226,IK_OK
G0085,R2,-13.5000,-47.2500,-30.0000,0.000000e+00,0.000000e+00,0.000000e+00,0.000000e+00,113.9838,-27.3651,164.3328,117.2226,IK_OK
G0085,R3,13.5000,-47.2500,-30.0000,0.000000e+00,0.000000e+00,0.000000e+00,0.000000e+00,113.9838,27.3651,164.3328,117.2226,IK_OK
G0085,L1,13.5000,-47.2500,-30.0000,0.000000e+00,0.000000e+00,0.000000e+00,0.000000e+00,113.9838,27.3651,164.3328,117.2226,IK_OK
G0085,L2,-13.5000,-47.2500,-30.0000,0.000000e+00,0.000000e+00,0.000000e+00,0.000000e+00,113.9838,-27.3651,164.3328,117.2226,IK_OK
G0085,L3,13.5000,-47.2500,-30.0000,0.000000e+00,0.000000e+00,0.000000e+00,0.000000e+00,113.9838,27.3651,164.3328,117.2226,IK_OK
G0086,R1,-13.5000,-47.2500,-30.0000,0.000000e+00,0.000000e+00,0.000000e+00,0.000000e+00,113.9838,-27.3651,164.3328,117.2226,IK_OK
G0086,R2,13.5000,-20.2500,-30.0000,9.536743e-07,-1.907349e-06,1.907349e-06,1.412851e-05,178.5557,42.8674,112.2712,183.6294,IK_OK
G0086,R3,-13.5000,-47.2500,-30.0000,0.000000e+00,0.000000e+00,0.000000e+00,0.000000e+00,113.9838,-27.3651,164.3328,117.2226,IK_OK
G0086,L1,-13.5000,-20.2500,-30.0000,-9.536743e-07,-1.907349e-06,1.907349e-06,1.412851e-05,178.5557,-42.8674,112.2712,183.6294,IK_OK
G0086,L2,13.5000,-47.2500,-30.0000,0.000000e+00,0.000000e+00,0.000000e+00,0.000000e+00,113.9838,27.3651,164.3328,117.2226,IK_OK
G0086,L3,-13.5000,-20.2500,-30.0000,-9.536743e-07,-1.907349e-06,1.907349e-06,1.412851e-05,178.5557,-42.8674,112.2712,183.6294,IK_OK
G0087,R1,-13.5000,-47.2500,-30.0000,0.000000e+00,0.000000e+00,0.000000e+00,0.000000e+00,113.9838,-27.3651,164.3328,117.2226,IK_OK
G0087,R2,13.5000,-47.2500,-30.0000,0.000000e+00,0.000000e+00,0.000000e+00,0.000000e+00,113.9838,27.3651,164.3328,117.2226,IK_OK
G0087,R3,-13.5000,-47.2500,-30.0000,0.000000e+00,0.000000e+00,0.000000e+00,0.000000e+00,113.9838,-27.3651,164.3328,117.2226,IK_OK
G0087,L1,-13.5000,-47.2500,-30.0000,0.000000e+00,0.000000e+00,0.000000e+00,0.000000e+00,113.9838,-27.3651,164.3328,117.2226,IK_OK
G0087,L2,13.5000,-47.2500,-30.0000,0.000000e+00,0.000000e+00,0.000000e+00,0.000000e+00,113.9838,27.3651,164.3328,117.2226,IK_OK
G0087,L3,-13.5000,-47.2500,-30.0000,0.000000e+00,0.000000e+00,0.000000e+00,0.000000e+00,113.9838,-27.3651,164.3328,117.2226,IK_OK
G0088,R1,-13.5000,-20.2500,-30.0000,-9.536743e-07,-1.907349e-06,1.907349e-06,1.412851e-05,178.5557,-42.8674,112.2712,183.6294,IK_OK
G0088,R2,13.5000,-47.2500,-30.0000,0.000000e+00,0.000000e+00,0.000000e+00,0.000000e+00,113.9838,27.3651,164.3328,117.2226,IK_OK
G0088,R3,-13.5000,-20.2500,-30.0000,-9.536743e-07,-1.907349e-06,1.907349e-06,1.412851e-05,178.5557,-42.8674,112.2712,183.6294,IK_OK
G0088,L1,-13.5000,-47.2500,-30.0000,0.000000e+00,0.000000e+00,0.000000e+00,0.000000e+00,113.9838,-27.3651,164.3328,117.2226,IK_OK
G0088,L2,13.5000,-20.2500,-30.0000,9.536743e-07,-1.907349e-06,1.907349e-06,1.412851e-05,178.5557,42.8674,112.2712,183.6294,IK_OK
G0088,L3,-13.5000,-47.2500,-30.0000,0.000000e+00,0.000000e+00,0.000000e+00,0.000000e+00,113.9838,-27.3651,164.3328,117.2226,IK_OK
G0089,R1,-13.5000,-47.2500,-30.0000,0.000000e+00,0.000000e+00,0.000000e+00,0.000000e+00,113.9838,-27.3651,164.3328,117.2226,IK_OK
G0089,R2,13.5000,-47.2500,-30.0000,0.000000e+00,0.000000e+00,0.000000e+00,0.000000e+00,113.9838,27.3651,164.3328,117.2226,IK_OK
G0089,R3,-13.5000,-47.2500,-30.0000,0.000000e+00,0.000000e+00,0.000000e+00,0.000000e+00,113.9838,-27.3651,164.3328,117.2226,IK_OK
G0089,L1,-13.5000,-47.2500,-30.0000,0.000000e+00,0.000000e+00,0.000000e+00,0.000000e+00,113.9838,-27.3651,164.3328,117.2226,IK_OK
G0089,L2,13.5000,-47.2500,-30.0000,0.000000e+00,0.000000e+00,0.000000e+00,0.000000e+00,113.9838,27.3651,164.3328,117.2226,IK_OK
G0089,L3,-13.5000,-47.2500,-30.0000,0.000000e+00,0.000000e+00,0.000000e+00,0.000000e+00,113.9838,-27.3651,164.3328,117.2226,IK_OK
G0090,R1,13.5000,-47.2500,-30.0000,0.000000e+00,0.000000e+00,0.000000e+00,0.000000e+00,113.9838,27.3651,164.3328,117.2226,IK_OK
G0090,R2,-13.5000,-20.2500,-30.0000,-9.536743e-07,-1.907349e-06,1.907349e-06,1.412851e-05,178.5557,-42.8674,112.2712,183.6294,IK_OK
G0090,R3,13.5000,-47.2500,-30.0000,0.000000e+00,0.000000e+00,0.000000e+00,0.000000e+00,113.9838,27.3651,164.3328,117.2226,IK_OK
G0090,L1,13.5000,-20.2500,-30.0000,9.536743e-07,-1.907349e-06,1.907349e-06,1.412851e-05,178.5557,42.8674,112.2712,183.6294,IK_OK
G0090,L2,-13.5000,-47.2500,-30.0000,0.000000e+00,0.000000e+00,0.000000e+00,0.000000e+00,113.9838,-27.3651,164.3328,117.2226,IK_OK
G0090,L3,13.5000,-20.2500,-30.0000,9.536743e-07,-1.907349e-06,1.907349e-06,1.412851e-05,178.5557,42.8674,112.2712,183.6294,IK_OK
G0091,R1,13.5000,-47.2500,-30.0000,0.000000e+00,0.000000e+00,0.000000e+00,0.000000e+00,113.9838,27.3651,164.3328,117.2226,IK_OK
G0091,R2,-13.5000,-47.2500,-30.0000,0.000000e+00,0.000000e+00,0.000000e+00,0.000000e+00,113.9838,-27.3651,164.3328,117.2226,IK_OK
G0091,R3,13.5000,-47.2500,-30.0000,0.000000e+00,0.000000e+00,0.000000e+00,0.000000e+00,113.9838,27.3651,164.3328,117.2226,IK_OK
G0091,L1,13.5000,-47.2500,-30.0000,0.000000e+00,0.000000e+00,0.000000e+00,0.000000e+00,113.9838,27.3651,164.3328,117.2226,IK_OK
G0091,L2,-13.5000,-47.2500,-30.0000,0.000000e+00,0.000000e+00,0.000000e+00,0.000000e+00,113.9838,-27.3651,164.3328,117.2226,IK_OK
G0091,L3,13.5000,-47.2500,-30.0000,0.000000e+00,0.000000e+00,0.000000e+00,0.000000e+00,113.9838,27.3651,164.3328,117.2226,IK_OK
G0092,R1,13.5000,-20.2500,-30.0000,9.536743e-07,-1.907349e-06,1.907349e-06,1.412851e-05,178.5557,42.8674,112.2712,183.6294,IK_OK
G0092,R2,-13.5000,-47.2500,-30.0000,0.000000e+00,0.000000e+00,0.000000e+00,0.000000e+00,113.9838,-27.3651,164.3328,117.2226,IK_OK
G0092,R3,13.5000,-20.2500,-30.0000,9.536743e-07,-1.907349e-06,1.907349e-06,1.412851e-05,178.5557,42.8674,112.2712,183.6294,IK_OK
G0092,L1,-13.5000,-47.2500,-30.0000,0.000000e+00,0.000000e+00,0.000000e+00,0.000000e+00,113.9838,-27.3651,164.3328,117.2226,IK_OK
G0092,L2,13.5000,-20.2500,-30.0000,9.536743e-07,-1.907349e-06,1.907349e-06,1.412851e-05,178.5557,42.8674,112.2712,183.6294,IK_OK
G0092,L3,-13.5000,-47.2500,-30.0000,0.000000e+00,0.000000e+00,0.000000e+00,0.000000e+00,113.9838,-27.3651,164.3328,117.2226,IK_OK
G0093,R1,13.5000,-47.2500,-30.0000,0.000000e+00,0.000000e+00,0.000000e+00,0.000000e+00,113.9838,27.3651,164.3328,117.2226,IK_OK
G0093,R2,-13.5000,-47.2500,-30.0000,0.000000e+00,0.000000e+00,0.000000e+00,0.000000e+00,113.9838,-27.3651,164.3328,117.2226,IK_OK
G0093,R3,13.5000,-47.2500,-30.0000,0.000000e+00,0.000000e+00,0.000000e+00,0.000000e+00,113.9838,27.3651,164.3328,117.2226,IK_OK
G0093,L1,-13.5000,-47.2500,-30.0000,0.000000e+00,0.000000e+00,0.000000e+00,0.000000e+00,113.9838,-27.3651,164.3328,117.2226,IK_OK
G0093,L2,13.5000,-47.2500,-30.0000,0.000000e+00,0.000000e+00,0.000000e+00,0.000000e+00,113.9838,27.3651,164.3328,117.2226,IK_OK
G0093,L3,-13.5000,-47.2500,-30.0000,0.000000e+00,0.000000e+00,0.000000e+00,0.000000e+00,113.9838,-27.3651,164.3328,117.2226,IK_OK
G0094,R1,-13.5000,-47.2500,-30.0000,0.000000e+00,0.000000e+00,0.000000e+00,0.000000e+00,113.9838,-27.3651,164.3328,117.2226,IK_OK
G0094,R2,13.5000,-20.2500,-30.0000,9.536743e-07,-1.907349e-06,1.907349e-06,1.412851e-05,178.5557,42.8674,112.2712,183.6294,IK_OK
G0094,R3,-13.5000,-47.2500,-30.0000,0.000000e+00,0.000000e+00,0.000000e+00,0.000000e+00,113.9838,-27.3651,164.3328,117.2226,IK_OK
G0094,L1,13.5000,-20.2500,-30.0000,9.536743e-07,-1.907349e-06,1.907349e-06,1.412851e-05,178.5557,42.8674,112.2712,183.6294,IK_OK
G0094,L2,-13.5000,-47.2500,-30.0000,0.000000e+00,0.000000e+00,0.000000e+00,0.000000e+00,113.9838,-27.3651,164.3328,117.2226,IK_OK
G0094,L3,13.5000,-20.2500,-30.0000,9.536743e-07,-1.907349e-06,1.907349e-06,1.412851e-05,178.5557,42.8674,112.2712,183.6294,IK_OK
G0095,R1,-13.5000,-47.2500,-30.0000,0.000000e+00,0.000000e+00,0.000000e+00,0.000000e+00,113.9838,-27.3651,164.3328,117.2226,IK_OK
G0095,R2,13.5000,-47.2500,-30.0000,0.000000e+00,0.000000e+00,0.000000e+00,0.000000e+00,113.9838,27.3651,164.3328,117.2226,IK_OK
G0095,R3,-13.5000,-47.2500,-30.0000,0.000000e+00,0.000000e+00,0.000000e+00,0.000000e+00,113.9838,-27.3651,164.3328,117.2226,IK_OK
G0095,L1,13.5000,-47.2500,-30.0000,0.000000e+00,0.000000e+00,0.000000e+00,0.000000e+00,113.9838,27.3651,164.3328,117.2226,IK_OK
G0095,L2,-13.5000,-47.2500,-30.0000,0.000000e+00,0.000000e+00,0.000000e+00,0.000000e+00,113.9838,-27.3651,164.3328,117.2226,IK_OK
G0095,L3,13.5000,-47.2500,-30.0000,0.000000e+00,0.000000e+00,0.000000e+00,0.000000e+00,113.9838,27.3651,164.3328,117.2226,IK_OK
G0096,R1,-13.5000,-20.2500,-30.0000,-9.536743e-07,-1.907349e-06,1.907349e-06,1.412851e-05,178.5557,-42.8674,112.2712,183.6294,IK_OK
G0096,R2,13.5000,-47.2500,-30.0000,0.000000e+00,0.000000e+00,0.000000e+00,0.000000e+00,113.9838,27.3651,164.3328,117.2226,IK_OK
G0096,R3,-13.5000,-20.2500,-30.0000,-9.536743e-07,-1.907349e-06,1.907349e-06,1.412851e-05,178.5557,-42.8674,112.2712,183.6294,IK_OK
G0096,L1,13.5000,-47.2500,-30.0000,0.000000e+00,0.000000e+00,0.000000e+00,0.000000e+00,113.9838,27.3651,164.3328,117.2226,IK_OK
G0096,L2,-13.5000,-20.2500,-30.0000,-9.536743e-07,-1.907349e-06,1.907349e-06,1.412851e-05,178.5557,-42.8674,112.2712,183.6294,IK_OK
G0096,L3,13.5000,-47.2500,-30.0000,0.000000e+00,0.000000e+00,0.000000e+00,0.000000e+00,113.9838,27.3651,164.3328,117.2226,IK_OK
G0097,R1,-13.5000,-47.2500,-30.0000,0.000000e+00,0.000000e+00,0.000000e+00,0.000000e+00,113.9838,-27.3651,164.3328,117.2226,IK_OK
G0097,R2,13.5000,-47.2500,-30.0000,0.000000e+00,0.000000e+00,0.000000e+00,0.000000e+00,113.9838,27.3651,164.3328,117.2226,IK_OK
G0097,R3,-13.5000,-47.2500,-30.0000,0.000000e+00,0.000000e+00,0.000000e+00,0.000000e+00,113.9838,-27.3651,164.3328,117.2226,IK_OK
G0097,L1,13.5000,-47.2500,-30.0000,0.000000e+00,0.000000e+00,0.000000e+00,0.000000e+00,113.9838,27.3651,164.3328,117.2226,IK_OK
G0097,L2,-13.5000,-47.2500,-30.0000,0.000000e+00,0.000000e+00,0.000000e+00,0.000000e+00,113.9838,-27.3651,164.3328,117.2226,IK_OK
G0097,L3,13.5000,-47.2500,-30.0000,0.000000e+00,0.000000e+00,0.000000e+00,0.000000e+00,113.9838,27.3651,164.3328,117.2226,IK_OK
G0098,R1,13.5000,-47.2500,-30.0000,0.000000e+00,0.000000e+00,0.000000e+00,0.000000e+00,113.9838,27.3651,164.3328,117.2226,IK_OK
G0098,R2,-13.5000,-20.2500,-30.0000,-9.536743e-07,-1.907349e-06,1.907349e-06,1.412851e-05,178.5557,-42.8674,112.2712,183.6294,IK_OK
G0098,R3,13.5000,-47.2500,-30.0000,0.000000e+00,0.000000e+00,0.000000e+00,0.000000e+00,113.9838,27.3651,164.3328,117.2226,IK_OK
G0098,L1,-13.5000,-20.2500,-30.0000,-9.536743e-07,-1.907349e-06,1.907349e-06,1.412851e-05,178.5557,-42.8674,112.2712,183.6294,IK_OK
G0098,L2,13.5000,-47.2500,-30.0000,0.000000e+00,0.000000e+00,0.000000e+00,0.000000e+00,113.9838,27.3651,164.3328,117.2226,IK_OK
G0098,L3,-13.5000,-20.2500,-30.0000,-9.536743e-07,-1.907349e-06,1.907349e-06,1.412851e-05,178.5557,-42.8674,112.2712,183.6294,IK_OK
G0099,R1,13.5000,-47.2500,-30.0000,0.000000e+00,0.000000e+00,0.000000e+00,0.000000e+00,113.9838,27.3651,164.3328,117.2226,IK_OK
G0099,R2,-13.5000,-47.2500,-30.0000,0.000000e+00,0.000000e+00,0.000000e+00,0.000000e+00,113.9838,-27.3651,164.3328,117.2226,IK_OK
G0099,R3,13.5000,-47.2500,-30.0000,0.000000e+00,0.000000e+00,0.000000e+00,0.000000e+00,113.9838,27.3651,164.3328,117.2226,IK_OK
G0099,L1,-13.5000,-47.2500,-30.0000,0.000000e+00,0.000000e+00,0.000000e+00,0.000000e+00,113.9838,-27.3651,164.3328,117.2226,IK_OK
G0099,L2,13.5000,-47.2500,-30.0000,0.000000e+00,0.000000e+00,0.000000e+00,0.000000e+00,113.9838,27.3651,164.3328,117.2226,IK_OK
G0099,L3,-13.5000,-47.2500,-30.0000,0.000000e+00,0.000000e+00,0.000000e+00,0.000000e+00,113.9838,-27.3651,164.3328,117.2226,IK_OK
G0116,R1,-47.2500,0.0000,-30.0000,0.000000e+00,0.000000e+00,0.000000e+00,0.000000e+00,145.0831,-156.9500,56.3116,213.7345,IK_OK
G0116,R2,0.0000,0.0000,-30.0000,0.000000e+00,0.000000e+00,0.000000e+00,0.000000e+00,213.7345,0.0000,56.3116,213.7345,IK_OK
G0116,R3,47.2500,0.0000,-30.0000,0.000000e+00,0.000000e+00,0.000000e+00,0.000000e+00,145.0831,156.9500,56.3116,213.7345,IK_OK
G0116,L1,47.2500,0.0000,-30.0000,0.000000e+00,0.000000e+00,0.000000e+00,0.000000e+00,145.0831,156.9500,56.3116,213.7345,IK_OK
G0116,L2,0.0000,0.0000,-30.0000,0.000000e+00,0.000000e+00,0.000000e+00,0.000000e+00,213.7345,0.0000,56.3116,213.7345,IK_OK
G0116,L3,-47.2500,0.0000,-30.0000,0.000000e+00,0.000000e+00,0.000000e+00,0.000000e+00,145.0831,-156.9500,56.3116,213.7345,IK_OK
G0118,R1,0.0000,0.0000,-30.0000,0.000000e+00,0.000000e+00,0.000000e+00,0.000000e+00,213.7345,0.0000,56.3116,213.7345,IK_OK
G0118,R2,0.0000,0.0000,-30.0000,0.000000e+00,0.000000e+00,0.000000e+00,0.000000e+00,213.7345,0.0000,56.3116,213.7345,IK_OK
G0118,R3,0.0000,0.0000,-30.0000,0.000000e+00,0.000000e+00,0.000000e+00,0.000000e+00,213.7345,0.0000,56.3116,213.7345,IK_OK
G0118,L1,0.0000,0.0000,-30.0000,0.000000e+00,0.000000e+00,0.000000e+00,0.000000e+00,213.7345,0.0000,56.3116,213.7345,IK_OK
G0118,L2,0.0000,0.0000,-30.0000,0.000000e+00,0.000000e+00,0.000000e+00,0.000000e+00,213.7345,0.0000,56.3116,213.7345,IK_OK
G0118,L3,0.0000,0.0000,-30.0000,0.000000e+00,0.000000e+00,0.000000e+00,0.000000e+00,213.7345,0.0000,56.3116,213.7345,IK_OK
G0119,R1,0.0000,81.0000,-30.0000,0.000000e+00,0.000000e+00,0.000000e+00,0.000000e+00,124.4835,0.0000,-160.8111,124.4835,IK_OK
G0119,R2,0.0000,81.0000,-30.0000,0.000000e+00,0.000000e+00,0.000000e+00,0.000000e+00,124.4835,0.0000,-160.8111,124.4835,IK_OK
G0119,R3,0.0000,81.0000,-30.0000,0.000000e+00,0.000000e+00,0.000000e+00,0.000000e+00,124.4835,0.0000,-160.8111,124.4835,IK_OK
G0119,L1,0.0000,81.0000,-30.0000,0.000000e+00,0.000000e+00,0.000000e+00,0.000000e+00,124.4835,0.0000,-160.8111,124.4835,IK_OK
G0119,L2,0.0000,81.0000,-30.0000,0.000000e+00,0.000000e+00,0.000000e+00,0.000000e+00,124.4835,0.0000,-160.8111,124.4835,IK_OK
G0119,L3,0.0000,81.0000,-30.0000,0.000000e+00,0.000000e+00,0.000000e+00,0.000000e+00,124.4835,0.0000,-160.8111,124.4835,IK_OK
G0120,R1,-13.5000,40.5000,-30.0000,-9.536743e-07,0.000000e+00,9.536743e-07,7.064254e-06,203.3802,-48.8273,-68.7130,209.1593,IK_OK
G0120,R2,-13.5000,40.5000,-30.0000,-9.536743e-07,0.000000e+00,9.536743e-07,7.064254e-06,203.3802,-48.8273,-68.7130,209.1593,IK_OK
G0120,R3,-13.5000,40.5000,-30.0000,-9.536743e-07,0.000000e+00,9.536743e-07,7.064254e-06,203.3802,-48.8273,-68.7130,209.1593,IK_OK
G0120,L1,-13.5000,40.5000,-30.0000,-9.536743e-07,0.000000e+00,9.536743e-07,7.064254e-06,203.3802,-48.8273,-68.7130,209.1593,IK_OK
G0120,L2,-13.5000,40.5000,-30.0000,-9.536743e-07,0.000000e+00,9.536743e-07,7.064254e-06,203.3802,-48.8273,-68.7130,209.1593,IK_OK
G0120,L3,-13.5000,40.5000,-30.0000,-9.536743e-07,0.000000e+00,9.536743e-07,7.064254e-06,203.3802,-48.8273,-68.7130,209.1593,IK_OK
G0121,R1,13.5000,40.5000,-30.0000,9.536743e-07,0.000000e+00,9.536743e-07,7.064254e-06,203.3802,48.8273,-68.7130,209.1593,IK_OK
G0121,R2,13.5000,40.5000,-30.0000,9.536743e-07,0.000000e+00,9.536743e-07,7.064254e-06,203.3802,48.8273,-68.7130,209.1593,IK_OK
G0121,R3,13.5000,40.5000,-30.0000,9.536743e-07,0.000000e+00,9.536743e-07,7.064254e-06,203.3802,48.8273,-68.7130,209.1593,IK_OK
G0121,L1,13.5000,40.5000,-30.0000,9.536743e-07,0.000000e+00,9.536743e-07,7.064254e-06,203.3802,48.8273,-68.7130,209.1593,IK_OK
G0121,L2,13.5000,40.5000,-30.0000,9.536743e-07,0.000000e+00,9.536743e-07,7.064254e-06,203.3802,48.8273,-68.7130,209.1593,IK_OK
G0121,L3,13.5000,40.5000,-30.0000,9.536743e-07,0.000000e+00,9.536743e-07,7.064254e-06,203.3802,48.8273,-68.7130,209.1593,IK_OK
G0122,R1,0.0000,40.5000,-30.0000,0.000000e+00,0.000000e+00,0.000000e+00,0.000000e+00,209.1593,0.0000,-68.7130,209.1593,IK_OK
G0122,R2,0.0000,40.5000,-30.0000,0.000000e+00,0.000000e+00,0.000000e+00,0.000000e+00,209.1593,0.0000,-68.7130,209.1593,IK_OK
G0122,R3,0.0000,40.5000,-30.0000,0.000000e+00,0.000000e+00,0.000000e+00,0.000000e+00,209.1593,0.0000,-68.7130,209.1593,IK_OK
G0122,L1,0.0000,40.5000,-30.0000,0.000000e+00,0.000000e+00,0.000000e+00,0.000000e+00,209.1593,0.0000,-68.7130,209.1593,IK_OK
G0122,L2,0.0000,40.5000,-30.0000,0.000000e+00,0.000000e+00,0.000000e+00,0.000000e+00,209.1593,0.0000,-68.7130,209.1593,IK_OK
G0122,L3,0.0000,40.5000,-30.0000,0.000000e+00,0.000000e+00,0.000000e+00,0.000000e+00,209.1593,0.0000,-68.7130,209.1593,IK_OK
G0141,R1,13.5000,67.5000,-30.0000,9.536743e-07,0.000000e+00,9.536743e-07,7.064254e-06,155.3313,37.2917,-137.1125,159.7450,IK_OK
G0141,R2,54.0000,27.0000,-30.0000,0.000000e+00,0.000000e+00,0.000000e+00,0.000000e+00,129.6545,178.4541,-27.7919,220.5814,IK_OK
G0141,R3,0.0000,47.2500,-30.0000,0.000000e+00,0.000000e+00,0.000000e+00,0.000000e+00,199.9243,0.0000,-87.8842,199.9243,IK_OK
G0141,L1,-13.5000,67.5000,-30.0000,-9.536743e-07,0.000000e+00,9.536743e-07,7.064254e-06,155.3313,-37.2917,-137.1125,159.7450,IK_OK
G0141,L2,-54.0000,27.0000,-30.0000,0.000000e+00,0.000000e+00,0.000000e+00,0.000000e+00,129.6545,-178.4541,-27.7919,220.5814,IK_OK
G0141,L3,0.0000,47.2500,-30.0000,0.000000e+00,0.000000e+00,0.000000e+00,0.000000e+00,199.9243,0.0000,-87.8842,199.9243,IK_OK
G0142,R1,0.0000,40.5000,-30.0000,0.000000e+00,0.000000e+00,0.000000e+00,0.000000e+00,209.1593,0.0000,-68.7130,209.1593,IK_OK
G0142,R2,0.0000,40.5000,-30.0000,0.000000e+00,0.000000e+00,0.000000e+00,0.000000e+00,209.1593,0.0000,-68.7130,209.1593,IK_OK
G0142,R3,0.0000,40.5000,-30.0000,0.000000e+00,0.000000e+00,0.000000e+00,0.000000e+00,209.1593,0.0000,-68.7130,209.1593,IK_OK
G0142,L1,0.0000,40.5000,-30.0000,0.000000e+00,0.000000e+00,0.000000e+00,0.000000e+00,209.1593,0.0000,-68.7130,209.1593,IK_OK
G0142,L2,0.0000,40.5000,-30.0000,0.000000e+00,0.000000e+00,0.000000e+00,0.000000e+00,209.1593,0.0000,-68.7130,209.1593,IK_OK
G0142,L3,0.0000,40.5000,-30.0000,0.000000e+00,0.000000e+00,0.000000e+00,0.000000e+00,209.1593,0.0000,-68.7130,209.1593,IK_OK
G0143,R1,0.0000,54.0000,-30.0000,0.000000e+00,0.000000e+00,0.000000e+00,0.000000e+00,188.5000,0.0000,-105.8370,188.5000,IK_OK
G0143,R2,0.0000,54.0000,-30.0000,0.000000e+00,0.000000e+00,0.000000e+00,0.000000e+00,188.5000,0.0000,-105.8370,188.5000,IK_OK
G0143,R3,0.0000,54.0000,-30.0000,0.000000e+00,0.000000e+00,0.000000e+00,0.000000e+00,188.5000,0.0000,-105.8370,188.5000,IK_OK
G0143,L1,0.0000,54.0000,-30.0000,0.000000e+00,0.000000e+00,0.000000e+00,0.000000e+00,188.5000,0.0000,-105.8370,188.5000,IK_OK
G0143,L2,0.0000,54.0000,-30.0000,0.000000e+00,0.000000e+00,0.000000e+00,0.000000e+00,188.5000,0.0000,-105.8370,188.5000,IK_OK
G0143,L3,0.0000,54.0000,-30.0000,0.000000e+00,0.000000e+00,0.000000e+00,0.000000e+00,188.5000,0.0000,-105.8370,188.5000,IK_OK
G0157,R1,0.0000,54.0000,-30.0000,0.000000e+00,0.000000e+00,0.000000e+00,0.000000e+00,188.5000,0.0000,-105.8370,188.5000,IK_OK
G0157,R2,0.0000,54.0000,-30.0000,0.000000e+00,0.000000e+00,0.000000e+00,0.000000e+00,188.5000,0.0000,-105.8370,188.5000,IK_OK
G0157,R3,0.0000,54.0000,-30.0000,0.000000e+00,0.000000e+00,0.000000e+00,0.000000e+00,188.5000,0.0000,-105.8370,188.5000,IK_OK
G0157,L1,0.0000,54.0000,-30.0000,0.000000e+00,0.000000e+00,0.000000e+00,0.000000e+00,188.5000,0.0000,-105.8370,188.5000,IK_OK
G0157,L2,0.0000,54.0000,-30.0000,0.000000e+00,0.000000e+00,0.000000e+00,0.000000e+00,188.5000,0.0000,-105.8370,188.5000,IK_OK
G0157,L3,0.0000,54.0000,-30.0000,0.000000e+00,0.000000e+00,0.000000e+00,0.000000e+00,188.5000,0.0000,-105.8370,188.5000,IK_OK
G0158,R1,0.0000,81.0000,-30.0000,0.000000e+00,0.000000e+00,0.000000e+00,0.000000e+00,124.4835,0.0000,-160.8111,124.4835,IK_OK
G0158,R2,0.0000,81.0000,-30.0000,0.000000e+00,0.000000e+00,0.000000e+00,0.000000e+00,124.4835,0.0000,-160.8111,124.4835,IK_OK
G0158,R3,0.0000,81.0000,-30.0000,0.000000e+00,0.000000e+00,0.000000e+00,0.000000e+00,124.4835,0.0000,-160.8111,124.4835,IK_OK
G0158,L1,0.0000,81.0000,-30.0000,0.000000e+00,0.000000e+00,0.000000e+00,0.000000e+00,124.4835,0.0000,-160.8111,124.4835,IK_OK
G0158,L2,0.0000,81.0000,-30.0000,0.000000e+00,0.000000e+00,0.000000e+00,0.000000e+00,124.4835,0.0000,-160.8111,124.4835,IK_OK
G0158,L3,0.0000,81.0000,-30.0000,0.000000e+00,0.000000e+00,0.000000e+00,0.000000e+00,124.4835,0.0000,-160.8111,124.4835,IK_OK
G0159,R1,0.0000,94.5000,-30.0000,0.000000e+00,0.000000e+00,0.000000e+00,0.000000e+00,84.6638,0.0000,-175.6232,84.6638,IK_OK
G0159,R2,0.0000,94.5000,-30.0000,0.000000e+00,0.000000e+00,0.000000e+00,0.000000e+00,84.6638,0.0000,-175.6232,84.6638,IK_OK
G0159,R3,0.0000,94.5000,-30.0000,0.000000e+00,0.000000e+00,0.000000e+00,0.000000e+00,84.6638,0.0000,-175.6232,84.6638,IK_OK
G0159,L1,0.0000,94.5000,-30.0000,0.000000e+00,0.000000e+00,0.000000e+00,0.000000e+00,84.6638,0.0000,-175.6232,84.6638,IK_OK
G0159,L2,0.0000,94.5000,-30.0000,0.000000e+00,0.000000e+00,0.000000e+00,0.000000e+00,84.6638,0.0000,-175.6232,84.6638,IK_OK
G0159,L3,0.0000,94.5000,-30.0000,0.000000e+00,0.000000e+00,0.000000e+00,0.000000e+00,84.6638,0.0000,-175.6232,84.6638,IK_OK
G0160,R1,0.0000,81.0000,-30.0000,0.000000e+00,0.000000e+00,0.000000e+00,0.000000e+00,124.4835,0.0000,-160.8111,124.4835,IK_OK
G0160,R2,0.0000,81.0000,-30.0000,0.000000e+00,0.000000e+00,0.000000e+00,0.000000e+00,124.4835,0.0000,-160.8111,124.4835,IK_OK
G0160,R3,0.0000,81.0000,-30.0000,0.000000e+00,0.000000e+00,0.000000e+00,0.000000e+00,124.4835,0.0000,-160.8111,124.4835,IK_OK
G0160,L1,0.0000,81.0000,-30.0000,0.000000e+00,0.000000e+00,0.000000e+00,0.000000e+00,124.4835,0.0000,-160.8111,124.4835,IK_OK
G0160,L2,0.0000,81.0000,-30.0000,0.000000e+00,0.000000e+00,0.000000e+00,0.000000e+00,124.4835,0.0000,-160.8111,124.4835,IK_OK
G0160,L3,0.0000,81.0000,-30.0000,0.000000e+00,0.000000e+00,0.000000e+00,0.000000e+00,124.4835,0.0000,-160.8111,124.4835,IK_OK
G0161,R1,0.0000,94.5000,-30.0000,0.000000e+00,0.000000e+00,0.000000e+00,0.000000e+00,84.6638,0.0000,-175.6232,84.6638,IK_OK
G0161,R2,0.0000,94.5000,-30.0000,0.000000e+00,0.000000e+00,0.000000e+00,0.000000e+00,84.6638,0.0000,-175.6232,84.6638,IK_OK
G0161,R3,0.0000,94.5000,-30.0000,0.000000e+00,0.000000e+00,0.000000e+00,0.000000e+00,84.6638,0.0000,-175.6232,84.6638,IK_OK
G0161,L1,0.0000,94.5000,-30.0000,0.000000e+00,0.000000e+00,0.000000e+00,0.000000e+00,84.6638,0.0000,-175.6232,84.6638,IK_OK
G0161,L2,0.0000,94.5000,-30.0000,0.000000e+00,0.000000e+00,0.000000e+00,0.000000e+00,84.6638,0.0000,-175.6232,84.6638,IK_OK
G0161,L3,0.0000,94.5000,-30.0000,0.000000e+00,0.000000e+00,0.000000e+00,0.000000e+00,84.6638,0.0000,-175.6232,84.6638,IK_OK
G0162,R1,0.0000,81.0000,-30.0000,0.000000e+00,0.000000e+00,0.000000e+00,0.000000e+00,124.4835,0.0000,-160.8111,124.4835,IK_OK
G0162,R2,0.0000,81.0000,-30.0000,0.000000e+00,0.000000e+00,0.000000e+00,0.000000e+00,124.4835,0.0000,-160.8111,124.4835,IK_OK
G0162,R3,0.0000,81.0000,-30.0000,0.000000e+00,0.000000e+00,0.000000e+00,0.000000e+00,124.4835,0.0000,-160.8111,124.4835,IK_OK
G0162,L1,0.0000,81.0000,-30.0000,0.000000e+00,0.000000e+00,0.000000e+00,0.000000e+00,124.4835,0.0000,-160.8111,124.4835,IK_OK
G0162,L2,0.0000,81.0000,-30.0000,0.000000e+00,0.000000e+00,0.000000e+00,0.000000e+00,124.4835,0.0000,-160.8111,124.4835,IK_OK
G0162,L3,0.0000,81.0000,-30.0000,0.000000e+00,0.000000e+00,0.000000e+00,0.000000e+00,124.4835,0.0000,-160.8111,124.4835,IK_OK
G0163,R1,0.0000,94.5000,-30.0000,0.000000e+00,0.000000e+00,0.000000e+00,0.000000e+00,84.6638,0.0000,-175.6232,84.6638,IK_OK
G0163,R2,0.0000,94.5000,-30.0000,0.000000e+00,0.000000e+00,0.000000e+00,0.000000e+00,84.6638,0.0000,-175.6232,84.6638,IK_OK
G0163,R3,0.0000,94.5000,-30.0000,0.000000e+00,0.000000e+00,0.000000e+00,0.000000e+00,84.6638,0.0000,-175.6232,84.6638,IK_OK
G0163,L1,0.0000,94.5000,-30.0000,0.000000e+00,0.000000e+00,0.000000e+00,0.000000e+00,84.6638,0.0000,-175.6232,84.6638,IK_OK
G0163,L2,0.0000,94.5000,-30.0000,0.000000e+00,0.000000e+00,0.000000e+00,0.000000e+00,84.6638,0.0000,-175.6232,84.6638,IK_OK
G0163,L3,0.0000,94.5000,-30.0000,0.000000e+00,0.000000e+00,0.000000e+00,0.000000e+00,84.6638,0.0000,-175.6232,84.6638,IK_OK
G0164,R1,0.0000,81.0000,-30.0000,0.000000e+00,0.000000e+00,0.000000e+00,0.000000e+00,124.4835,0.0000,-160.8111,124.4835,IK_OK
G0164,R2,0.0000,81.0000,-30.0000,0.000000e+00,0.000000e+00,0.000000e+00,0.000000e+00,124.4835,0.0000,-160.8111,124.4835,IK_OK
G0164,R3,0.0000,81.0000,-30.0000,0.000000e+00,0.000000e+00,0.000000e+00,0.000000e+00,124.4835,0.0000,-160.8111,124.4835,IK_OK
G0164,L1,0.0000,81.0000,-30.0000,0.000000e+00,0.000000e+00,0.000000e+00,0.000000e+00,124.4835,0.0000,-160.8111,124.4835,IK_OK
G0164,L2,0.0000,81.0000,-30.0000,0.000000e+00,0.000000e+00,0.000000e+00,0.000000e+00,124.4835,0.0000,-160.8111,124.4835,IK_OK
G0164,L3,0.0000,81.0000,-30.0000,0.000000e+00,0.000000e+00,0.000000e+00,0.000000e+00,124.4835,0.0000,-160.8111,124.4835,IK_OK
G0165,R1,0.0000,94.5000,-30.0000,0.000000e+00,0.000000e+00,0.000000e+00,0.000000e+00,84.6638,0.0000,-175.6232,84.6638,IK_OK
G0165,R2,0.0000,94.5000,-30.0000,0.000000e+00,0.000000e+00,0.000000e+00,0.000000e+00,84.6638,0.0000,-175.6232,84.6638,IK_OK
G0165,R3,0.0000,94.5000,-30.0000,0.000000e+00,0.000000e+00,0.000000e+00,0.000000e+00,84.6638,0.0000,-175.6232,84.6638,IK_OK
G0165,L1,0.0000,94.5000,-30.0000,0.000000e+00,0.000000e+00,0.000000e+00,0.000000e+00,84.6638,0.0000,-175.6232,84.6638,IK_OK
G0165,L2,0.0000,94.5000,-30.0000,0.000000e+00,0.000000e+00,0.000000e+00,0.000000e+00,84.6638,0.0000,-175.6232,84.6638,IK_OK
G0165,L3,0.0000,94.5000,-30.0000,0.000000e+00,0.000000e+00,0.000000e+00,0.000000e+00,84.6638,0.0000,-175.6232,84.6638,IK_OK
G0166,R1,0.0000,81.0000,-30.0000,0.000000e+00,0.000000e+00,0.000000e+00,0.000000e+00,124.4835,0.0000,-160.8111,124.4835,IK_OK
G0166,R2,0.0000,81.0000,-30.0000,0.000000e+00,0.000000e+00,0.000000e+00,0.000000e+00,124.4835,0.0000,-160.8111,124.4835,IK_OK
G0166,R3,0.0000,81.0000,-30.0000,0.000000e+00,0.000000e+00,0.000000e+00,0.000000e+00,124.4835,0.0000,-160.8111,124.4835,IK_OK
G0166,L1,0.0000,81.0000,-30.0000,0.000000e+00,0.000000e+00,0.000000e+00,0.000000e+00,124.4835,0.0000,-160.8111,124.4835,IK_OK
G0166,L2,0.0000,81.0000,-30.0000,0.000000e+00,0.000000e+00,0.000000e+00,0.000000e+00,124.4835,0.0000,-160.8111,124.4835,IK_OK
G0166,L3,0.0000,81.0000,-30.0000,0.000000e+00,0.000000e+00,0.000000e+00,0.000000e+00,124.4835,0.0000,-160.8111,124.4835,IK_OK
G0167,R1,0.0000,94.5000,-30.0000,0.000000e+00,0.000000e+00,0.000000e+00,0.000000e+00,84.6638,0.0000,-175.6232,84.6638,IK_OK
G0167,R2,0.0000,94.5000,-30.0000,0.000000e+00,0.000000e+00,0.000000e+00,0.000000e+00,84.6638,0.0000,-175.6232,84.6638,IK_OK
G0167,R3,0.0000,94.5000,-30.0000,0.000000e+00,0.000000e+00,0.000000e+00,0.000000e+00,84.6638,0.0000,-175.6232,84.6638,IK_OK
G0167,L1,0.0000,94.5000,-30.0000,0.000000e+00,0.000000e+00,0.000000e+00,0.000000e+00,84.6638,0.0000,-175.6232,84.6638,IK_OK
G0167,L2,0.0000,94.5000,-30.0000,0.000000e+00,0.000000e+00,0.000000e+00,0.000000e+00,84.6638,0.0000,-175.6232,84.6638,IK_OK
G0167,L3,0.0000,94.5000,-30.0000,0.000000e+00,0.000000e+00,0.000000e+00,0.000000e+00,84.6638,0.0000,-175.6232,84.6638,IK_OK
G0168,R1,0.0000,94.5000,-30.0000,0.000000e+00,0.000000e+00,0.000000e+00,0.000000e+00,84.6638,0.0000,-175.6232,84.6638,IK_OK
G0168,R2,0.0000,94.5000,-30.0000,0.000000e+00,0.000000e+00,0.000000e+00,0.000000e+00,84.6638,0.0000,-175.6232,84.6638,IK_OK
G0168,R3,0.0000,94.5000,-30.0000,0.000000e+00,0.000000e+00,0.000000e+00,0.000000e+00,84.6638,0.0000,-175.6232,84.6638,IK_OK
G0168,L1,0.0000,94.5000,-30.0000,0.000000e+00,0.000000e+00,0.000000e+00,0.000000e+00,84.6638,0.0000,-175.6232,84.6638,IK_OK
G0168,L2,0.0000,94.5000,-30.0000,0.000000e+00,0.000000e+00,0.000000e+00,0.000000e+00,84.6638,0.0000,-175.6232,84.6638,IK_OK
G0168,L3,0.0000,94.5000,-30.0000,0.000000e+00,0.000000e+00,0.000000e+00,0.000000e+00,84.6638,0.0000,-175.6232,84.6638,IK_OK
G0169,R1,0.0000,94.5000,-30.0000,0.000000e+00,0.000000e+00,0.000000e+00,0.000000e+00,84.6638,0.0000,-175.6232,84.6638,IK_OK
G0169,R2,0.0000,94.5000,-30.0000,0.000000e+00,0.000000e+00,0.000000e+00,0.000000e+00,84.6638,0.0000,-175.6232,84.6638,IK_OK
G0169,R3,0.0000,94.5000,-30.0000,0.000000e+00,0.000000e+00,0.000000e+00,0.000000e+00,84.6638,0.0000,-175.6232,84.6638,IK_OK
G0169,L1,0.0000,94.5000,-30.0000,0.000000e+00,0.000000e+00,0.000000e+00,0.000000e+00,84.6638,0.0000,-175.6232,84.6638,IK_OK
G0169,L2,0.0000,94.5000,-30.0000,0.000000e+00,0.000000e+00,0.000000e+00,0.000000e+00,84.6638,0.0000,-175.6232,84.6638,IK_OK
G0169,L3,0.0000,94.5000,-30.0000,0.000000e+00,0.000000e+00,0.000000e+00,0.000000e+00,84.6638,0.0000,-175.6232,84.6638,IK_OK
G0170,R1,0.0000,94.5000,-30.0000,0.000000e+00,0.000000e+00,0.000000e+00,0.000000e+00,84.6638,0.0000,-175.6232,84.6638,IK_OK
G0170,R2,0.0000,94.5000,-30.0000,0.000000e+00,0.000000e+00,0.000000e+00,0.000000e+00,84.6638,0.0000,-175.6232,84.6638,IK_OK
G0170,R3,0.0000,94.5000,-30.0000,0.000000e+00,0.000000e+00,0.000000e+00,0.000000e+00,84.6638,0.0000,-175.6232,84.6638,IK_OK
G0170,L1,0.0000,94.5000,-30.0000,0.000000e+00,0.000000e+00,0.000000e+00,0.000000e+00,84.6638,0.0000,-175.6232,84.6638,IK_OK
G0170,L2,0.0000,94.5000,-30.0000,0.000000e+00,0.000000e+00,0.000000e+00,0.000000e+00,84.6638,0.0000,-175.6232,84.6638,IK_OK
G0170,L3,0.0000,94.5000,-30.0000,0.000000e+00,0.000000e+00,0.000000e+00,0.000000e+00,84.6638,0.0000,-175.6232,84.6638,IK_OK
G0171,R1,0.0000,40.5000,-30.0000,0.000000e+00,0.000000e+00,0.000000e+00,0.000000e+00,209.1593,0.0000,-68.7130,209.1593,IK_OK
G0171,R2,0.0000,40.5000,-30.0000,0.000000e+00,0.000000e+00,0.000000e+00,0.000000e+00,209.1593,0.0000,-68.7130,209.1593,IK_OK
G0171,R3,0.0000,40.5000,-30.0000,0.000000e+00,0.000000e+00,0.000000e+00,0.000000e+00,209.1593,0.0000,-68.7130,209.1593,IK_OK
G0171,L1,0.0000,40.5000,-30.0000,0.000000e+00,0.000000e+00,0.000000e+00,0.000000e+00,209.1593,0.0000,-68.7130,209.1593,IK_OK
G0171,L2,0.0000,40.5000,-30.0000,0.000000e+00,0.000000e+00,0.000000e+00,0.000000e+00,209.1593,0.0000,-68.7130,209.1593,IK_OK
G0171,L3,0.0000,40.5000,-30.0000,0.000000e+00,0.000000e+00,0.000000e+00,0.000000e+00,209.1593,0.0000,-68.7130,209.1593,IK_OK
G0172,R1,0.0000,40.5000,-30.0000,0.000000e+00,0.000000e+00,0.000000e+00,0.000000e+00,209.1593,0.0000,-68.7130,209.1593,IK_OK
G0172,R2,0.0000,40.5000,-30.0000,0.000000e+00,0.000000e+00,0.000000e+00,0.000000e+00,209.1593,0.0000,-68.7130,209.1593,IK_OK
G0172,R3,0.0000,40.5000,-30.0000,0.000000e+00,0.000000e+00,0.000000e+00,0.000000e+00,209.1593,0.0000,-68.7130,209.1593,IK_OK
G0172,L1,0.0000,40.5000,-30.0000,0.000000e+00,0.000000e+00,0.000000e+00,0.000000e+00,209.1593,0.0000,-68.7130,209.1593,IK_OK
G0172,L2,0.0000,40.5000,-30.0000,0.000000e+00,0.000000e+00,0.000000e+00,0.000000e+00,209.1593,0.0000,-68.7130,209.1593,IK_OK
G0172,L3,0.0000,40.5000,-30.0000,0.000000e+00,0.000000e+00,0.000000e+00,0.000000e+00,209.1593,0.0000,-68.7130,209.1593,IK_OK
G0173,R1,0.0000,-47.2500,-30.0000,0.000000e+00,0.000000e+00,0.000000e+00,0.000000e+00,117.2226,0.0000,164.3328,117.2226,IK_OK
G0173,R2,0.0000,-47.2500,-30.0000,0.000000e+00,0.000000e+00,0.000000e+00,0.000000e+00,117.2226,0.0000,164.3328,117.2226,IK_OK
G0173,R3,0.0000,-47.2500,-30.0000,0.000000e+00,0.000000e+00,0.000000e+00,0.000000e+00,117.2226,0.0000,164.3328,117.2226,IK_OK
G0173,L1,0.0000,-47.2500,-30.0000,0.000000e+00,0.000000e+00,0.000000e+00,0.000000e+00,117.2226,0.0000,164.3328,117.2226,IK_OK
G0173,L2,0.0000,-47.2500,-30.0000,0.000000e+00,0.000000e+00,0.000000e+00,0.000000e+00,117.2226,0.0000,164.3328,117.2226,IK_OK
G0173,L3,0.0000,-47.2500,-30.0000,0.000000e+00,0.000000e+00,0.000000e+00,0.000000e+00,117.2226,0.0000,164.3328,117.2226,IK_OK
G0174,R1,0.0000,40.5000,-30.0000,0.000000e+00,0.000000e+00,0.000000e+00,0.000000e+00,209.1593,0.0000,-68.7130,209.1593,IK_OK
G0174,R2,0.0000,40.5000,-30.0000,0.000000e+00,0.000000e+00,0.000000e+00,0.000000e+00,209.1593,0.0000,-68.7130,209.1593,IK_OK
G0174,R3,0.0000,40.5000,-30.0000,0.000000e+00,0.000000e+00,0.000000e+00,0.000000e+00,209.1593,0.0000,-68.7130,209.1593,IK_OK
G0174,L1,0.0000,40.5000,-30.0000,0.000000e+00,0.000000e+00,0.000000e+00,0.000000e+00,209.1593,0.0000,-68.7130,209.1593,IK_OK
G0174,L2,0.0000,40.5000,-30.0000,0.000000e+00,0.000000e+00,0.000000e+00,0.000000e+00,209.1593,0.0000,-68.7130,209.1593,IK_OK
G0174,L3,0.0000,40.5000,-30.0000,0.000000e+00,0.000000e+00,0.000000e+00,0.000000e+00,209.1593,0.0000,-68.7130,209.1593,IK_OK
G0175,R1,0.0000,-47.2500,-30.0000,0.000000e+00,0.000000e+00,0.000000e+00,0.000000e+00,117.2226,0.0000,164.3328,117.2226,IK_OK
G0175,R2,0.0000,-47.2500,-30.0000,0.000000e+00,0.000000e+00,0.000000e+00,0.000000e+00,117.2226,0.0000,164.3328,117.2226,IK_OK
G0175,R3,0.0000,-47.2500,-30.0000,0.000000e+00,0.000000e+00,0.000000e+00,0.000000e+00,117.2226,0.0000,164.3328,117.2226,IK_OK
G0175,L1,0.0000,-47.2500,-30.0000,0.000000e+00,0.000000e+00,0.000000e+00,0.000000e+00,117.2226,0.0000,164.3328,117.2226,IK_OK
G0175,L2,0.0000,-47.2500,-30.0000,0.000000e+00,0.000000e+00,0.000000e+00,0.000000e+00,117.2226,0.0000,164.3328,117.2226,IK_OK
G0175,L3,0.0000,-47.2500,-30.0000,0.000000e+00,0.000000e+00,0.000000e+00,0.000000e+00,117.2226,0.0000,164.3328,117.2226,IK_OK
G0176,R1,0.0000,40.5000,-30.0000,0.000000e+00,0.000000e+00,0.000000e+00,0.000000e+00,209.1593,0.0000,-68.7130,209.1593,IK_OK
G0176,R2,0.0000,40.5000,-30.0000,0.000000e+00,0.000000e+00,0.000000e+00,0.000000e+00,209.1593,0.0000,-68.7130,209.1593,IK_OK
G0176,R3,0.0000,40.5000,-30.0000,0.000000e+00,0.000000e+00,0.000000e+00,0.000000e+00,209.1593,0.0000,-68.7130,209.1593,IK_OK
G0176,L1,0.0000,40.5000,-30.0000,0.000000e+00,0.000000e+00,0.000000e+00,0.000000e+00,209.1593,0.0000,-68.7130,209.1593,IK_OK
G0176,L2,0.0000,40.5000,-30.0000,0.000000e+00,0.000000e+00,0.000000e+00,0.000000e+00,209.1593,0.0000,-68.7130,209.1593,IK_OK
G0176,L3,0.0000,40.5000,-30.0000,0.000000e+00,0.000000e+00,0.000000e+00,0.000000e+00,209.1593,0.0000,-68.7130,209.1593,IK_OK
G0177,R1,-13.5000,81.0000,-30.0000,-9.536743e-07,0.000000e+00,9.536743e-07,7.064254e-06,121.0440,-29.0601,-160.8111,124.4835,IK_OK
G0177,R2,13.5000,54.0000,-30.0000,9.536743e-07,0.000000e+00,9.536743e-07,7.064254e-06,183.2917,44.0045,-105.8370,188.5000,IK_OK
G0177,R3,-13.5000,81.0000,-30.0000,-9.536743e-07,0.000000e+00,9.536743e-07,7.064254e-06,121.0440,-29.0601,-160.8111,124.4835,IK_OK
G0177,L1,13.5000,54.0000,-30.0000,9.536743e-07,0.000000e+00,9.536743e-07,7.064254e-06,183.2917,44.0045,-105.8370,188.5000,IK_OK
G0177,L2,-13.5000,81.0000,-30.0000,-9.536743e-07,0.000000e+00,9.536743e-07,7.064254e-06,121.0440,-29.0601,-160.8111,124.4835,IK_OK
G0177,L3,13.5000,54.0000,-30.0000,9.536743e-07,0.000000e+00,9.536743e-07,7.064254e-06,183.2917,44.0045,-105.8370,188.5000,IK_OK
G0178,R1,-13.5000,54.0000,-30.0000,-9.536743e-07,0.000000e+00,9.536743e-07,7.064254e-06,183.2917,-44.0045,-105.8370,188.5000,IK_OK
G0178,R2,13.5000,54.0000,-30.0000,9.536743e-07,0.000000e+00,9.536743e-07,7.064254e-06,183.2917,44.0045,-105.8370,188.5000,IK_OK
G0178,R3,-13.5000,54.0000,-30.0000,-9.536743e-07,0.000000e+00,9.536743e-07,7.064254e-06,183.2917,-44.0045,-105.8370,188.5000,IK_OK
G0178,L1,13.5000,54.0000,-30.0000,9.536743e-07,0.000000e+00,9.536743e-07,7.064254e-06,183.2917,44.0045,-105.8370,188.5000,IK_OK
G0178,L2,-13.5000,54.0000,-30.0000,-9.536743e-07,0.000000e+00,9.536743e-07,7.064254e-06,183.2917,-44.0045,-105.8370,188.5000,IK_OK
G0178,L3,13.5000,54.0000,-30.0000,9.536743e-07,0.000000e+00,9.536743e-07,7.064254e-06,183.2917,44.0045,-105.8370,188.5000,IK_OK
G0179,R1,13.5000,54.0000,-30.0000,9.536743e-07,0.000000e+00,9.536743e-07,7.064254e-06,183.2917,44.0045,-105.8370,188.5000,IK_OK
G0179,R2,-13.5000,81.0000,-30.0000,-9.536743e-07,0.000000e+00,9.536743e-07,7.064254e-06,121.0440,-29.0601,-160.8111,124.4835,IK_OK
G0179,R3,13.5000,54.0000,-30.0000,9.536743e-07,0.000000e+00,9.536743e-07,7.064254e-06,183.2917,44.0045,-105.8370,188.5000,IK_OK
G0179,L1,-13.5000,81.0000,-30.0000,-9.536743e-07,0.000000e+00,9.536743e-07,7.064254e-06,121.0440,-29.0601,-160.8111,124.4835,IK_OK
G0179,L2,13.5000,54.0000,-30.0000,9.536743e-07,0.000000e+00,9.536743e-07,7.064254e-06,183.2917,44.0045,-105.8370,188.5000,IK_OK
G0179,L3,-13.5000,81.0000,-30.0000,-9.536743e-07,0.000000e+00,9.536743e-07,7.064254e-06,121.0440,-29.0601,-160.8111,124.4835,IK_OK
G0180,R1,13.5000,54.0000,-30.0000,9.536743e-07,0.000000e+00,9.536743e-07,7.064254e-06,183.2917,44.0045,-105.8370,188.5000,IK_OK
G0180,R2,-13.5000,54.0000,-30.0000,-9.536743e-07,0.000000e+00,9.536743e-07,7.064254e-06,183.2917,-44.0045,-105.8370,188.5000,IK_OK
G0180,R3,13.5000,54.0000,-30.0000,9.536743e-07,0.000000e+00,9.536743e-07,7.064254e-06,183.2917,44.0045,-105.8370,188.5000,IK_OK
G0180,L1,-13.5000,54.0000,-30.0000,-9.536743e-07,0.000000e+00,9.536743e-07,7.064254e-06,183.2917,-44.0045,-105.8370,188.5000,IK_OK
G0180,L2,13.5000,54.0000,-30.0000,9.536743e-07,0.000000e+00,9.536743e-07,7.064254e-06,183.2917,44.0045,-105.8370,188.5000,IK_OK
G0180,L3,-13.5000,54.0000,-30.0000,-9.536743e-07,0.000000e+00,9.536743e-07,7.064254e-06,183.2917,-44.0045,-105.8370,188.5000,IK_OK
G0181,R1,-13.5000,81.0000,-30.0000,-9.536743e-07,0.000000e+00,9.536743e-07,7.064254e-06,121.0440,-29.0601,-160.8111,124.4835,IK_OK
G0181,R2,13.5000,54.0000,-30.0000,9.536743e-07,0.000000e+00,9.536743e-07,7.064254e-06,183.2917,44.0045,-105.8370,188.5000,IK_OK
G0181,R3,-13.5000,81.0000,-30.0000,-9.536743e-07,0.000000e+00,9.536743e-07,7.064254e-06,121.0440,-29.0601,-160.8111,124.4835,IK_OK
G0181,L1,13.5000,54.0000,-30.0000,9.536743e-07,0.000000e+00,9.536743e-07,7.064254e-06,183.2917,44.0045,-105.8370,188.5000,IK_OK
G0181,L2,-13.5000,81.0000,-30.0000,-9.536743e-07,0.000000e+00,9.536743e-07,7.064254e-06,121.0440,-29.0601,-160.8111,124.4835,IK_OK
G0181,L3,13.5000,54.0000,-30.0000,9.536743e-07,0.000000e+00,9.536743e-07,7.064254e-06,183.2917,44.0045,-105.8370,188.5000,IK_OK
G0182,R1,-13.5000,54.0000,-30.0000,-9.536743e-07,0.000000e+00,9.536743e-07,7.064254e-06,183.2917,-44.0045,-105.8370,188.5000,IK_OK
G0182,R2,13.5000,54.0000,-30.0000,9.536743e-07,0.000000e+00,9.536743e-07,7.064254e-06,183.2917,44.0045,-105.8370,188.5000,IK_OK
G0182,R3,-13.5000,54.0000,-30.0000,-9.536743e-07,0.000000e+00,9.536743e-07,7.064254e-06,183.2917,-44.0045,-105.8370,188.5000,IK_OK
G0182,L1,13.5000,54.0000,-30.0000,9.536743e-07,0.000000e+00,9.536743e-07,7.064254e-06,183.2917,44.0045,-105.8370,188.5000,IK_OK
G0182,L2,-13.5000,54.0000,-30.0000,-9.536743e-07,0.000000e+00,9.536743e-07,7.064254e-06,183.2917,-44.0045,-105.8370,188.5000,IK_OK
G0182,L3,13.5000,54.0000,-30.0000,9.536743e-07,0.000000e+00,9.536743e-07,7.064254e-06,183.2917,44.0045,-105.8370,188.5000,IK_OK
G0183,R1,13.5000,54.0000,-30.0000,9.536743e-07,0.000000e+00,9.536743e-07,7.064254e-06,183.2917,44.0045,-105.8370,188.5000,IK_OK
G0183,R2,-13.5000,81.0000,-30.0000,-9.536743e-07,0.000000e+00,9.536743e-07,7.064254e-06,121.0440,-29.0601,-160.8111,124.4835,IK_OK
G0183,R3,13.5000,54.0000,-30.0000,9.536743e-07,0.000000e+00,9.536743e-07,7.064254e-06,183.2917,44.0045,-105.8370,188.5000,IK_OK
G0183,L1,-13.5000,81.0000,-30.0000,-9.536743e-07,0.000000e+00,9.536743e-07,7.064254e-06,121.0440,-29.0601,-160.8111,124.4835,IK_OK
G0183,L2,13.5000,54.0000,-30.0000,9.536743e-07,0.000000e+00,9.536743e-07,7.064254e-06,183.2917,44.0045,-105.8370,188.5000,IK_OK
G0183,L3,-13.5000,81.0000,-30.0000,-9.536743e-07,0.000000e+00,9.536743e-07,7.064254e-06,121.0440,-29.0601,-160.8111,124.4835,IK_OK
G0184,R1,13.5000,54.0000,-30.0000,9.536743e-07,0.000000e+00,9.536743e-07,7.064254e-06,183.2917,44.0045,-105.8370,188.5000,IK_OK
G0184,R2,-13.5000,54.0000,-30.0000,-9.536743e-07,0.000000e+00,9.536743e-07,7.064254e-06,183.2917,-44.0045,-105.8370,188.5000,IK_OK
G0184,R3,13.5000,54.0000,-30.0000,9.536743e-07,0.000000e+00,9.536743e-07,7.064254e-06,183.2917,44.0045,-105.8370,188.5000,IK_OK
G0184,L1,-13.5000,54.0000,-30.0000,-9.536743e-07,0.000000e+00,9.536743e-07,7.064254e-06,183.2917,-44.0045,-105.8370,188.5000,IK_OK
G0184,L2,13.5000,54.0000,-30.0000,9.536743e-07,0.000000e+00,9.536743e-07,7.064254e-06,183.2917,44.0045,-105.8370,188.5000,IK_OK
G0184,L3,-13.5000,54.0000,-30.0000,-9.536743e-07,0.000000e+00,9.536743e-07,7.064254e-06,183.2917,-44.0045,-105.8370,188.5000,IK_OK
G0185,R1,-13.5000,81.0000,-30.0000,-9.536743e-07,0.000000e+00,9.536743e-07,7.064254e-06,121.0440,-29.0601,-160.8111,124.4835,IK_OK
G0185,R2,13.5000,54.0000,-30.0000,9.536743e-07,0.000000e+00,9.536743e-07,7.064254e-06,183.2917,44.0045,-105.8370,188.5000,IK_OK
G0185,R3,-13.5000,81.0000,-30.0000,-9.536743e-07,0.000000e+00,9.536743e-07,7.064254e-06,121.0440,-29.0601,-160.8111,124.4835,IK_OK
G0185,L1,13.5000,54.0000,-30.0000,9.536743e-07,0.000000e+00,9.536743e-07,7.064254e-06,183.2917,44.0045,-105.8370,188.5000,IK_OK
G0185,L2,-13.5000,81.0000,-30.0000,-9.536743e-07,0.000000e+00,9.536743e-07,7.064254e-06,121.0440,-29.0601,-160.8111,124.4835,IK_OK
G0185,L3,13.5000,54.0000,-30.0000,9.536743e-07,0.000000e+00,9.536743e-07,7.064254e-06,183.2917,44.0045,-105.8370,188.5000,IK_OK
G0186,R1,-13.5000,54.0000,-30.0000,-9.536743e-07,0.000000e+00,9.536743e-07,7.064254e-06,183.2917,-44.0045,-105.8370,188.5000,IK_OK
G0186,R2,13.5000,54.0000,-30.0000,9.536743e-07,0.000000e+00,9.536743e-07,7.064254e-06,183.2917,44.0045,-105.8370,188.5000,IK_OK
G0186,R3,-13.5000,54.0000,-30.0000,-9.536743e-07,0.000000e+00,9.536743e-07,7.064254e-06,183.2917,-44.0045,-105.8370,188.5000,IK_OK
G0186,L1,13.5000,54.0000,-30.0000,9.536743e-07,0.000000e+00,9.536743e-07,7.064254e-06,183.2917,44.0045,-105.8370,188.5000,IK_OK
G0186,L2,-13.5000,54.0000,-30.0000,-9.536743e-07,0.000000e+00,9.536743e-07,7.064254e-06,183.2917,-44.0045,-105.8370,188.5000,IK_OK
G0186,L3,13.5000,54.0000,-30.0000,9.536743e-07,0.000000e+00,9.536743e-07,7.064254e-06,183.2917,44.0045,-105.8370,188.5000,IK_OK
G0187,R1,13.5000,54.0000,-30.0000,9.536743e-07,0.000000e+00,9.536743e-07,7.064254e-06,183.2917,44.0045,-105.8370,188.5000,IK_OK
G0187,R2,-13.5000,81.0000,-30.0000,-9.536743e-07,0.000000e+00,9.536743e-07,7.064254e-06,121.0440,-29.0601,-160.8111,124.4835,IK_OK
G0187,R3,13.5000,54.0000,-30.0000,9.536743e-07,0.000000e+00,9.536743e-07,7.064254e-06,183.2917,44.0045,-105.8370,188.5000,IK_OK
G0187,L1,-13.5000,81.0000,-30.0000,-9.536743e-07,0.000000e+00,9.536743e-07,7.064254e-06,121.0440,-29.0601,-160.8111,124.4835,IK_OK
G0187,L2,13.5000,54.0000,-30.0000,9.536743e-07,0.000000e+00,9.536743e-07,7.064254e-06,183.2917,44.0045,-105.8370,188.5000,IK_OK
G0187,L3,-13.5000,81.0000,-30.0000,-9.536743e-07,0.000000e+00,9.536743e-07,7.064254e-06,121.0440,-29.0601,-160.8111,124.4835,IK_OK
G0188,R1,13.5000,54.0000,-30.0000,9.536743e-07,0.000000e+00,9.536743e-07,7.064254e-06,183.2917,44.0045,-105.8370,188.5000,IK_OK
G0188,R2,-13.5000,54.0000,-30.0000,-9.536743e-07,0.000000e+00,9.536743e-07,7.064254e-06,183.2917,-44.0045,-105.8370,188.5000,IK_OK
G0188,R3,13.5000,54.0000,-30.0000,9.536743e-07,0.000000e+00,9.536743e-07,7.064254e-06,183.2917,44.0045,-105.8370,188.5000,IK_OK
G0188,L1,-13.5000,54.0000,-30.0000,-9.536743e-07,0.000000e+00,9.536743e-07,7.064254e-06,183.2917,-44.0045,-105.8370,188.5000,IK_OK
G0188,L2,13.5000,54.0000,-30.0000,9.536743e-07,0.000000e+00,9.536743e-07,7.064254e-06,183.2917,44.0045,-105.8370,188.5000,IK_OK
G0188,L3,-13.5000,54.0000,-30.0000,-9.536743e-07,0.000000e+00,9.536743e-07,7.064254e-06,183.2917,-44.0045,-105.8370,188.5000,IK_OK
G0189,R1,0.0000,40.5000,-30.0000,0.000000e+00,0.000000e+00,0.000000e+00,0.000000e+00,209.1593,0.0000,-68.7130,209.1593,IK_OK
G0189,R2,0.0000,40.5000,-30.0000,0.000000e+00,0.000000e+00,0.000000e+00,0.000000e+00,209.1593,0.0000,-68.7130,209.1593,IK_OK
G0189,R3,0.0000,40.5000,-30.0000,0.000000e+00,0.000000e+00,0.000000e+00,0.000000e+00,209.1593,0.0000,-68.7130,209.1593,IK_OK
G0189,L1,0.0000,40.5000,-30.0000,0.000000e+00,0.000000e+00,0.000000e+00,0.000000e+00,209.1593,0.0000,-68.7130,209.1593,IK_OK
G0189,L2,0.0000,40.5000,-30.0000,0.000000e+00,0.000000e+00,0.000000e+00,0.000000e+00,209.1593,0.0000,-68.7130,209.1593,IK_OK
G0189,L3,0.0000,40.5000,-30.0000,0.000000e+00,0.000000e+00,0.000000e+00,0.000000e+00,209.1593,0.0000,-68.7130,209.1593,IK_OK
G0190,R1,0.0000,0.0000,-30.0000,0.000000e+00,0.000000e+00,0.000000e+00,0.000000e+00,213.7345,0.0000,56.3116,213.7345,IK_OK
G0190,R2,0.0000,0.0000,-30.0000,0.000000e+00,0.000000e+00,0.000000e+00,0.000000e+00,213.7345,0.0000,56.3116,213.7345,IK_OK
G0190,R3,0.0000,0.0000,-30.0000,0.000000e+00,0.000000e+00,0.000000e+00,0.000000e+00,213.7345,0.0000,56.3116,213.7345,IK_OK
G0190,L1,0.0000,0.0000,-30.0000,0.000000e+00,0.000000e+00,0.000000e+00,0.000000e+00,213.7345,0.0000,56.3116,213.7345,IK_OK
G0190,L2,0.0000,0.0000,-30.0000,0.000000e+00,0.000000e+00,0.000000e+00,0.000000e+00,213.7345,0.0000,56.3116,213.7345,IK_OK
G0190,L3,0.0000,0.0000,-30.0000,0.000000e+00,0.000000e+00,0.000000e+00,0.000000e+00,213.7345,0.0000,56.3116,213.7345,IK_OK
G0191,R1,0.0000,81.0000,-30.0000,0.000000e+00,0.000000e+00,0.000000e+00,0.000000e+00,124.4835,0.0000,-160.8111,124.4835,IK_OK
G0191,R2,0.0000,81.0000,-30.0000,0.000000e+00,0.000000e+00,0.000000e+00,0.000000e+00,124.4835,0.0000,-160.8111,124.4835,IK_OK
G0191,R3,0.0000,81.0000,-30.0000,0.000000e+00,0.000000e+00,0.000000e+00,0.000000e+00,124.4835,0.0000,-160.8111,124.4835,IK_OK
G0191,L1,0.0000,81.0000,-30.0000,0.000000e+00,0.000000e+00,0.000000e+00,0.000000e+00,124.4835,0.0000,-160.8111,124.4835,IK_OK
G0191,L2,0.0000,81.0000,-30.0000,0.000000e+00,0.000000e+00,0.000000e+00,0.000000e+00,124.4835,0.0000,-160.8111,124.4835,IK_OK
G0191,L3,0.0000,81.0000,-30.0000,0.000000e+00,0.000000e+00,0.000000e+00,0.000000e+00,124.4835,0.0000,-160.8111,124.4835,IK_OK
G0192,R1,0.0000,94.5000,-30.0000,0.000000e+00,0.000000e+00,0.000000e+00,0.000000e+00,84.6638,0.0000,-175.6232,84.6638,IK_OK
G0192,R2,0.0000,94.5000,-30.0000,0.000000e+00,0.000000e+00,0.000000e+00,0.000000e+00,84.6638,0.0000,-175.6232,84.6638,IK_OK
G0192,R3,0.0000,94.5000,-30.0000,0.000000e+00,0.000000e+00,0.000000e+00,0.000000e+00,84.6638,0.0000,-175.6232,84.6638,IK_OK
G0192,L1,0.0000,94.5000,-30.0000,0.000000e+00,0.000000e+00,0.000000e+00,0.000000e+00,84.6638,0.0000,-175.6232,84.6638,IK_OK
G0192,L2,0.0000,94.5000,-30.0000,0.000000e+00,0.000000e+00,0.000000e+00,0.000000e+00,84.6638,0.0000,-175.6232,84.6638,IK_OK
G0192,L3,0.0000,94.5000,-30.0000,0.000000e+00,0.000000e+00,0.000000e+00,0.000000e+00,84.6638,0.0000,-175.6232,84.6638,IK_OK
G0193,R1,0.0000,81.0000,-30.0000,0.000000e+00,0.000000e+00,0.000000e+00,0.000000e+00,124.4835,0.0000,-160.8111,124.4835,IK_OK
G0193,R2,0.0000,81.0000,-30.0000,0.000000e+00,0.000000e+00,0.000000e+00,0.000000e+00,124.4835,0.0000,-160.8111,124.4835,IK_OK
G0193,R3,0.0000,81.0000,-30.0000,0.000000e+00,0.000000e+00,0.000000e+00,0.000000e+00,124.4835,0.0000,-160.8111,124.4835,IK_OK
G0193,L1,0.0000,81.0000,-30.0000,0.000000e+00,0.000000e+00,0.000000e+00,0.000000e+00,124.4835,0.0000,-160.8111,124.4835,IK_OK
G0193,L2,0.0000,81.0000,-30.0000,0.000000e+00,0.000000e+00,0.000000e+00,0.000000e+00,124.4835,0.0000,-160.8111,124.4835,IK_OK
G0193,L3,0.0000,81.0000,-30.0000,0.000000e+00,0.000000e+00,0.000000e+00,0.000000e+00,124.4835,0.0000,-160.8111,124.4835,IK_OK
G0194,R1,0.0000,94.5000,-30.0000,0.000000e+00,0.000000e+00,0.000000e+00,0.000000e+00,84.6638,0.0000,-175.6232,84.6638,IK_OK
G0194,R2,0.0000,94.5000,-30.0000,0.000000e+00,0.000000e+00,0.000000e+00,0.000000e+00,84.6638,0.0000,-175.6232,84.6638,IK_OK
G0194,R3,0.0000,94.5000,-30.0000,0.000000e+00,0.000000e+00,0.000000e+00,0.000000e+00,84.6638,0.0000,-175.6232,84.6638,IK_OK
G0194,L1,0.0000,94.5000,-30.0000,0.000000e+00,0.000000e+00,0.000000e+00,0.000000e+00,84.6638,0.0000,-175.6232,84.6638,IK_OK
G0194,L2,0.0000,94.5000,-30.0000,0.000000e+00,0.000000e+00,0.000000e+00,0.000000e+00,84.6638,0.0000,-175.6232,84.6638,IK_OK
G0194,L3,0.0000,94.5000,-30.0000,0.000000e+00,0.000000e+00,0.000000e+00,0.000000e+00,84.6638,0.0000,-175.6232,84.6638,IK_OK
G0195,R1,0.0000,81.0000,-30.0000,0.000000e+00,0.000000e+00,0.000000e+00,0.000000e+00,124.4835,0.0000,-160.8111,124.4835,IK_OK
G0195,R2,0.0000,81.0000,-30.0000,0.000000e+00,0.000000e+00,0.000000e+00,0.000000e+00,124.4835,0.0000,-160.8111,124.4835,IK_OK
G0195,R3,0.0000,81.0000,-30.0000,0.000000e+00,0.000000e+00,0.000000e+00,0.000000e+00,124.4835,0.0000,-160.8111,124.4835,IK_OK
G0195,L1,0.0000,81.0000,-30.0000,0.000000e+00,0.000000e+00,0.000000e+00,0.000000e+00,124.4835,0.0000,-160.8111,124.4835,IK_OK
G0195,L2,0.0000,81.0000,-30.0000,0.000000e+00,0.000000e+00,0.000000e+00,0.000000e+00,124.4835,0.0000,-160.8111,124.4835,IK_OK
G0195,L3,0.0000,81.0000,-30.0000,0.000000e+00,0.000000e+00,0.000000e+00,0.000000e+00,124.4835,0.0000,-160.8111,124.4835,IK_OK
G0196,R1,0.0000,94.5000,-30.0000,0.000000e+00,0.000000e+00,0.000000e+00,0.000000e+00,84.6638,0.0000,-175.6232,84.6638,IK_OK
G0196,R2,0.0000,94.5000,-30.0000,0.000000e+00,0.000000e+00,0.000000e+00,0.000000e+00,84.6638,0.0000,-175.6232,84.6638,IK_OK
G0196,R3,0.0000,94.5000,-30.0000,0.000000e+00,0.000000e+00,0.000000e+00,0.000000e+00,84.6638,0.0000,-175.6232,84.6638,IK_OK
G0196,L1,0.0000,94.5000,-30.0000,0.000000e+00,0.000000e+00,0.000000e+00,0.000000e+00,84.6638,0.0000,-175.6232,84.6638,IK_OK
G0196,L2,0.0000,94.5000,-30.0000,0.000000e+00,0.000000e+00,0.000000e+00,0.000000e+00,84.6638,0.0000,-175.6232,84.6638,IK_OK
G0196,L3,0.0000,94.5000,-30.0000,0.000000e+00,0.000000e+00,0.000000e+00,0.000000e+00,84.6638,0.0000,-175.6232,84.6638,IK_OK
G0197,R1,0.0000,81.0000,-30.0000,0.000000e+00,0.000000e+00,0.000000e+00,0.000000e+00,124.4835,0.0000,-160.8111,124.4835,IK_OK
G0197,R2,0.0000,81.0000,-30.0000,0.000000e+00,0.000000e+00,0.000000e+00,0.000000e+00,124.4835,0.0000,-160.8111,124.4835,IK_OK
G0197,R3,0.0000,81.0000,-30.0000,0.000000e+00,0.000000e+00,0.000000e+00,0.000000e+00,124.4835,0.0000,-160.8111,124.4835,IK_OK
G0197,L1,0.0000,81.0000,-30.0000,0.000000e+00,0.000000e+00,0.000000e+00,0.000000e+00,124.4835,0.0000,-160.8111,124.4835,IK_OK
G0197,L2,0.0000,81.0000,-30.0000,0.000000e+00,0.000000e+00,0.000000e+00,0.000000e+00,124.4835,0.0000,-160.8111,124.4835,IK_OK
G0197,L3,0.0000,81.0000,-30.0000,0.000000e+00,0.000000e+00,0.000000e+00,0.000000e+00,124.4835,0.0000,-160.8111,124.4835,IK_OK
G0198,R1,0.0000,94.5000,-30.0000,0.000000e+00,0.000000e+00,0.000000e+00,0.000000e+00,84.6638,0.0000,-175.6232,84.6638,IK_OK
G0198,R2,0.0000,94.5000,-30.0000,0.000000e+00,0.000000e+00,0.000000e+00,0.000000e+00,84.6638,0.0000,-175.6232,84.6638,IK_OK
G0198,R3,0.0000,94.5000,-30.0000,0.000000e+00,0.000000e+00,0.000000e+00,0.000000e+00,84.6638,0.0000,-175.6232,84.6638,IK_OK
G0198,L1,0.0000,94.5000,-30.0000,0.000000e+00,0.000000e+00,0.000000e+00,0.000000e+00,84.6638,0.0000,-175.6232,84.6638,IK_OK
G0198,L2,0.0000,94.5000,-30.0000,0.000000e+00,0.000000e+00,0.000000e+00,0.000000e+00,84.6638,0.0000,-175.6232,84.6638,IK_OK
G0198,L3,0.0000,94.5000,-30.0000,0.000000e+00,0.000000e+00,0.000000e+00,0.000000e+00,84.6638,0.0000,-175.6232,84.6638,IK_OK
G0199,R1,0.0000,81.0000,-30.0000,0.000000e+00,0.000000e+00,0.000000e+00,0.000000e+00,124.4835,0.0000,-160.8111,124.4835,IK_OK
G0199,R2,0.0000,81.0000,-30.0000,0.000000e+00,0.000000e+00,0.000000e+00,0.000000e+00,124.4835,0.0000,-160.8111,124.4835,IK_OK
G0199,R3,0.0000,81.0000,-30.0000,0.000000e+00,0.000000e+00,0.000000e+00,0.000000e+00,124.4835,0.0000,-160.8111,124.4835,IK_OK
G0199,L1,0.0000,81.0000,-30.0000,0.000000e+00,0.000000e+00,0.000000e+00,0.000000e+00,124.4835,0.0000,-160.8111,124.4835,IK_OK
G0199,L2,0.0000,81.0000,-30.0000,0.000000e+00,0.000000e+00,0.000000e+00,0.000000e+00,124.4835,0.0000,-160.8111,124.4835,IK_OK
G0199,L3,0.0000,81.0000,-30.0000,0.000000e+00,0.000000e+00,0.000000e+00,0.000000e+00,124.4835,0.0000,-160.8111,124.4835,IK_OK
G0200,R1,0.0000,94.5000,-30.0000,0.000000e+00,0.000000e+00,0.000000e+00,0.000000e+00,84.6638,0.0000,-175.6232,84.6638,IK_OK
G0200,R2,0.0000,94.5000,-30.0000,0.000000e+00,0.000000e+00,0.000000e+00,0.000000e+00,84.6638,0.0000,-175.6232,84.6638,IK_OK
G0200,R3,0.0000,94.5000,-30.0000,0.000000e+00,0.000000e+00,0.000000e+00,0.000000e+00,84.6638,0.0000,-175.6232,84.6638,IK_OK
G0200,L1,0.0000,94.5000,-30.0000,0.000000e+00,0.000000e+00,0.000000e+00,0.000000e+00,84.6638,0.0000,-175.6232,84.6638,IK_OK
G0200,L2,0.0000,94.5000,-30.0000,0.000000e+00,0.000000e+00,0.000000e+00,0.000000e+00,84.6638,0.0000,-175.6232,84.6638,IK_OK
G0200,L3,0.0000,94.5000,-30.0000,0.000000e+00,0.000000e+00,0.000000e+00,0.000000e+00,84.6638,0.0000,-175.6232,84.6638,IK_OK
G0201,R1,0.0000,94.5000,-30.0000,0.000000e+00,0.000000e+00,0.000000e+00,0.000000e+00,84.6638,0.0000,-175.6232,84.6638,IK_OK
G0201,R2,0.0000,94.5000,-30.0000,0.000000e+00,0.000000e+00,0.000000e+00,0.000000e+00,84.6638,0.0000,-175.6232,84.6638,IK_OK
G0201,R3,0.0000,94.5000,-30.0000,0.000000e+00,0.000000e+00,0.000000e+00,0.000000e+00,84.6638,0.0000,-175.6232,84.6638,IK_OK
G0201,L1,0.0000,94.5000,-30.0000,0.000000e+00,0.000000e+00,0.000000e+00,0.000000e+00,84.6638,0.0000,-175.6232,84.6638,IK_OK
G0201,L2,0.0000,94.5000,-30.0000,0.000000e+00,0.000000e+00,0.000000e+00,0.000000e+00,84.6638,0.0000,-175.6232,84.6638,IK_OK
G0201,L3,0.0000,94.5000,-30.0000,0.000000e+00,0.000000e+00,0.000000e+00,0.000000e+00,84.6638,0.0000,-175.6232,84.6638,IK_OK
G0202,R1,0.0000,94.5000,-30.0000,0.000000e+00,0.000000e+00,0.000000e+00,0.000000e+00,84.6638,0.0000,-175.6232,84.6638,IK_OK
G0202,R2,0.0000,94.5000,-30.0000,0.000000e+00,0.000000e+00,0.000000e+00,0.000000e+00,84.6638,0.0000,-175.6232,84.6638,IK_OK
G0202,R3,0.0000,94.5000,-30.0000,0.000000e+00,0.000000e+00,0.000000e+00,0.000000e+00,84.6638,0.0000,-175.6232,84.6638,IK_OK
G0202,L1,0.0000,94.5000,-30.0000,0.000000e+00,0.000000e+00,0.000000e+00,0.000000e+00,84.6638,0.0000,-175.6232,84.6638,IK_OK
G0202,L2,0.0000,94.5000,-30.0000,0.000000e+00,0.000000e+00,0.000000e+00,0.000000e+00,84.6638,0.0000,-175.6232,84.6638,IK_OK
G0202,L3,0.0000,94.5000,-30.0000,0.000000e+00,0.000000e+00,0.000000e+00,0.000000e+00,84.6638,0.0000,-175.6232,84.6638,IK_OK
G0203,R1,0.0000,94.5000,-30.0000,0.000000e+00,0.000000e+00,0.000000e+00,0.000000e+00,84.6638,0.0000,-175.6232,84.6638,IK_OK
G0203,R2,0.0000,94.5000,-30.0000,0.000000e+00,0.000000e+00,0.000000e+00,0.000000e+00,84.6638,0.0000,-175.6232,84.6638,IK_OK
G0203,R3,0.0000,94.5000,-30.0000,0.000000e+00,0.000000e+00,0.000000e+00,0.000000e+00,84.6638,0.0000,-175.6232,84.6638,IK_OK
G0203,L1,0.0000,94.5000,-30.0000,0.000000e+00,0.000000e+00,0.000000e+00,0.000000e+00,84.6638,0.0000,-175.6232,84.6638,IK_OK
G0203,L2,0.0000,94.5000,-30.0000,0.000000e+00,0.000000e+00,0.000000e+00,0.000000e+00,84.6638,0.0000,-175.6232,84.6638,IK_OK
G0203,L3,0.0000,94.5000,-30.0000,0.000000e+00,0.000000e+00,0.000000e+00,0.000000e+00,84.6638,0.0000,-175.6232,84.6638,IK_OK
G0204,R1,0.0000,40.5000,-30.0000,0.000000e+00,0.000000e+00,0.000000e+00,0.000000e+00,209.1593,0.0000,-68.7130,209.1593,IK_OK
G0204,R2,0.0000,40.5000,-30.0000,0.000000e+00,0.000000e+00,0.000000e+00,0.000000e+00,209.1593,0.0000,-68.7130,209.1593,IK_OK
G0204,R3,0.0000,40.5000,-30.0000,0.000000e+00,0.000000e+00,0.000000e+00,0.000000e+00,209.1593,0.0000,-68.7130,209.1593,IK_OK
G0204,L1,0.0000,40.5000,-30.0000,0.000000e+00,0.000000e+00,0.000000e+00,0.000000e+00,209.1593,0.0000,-68.7130,209.1593,IK_OK
G0204,L2,0.0000,40.5000,-30.0000,0.000000e+00,0.000000e+00,0.000000e+00,0.000000e+00,209.1593,0.0000,-68.7130,209.1593,IK_OK
G0204,L3,0.0000,40.5000,-30.0000,0.000000e+00,0.000000e+00,0.000000e+00,0.000000e+00,209.1593,0.0000,-68.7130,209.1593,IK_OK
G0205,R1,0.0000,40.5000,-30.0000,0.000000e+00,0.000000e+00,0.000000e+00,0.000000e+00,209.1593,0.0000,-68.7130,209.1593,IK_OK
G0205,R2,0.0000,40.5000,-30.0000,0.000000e+00,0.000000e+00,0.000000e+00,0.000000e+00,209.1593,0.0000,-68.7130,209.1593,IK_OK
G0205,R3,0.0000,40.5000,-30.0000,0.000000e+00,0.000000e+00,0.000000e+00,0.000000e+00,209.1593,0.0000,-68.7130,209.1593,IK_OK
G0205,L1,0.0000,40.5000,-30.0000,0.000000e+00,0.000000e+00,0.000000e+00,0.000000e+00,209.1593,0.0000,-68.7130,209.1593,IK_OK
G0205,L2,0.0000,40.5000,-30.0000,0.000000e+00,0.000000e+00,0.000000e+00,0.000000e+00,209.1593,0.0000,-68.7130,209.1593,IK_OK
G0205,L3,0.0000,40.5000,-30.0000,0.000000e+00,0.000000e+00,0.000000e+00,0.000000e+00,209.1593,0.0000,-68.7130,209.1593,IK_OK
G0206,R1,13.5000,81.0000,-30.0000,9.536743e-07,0.000000e+00,9.536743e-07,7.064254e-06,121.0440,29.0601,-160.8111,124.4835,IK_OK
G0206,R2,-13.5000,54.0000,-30.0000,-9.536743e-07,0.000000e+00,9.536743e-07,7.064254e-06,183.2917,-44.0045,-105.8370,188.5000,IK_OK
G0206,R3,13.5000,81.0000,-30.0000,9.536743e-07,0.000000e+00,9.536743e-07,7.064254e-06,121.0440,29.0601,-160.8111,124.4835,IK_OK
G0206,L1,-13.5000,54.0000,-30.0000,-9.536743e-07,0.000000e+00,9.536743e-07,7.064254e-06,183.2917,-44.0045,-105.8370,188.5000,IK_OK
G0206,L2,13.5000,81.0000,-30.0000,9.536743e-07,0.000000e+00,9.536743e-07,7.064254e-06,121.0440,29.0601,-160.8111,124.4835,IK_OK
G0206,L3,-13.5000,54.0000,-30.0000,-9.536743e-07,0.000000e+00,9.536743e-07,7.064254e-06,183.2917,-44.0045,-105.8370,188.5000,IK_OK
G0207,R1,13.5000,54.0000,-30.0000,9.536743e-07,0.000000e+00,9.536743e-07,7.064254e-06,183.2917,44.0045,-105.8370,188.5000,IK_OK
G0207,R2,-13.5000,54.0000,-30.0000,-9.536743e-07,0.000000e+00,9.536743e-07,7.064254e-06,183.2917,-44.0045,-105.8370,188.5000,IK_OK
G0207,R3,13.5000,54.0000,-30.0000,9.536743e-07,0.000000e+00,9.536743e-07,7.064254e-06,183.2917,44.0045,-105.8370,188.5000,IK_OK
G0207,L1,-13.5000,54.0000,-30.0000,-9.536743e-07,0.000000e+00,9.536743e-07,7.064254e-06,183.2917,-44.0045,-105.8370,188.5000,IK_OK
G0207,L2,13.5000,54.0000,-30.0000,9.536743e-07,0.000000e+00,9.536743e-07,7.064254e-06,183.2917,44.0045,-105.8370,188.5000,IK_OK
G0207,L3,-13.5000,54.0000,-30.0000,-9.536743e-07,0.000000e+00,9.536743e-07,7.064254e-06,183.2917,-44.0045,-105.8370,188.5000,IK_OK
G0208,R1,-13.5000,54.0000,-30.0000,-9.536743e-07,0.000000e+00,9.536743e-07,7.064254e-06,183.2917,-44.0045,-105.8370,188.5000,IK_OK
G0208,R2,13.5000,81.0000,-30.0000,9.536743e-07,0.000000e+00,9.536743e-07,7.064254e-06,121.0440,29.0601,-160.8111,124.4835,IK_OK
G0208,R3,-13.5000,54.0000,-30.0000,-9.536743e-07,0.000000e+00,9.536743e-07,7.064254e-06,183.2917,-44.0045,-105.8370,188.5000,IK_OK
G0208,L1,13.5000,81.0000,-30.0000,9.536743e-07,0.000000e+00,9.536743e-07,7.064254e-06,121.0440,29.0601,-160.8111,124.4835,IK_OK
G0208,L2,-13.5000,54.0000,-30.0000,-9.536743e-07,0.000000e+00,9.536743e-07,7.064254e-06,183.2917,-44.0045,-105.8370,188.5000,IK_OK
G0208,L3,13.5000,81.0000,-30.0000,9.536743e-07,0.000000e+00,9.536743e-07,7.064254e-06,121.0440,29.0601,-160.8111,124.4835,IK_OK
G0209,R1,-13.5000,54.0000,-30.0000,-9.536743e-07,0.000000e+00,9.536743e-07,7.064254e-06,183.2917,-44.0045,-105.8370,188.5000,IK_OK
G0209,R2,13.5000,54.0000,-30.0000,9.536743e-07,0.000000e+00,9.536743e-07,7.064254e-06,183.2917,44.0045,-105.8370,188.5000,IK_OK
G0209,R3,-13.5000,54.0000,-30.0000,-9.536743e-07,0.000000e+00,9.536743e-07,7.064254e-06,183.2917,-44.0045,-105.8370,188.5000,IK_OK
G0209,L1,13.5000,54.0000,-30.0000,9.536743e-07,0.000000e+00,9.536743e-07,7.064254e-06,183.2917,44.0045,-105.8370,188.5000,IK_OK
G0209,L2,-13.5000,54.0000,-30.0000,-9.536743e-07,0.000000e+00,9.536743e-07,7.064254e-06,183.2917,-44.0045,-105.8370,188.5000,IK_OK
G0209,L3,13.5000,54.0000,-30.0000,9.536743e-07,0.000000e+00,9.536743e-07,7.064254e-06,183.2917,44.0045,-105.8370,188.5000,IK_OK
G0210,R1,13.5000,81.0000,-30.0000,9.536743e-07,0.000000e+00,9.536743e-07,7.064254e-06,121.0440,29.0601,-160.8111,124.4835,IK_OK
G0210,R2,-13.5000,54.0000,-30.0000,-9.536743e-07,0.000000e+00,9.536743e-07,7.064254e-06,183.2917,-44.0045,-105.8370,188.5000,IK_OK
G0210,R3,13.5000,81.0000,-30.0000,9.536743e-07,0.000000e+00,9.536743e-07,7.064254e-06,121.0440,29.0601,-160.8111,124.4835,IK_OK
G0210,L1,-13.5000,54.0000,-30.0000,-9.536743e-07,0.000000e+00,9.536743e-07,7.064254e-06,183.2917,-44.0045,-105.8370,188.5000,IK_OK
G0210,L2,13.5000,81.0000,-30.0000,9.536743e-07,0.000000e+00,9.536743e-07,7.064254e-06,121.0440,29.0601,-160.8111,124.4835,IK_OK
G0210,L3,-13.5000,54.0000,-30.0000,-9.536743e-07,0.000000e+00,9.536743e-07,7.064254e-06,183.2917,-44.0045,-105.8370,188.5000,IK_OK
G0211,R1,13.5000,54.0000,-30.0000,9.536743e-07,0.000000e+00,9.536743e-07,7.064254e-06,183.2917,44.0045,-105.8370,188.5000,IK_OK
G0211,R2,-13.5000,54.0000,-30.0000,-9.536743e-07,0.000000e+00,9.536743e-07,7.064254e-06,183.2917,-44.0045,-105.8370,188.5000,IK_OK
G0211,R3,13.5000,54.0000,-30.0000,9.536743e-07,0.000000e+00,9.536743e-07,7.064254e-06,183.2917,44.0045,-105.8370,188.5000,IK_OK
G0211,L1,-13.5000,54.0000,-30.0000,-9.536743e-07,0.000000e+00,9.536743e-07,7.064254e-06,183.2917,-44.0045,-105.8370,188.5000,IK_OK
G0211,L2,13.5000,54.0000,-30.0000,9.536743e-07,0.000000e+00,9.536743e-07,7.064254e-06,183.2917,44.0045,-105.8370,188.5000,IK_OK
G0211,L3,-13.5000,54.0000,-30.0000,-9.536743e-07,0.000000e+00,9.536743e-07,7.064254e-06,183.2917,-44.0045,-105.8370,188.5000,IK_OK
G0212,R1,-13.5000,54.0000,-30.0000,-9.536743e-07,0.000000e+00,9.536743e-07,7.064254e-06,183.2917,-44.0045,-105.8370,188.5000,IK_OK
G0212,R2,13.5000,81.0000,-30.0000,9.536743e-07,0.000000e+00,9.536743e-07,7.064254e-06,121.0440,29.0601,-160.8111,124.4835,IK_OK
G0212,R3,-13.5000,54.0000,-30.0000,-9.536743e-07,0.000000e+00,9.536743e-07,7.064254e-06,183.2917,-44.0045,-105.8370,188.5000,IK_OK
G0212,L1,13.5000,81.0000,-30.0000,9.536743e-07,0.000000e+00,9.536743e-07,7.064254e-06,121.0440,29.0601,-160.8111,124.4835,IK_OK
G0212,L2,-13.5000,54.0000,-30.0000,-9.536743e-07,0.000000e+00,9.536743e-07,7.064254e-06,183.2917,-44.0045,-105.8370,188.5000,IK_OK
G0212,L3,13.5000,81.0000,-30.0000,9.536743e-07,0.000000e+00,9.536743e-07,7.064254e-06,121.0440,29.0601,-160.8111,124.4835,IK_OK
G0213,R1,-13.5000,54.0000,-30.0000,-9.536743e-07,0.000000e+00,9.536743e-07,7.064254e-06,183.2917,-44.0045,-105.8370,188.5000,IK_OK
G0213,R2,13.5000,54.0000,-30.0000,9.536743e-07,0.000000e+00,9.536743e-07,7.064254e-06,183.2917,44.0045,-105.8370,188.5000,IK_OK
G0213,R3,-13.5000,54.0000,-30.0000,-9.536743e-07,0.000000e+00,9.536743e-07,7.064254e-06,183.2917,-44.0045,-105.8370,188.5000,IK_OK
G0213,L1,13.5000,54.0000,-30.0000,9.536743e-07,0.000000e+00,9.536743e-07,7.064254e-06,183.2917,44.0045,-105.8370,188.5000,IK_OK
G0213,L2,-13.5000,54.0000,-30.0000,-9.536743e-07,0.000000e+00,9.536743e-07,7.064254e-06,183.2917,-44.0045,-105.8370,188.5000,IK_OK
G0213,L3,13.5000,54.0000,-30.0000,9.536743e-07,0.000000e+00,9.536743e-07,7.064254e-06,183.2917,44.0045,-105.8370,188.5000,IK_OK
G0214,R1,13.5000,81.0000,-30.0000,9.536743e-07,0.000000e+00,9.536743e-07,7.064254e-06,121.0440,29.0601,-160.8111,124.4835,IK_OK
G0214,R2,-13.5000,54.0000,-30.0000,-9.536743e-07,0.000000e+00,9.536743e-07,7.064254e-06,183.2917,-44.0045,-105.8370,188.5000,IK_OK
G0214,R3,13.5000,81.0000,-30.0000,9.536743e-07,0.000000e+00,9.536743e-07,7.064254e-06,121.0440,29.0601,-160.8111,124.4835,IK_OK
G0214,L1,-13.5000,54.0000,-30.0000,-9.536743e-07,0.000000e+00,9.536743e-07,7.064254e-06,183.2917,-44.0045,-105.8370,188.5000,IK_OK
G0214,L2,13.5000,81.0000,-30.0000,9.536743e-07,0.000000e+00,9.536743e-07,7.064254e-06,121.0440,29.0601,-160.8111,124.4835,IK_OK
G0214,L3,-13.5000,54.0000,-30.0000,-9.536743e-07,0.000000e+00,9.536743e-07,7.064254e-06,183.2917,-44.0045,-105.8370,188.5000,IK_OK
G0215,R1,13.5000,54.0000,-30.0000,9.536743e-07,0.000000e+00,9.536743e-07,7.064254e-06,183.2917,44.0045,-105.8370,188.5000,IK_OK
G0215,R2,-13.5000,54.0000,-30.0000,-9.536743e-07,0.000000e+00,9.536743e-07,7.064254e-06,183.2917,-44.0045,-105.8370,188.5000,IK_OK
G0215,R3,13.5000,54.0000,-30.0000,9.536743e-07,0.000000e+00,9.536743e-07,7.064254e-06,183.2917,44.0045,-105.8370,188.5000,IK_OK
G0215,L1,-13.5000,54.0000,-30.0000,-9.536743e-07,0.000000e+00,9.536743e-07,7.064254e-06,183.2917,-44.0045,-105.8370,188.5000,IK_OK
G0215,L2,13.5000,54.0000,-30.0000,9.536743e-07,0.000000e+00,9.536743e-07,7.064254e-06,183.2917,44.0045,-105.8370,188.5000,IK_OK
G0215,L3,-13.5000,54.0000,-30.0000,-9.536743e-07,0.000000e+00,9.536743e-07,7.064254e-06,183.2917,-44.0045,-105.8370,188.5000,IK_OK
G0216,R1,-13.5000,54.0000,-30.0000,-9.536743e-07,0.000000e+00,9.536743e-07,7.064254e-06,183.2917,-44.0045,-105.8370,188.5000,IK_OK
G0216,R2,13.5000,81.0000,-30.0000,9.536743e-07,0.000000e+00,9.536743e-07,7.064254e-06,121.0440,29.0601,-160.8111,124.4835,IK_OK
G0216,R3,-13.5000,54.0000,-30.0000,-9.536743e-07,0.000000e+00,9.536743e-07,7.064254e-06,183.2917,-44.0045,-105.8370,188.5000,IK_OK
G0216,L1,13.5000,81.0000,-30.0000,9.536743e-07,0.000000e+00,9.536743e-07,7.064254e-06,121.0440,29.0601,-160.8111,124.4835,IK_OK
G0216,L2,-13.5000,54.0000,-30.0000,-9.536743e-07,0.000000e+00,9.536743e-07,7.064254e-06,183.2917,-44.0045,-105.8370,188.5000,IK_OK
G0216,L3,13.5000,81.0000,-30.0000,9.536743e-07,0.000000e+00,9.536743e-07,7.064254e-06,121.0440,29.0601,-160.8111,124.4835,IK_OK
G0217,R1,-13.5000,54.0000,-30.0000,-9.536743e-07,0.000000e+00,9.536743e-07,7.064254e-06,183.2917,-44.0045,-105.8370,188.5000,IK_OK
G0217,R2,13.5000,54.0000,-30.0000,9.536743e-07,0.000000e+00,9.536743e-07,7.064254e-06,183.2917,44.0045,-105.8370,188.5000,IK_OK
G0217,R3,-13.5000,54.0000,-30.0000,-9.536743e-07,0.000000e+00,9.536743e-07,7.064254e-06,183.2917,-44.0045,-105.8370,188.5000,IK_OK
G0217,L1,13.5000,54.0000,-30.0000,9.536743e-07,0.000000e+00,9.536743e-07,7.064254e-06,183.2917,44.0045,-105.8370,188.5000,IK_OK
G0217,L2,-13.5000,54.0000,-30.0000,-9.536743e-07,0.000000e+00,9.536743e-07,7.064254e-06,183.2917,-44.0045,-105.8370,188.5000,IK_OK
G0217,L3,13.5000,54.0000,-30.0000,9.536743e-07,0.000000e+00,9.536743e-07,7.064254e-06,183.2917,44.0045,-105.8370,188.5000,IK_OK
G0218,R1,0.0000,40.5000,-30.0000,0.000000e+00,0.000000e+00,0.000000e+00,0.000000e+00,209.1593,0.0000,-68.7130,209.1593,IK_OK
G0218,R2,0.0000,40.5000,-30.0000,0.000000e+00,0.000000e+00,0.000000e+00,0.000000e+00,209.1593,0.0000,-68.7130,209.1593,IK_OK
G0218,R3,0.0000,40.5000,-30.0000,0.000000e+00,0.000000e+00,0.000000e+00,0.000000e+00,209.1593,0.0000,-68.7130,209.1593,IK_OK
G0218,L1,0.0000,40.5000,-30.0000,0.000000e+00,0.000000e+00,0.000000e+00,0.000000e+00,209.1593,0.0000,-68.7130,209.1593,IK_OK
G0218,L2,0.0000,40.5000,-30.0000,0.000000e+00,0.000000e+00,0.000000e+00,0.000000e+00,209.1593,0.0000,-68.7130,209.1593,IK_OK
G0218,L3,0.0000,40.5000,-30.0000,0.000000e+00,0.000000e+00,0.000000e+00,0.000000e+00,209.1593,0.0000,-68.7130,209.1593,IK_OK
G0219,R1,0.0000,0.0000,-30.0000,0.000000e+00,0.000000e+00,0.000000e+00,0.000000e+00,213.7345,0.0000,56.3116,213.7345,IK_OK
G0219,R2,0.0000,0.0000,-30.0000,0.000000e+00,0.000000e+00,0.000000e+00,0.000000e+00,213.7345,0.0000,56.3116,213.7345,IK_OK
G0219,R3,0.0000,0.0000,-30.0000,0.000000e+00,0.000000e+00,0.000000e+00,0.000000e+00,213.7345,0.0000,56.3116,213.7345,IK_OK
G0219,L1,0.0000,0.0000,-30.0000,0.000000e+00,0.000000e+00,0.000000e+00,0.000000e+00,213.7345,0.0000,56.3116,213.7345,IK_OK
G0219,L2,0.0000,0.0000,-30.0000,0.000000e+00,0.000000e+00,0.000000e+00,0.000000e+00,213.7345,0.0000,56.3116,213.7345,IK_OK
G0219,L3,0.0000,0.0000,-30.0000,0.000000e+00,0.000000e+00,0.000000e+00,0.000000e+00,213.7345,0.0000,56.3116,213.7345,IK_OK
G0220,R1,0.0000,-47.2500,-30.0000,0.000000e+00,0.000000e+00,0.000000e+00,0.000000e+00,117.2226,0.0000,164.3328,117.2226,IK_OK
G0220,R2,0.0000,-47.2500,-30.0000,0.000000e+00,0.000000e+00,0.000000e+00,0.000000e+00,117.2226,0.0000,164.3328,117.2226,IK_OK
G0220,R3,0.0000,-47.2500,-30.0000,0.000000e+00,0.000000e+00,0.000000e+00,0.000000e+00,117.2226,0.0000,164.3328,117.2226,IK_OK
G0220,L1,0.0000,-47.2500,-30.0000,0.000000e+00,0.000000e+00,0.000000e+00,0.000000e+00,117.2226,0.0000,164.3328,117.2226,IK_OK
G0220,L2,0.0000,-47.2500,-30.0000,0.000000e+00,0.000000e+00,0.000000e+00,0.000000e+00,117.2226,0.0000,164.3328,117.2226,IK_OK
G0220,L3,0.0000,-47.2500,-30.0000,0.000000e+00,0.000000e+00,0.000000e+00,0.000000e+00,117.2226,0.0000,164.3328,117.2226,IK_OK
G0221,R1,0.0000,0.0000,-30.0000,0.000000e+00,0.000000e+00,0.000000e+00,0.000000e+00,213.7345,0.0000,56.3116,213.7345,IK_OK
G0221,R2,0.0000,0.0000,-30.0000,0.000000e+00,0.000000e+00,0.000000e+00,0.000000e+00,213.7345,0.0000,56.3116,213.7345,IK_OK
G0221,R3,0.0000,0.0000,-30.0000,0.000000e+00,0.000000e+00,0.000000e+00,0.000000e+00,213.7345,0.0000,56.3116,213.7345,IK_OK
G0221,L1,0.0000,0.0000,-30.0000,0.000000e+00,0.000000e+00,0.000000e+00,0.000000e+00,213.7345,0.0000,56.3116,213.7345,IK_OK
G0221,L2,0.0000,0.0000,-30.0000,0.000000e+00,0.000000e+00,0.000000e+00,0.000000e+00,213.7345,0.0000,56.3116,213.7345,IK_OK
G0221,L3,0.0000,0.0000,-30.0000,0.000000e+00,0.000000e+00,0.000000e+00,0.000000e+00,213.7345,0.0000,56.3116,213.7345,IK_OK
G0222,R1,13.5000,27.0000,-30.0000,9.536743e-07,0.000000e+00,9.536743e-07,7.064254e-06,214.4868,51.4937,-27.7919,220.5814,IK_OK
G0222,R2,-13.5000,0.0000,-30.0000,-9.536743e-07,0.000000e+00,9.536743e-07,7.064254e-06,207.8290,-49.8953,56.3116,213.7345,IK_OK
G0222,R3,13.5000,27.0000,-30.0000,9.536743e-07,0.000000e+00,9.536743e-07,7.064254e-06,214.4868,51.4937,-27.7919,220.5814,IK_OK
G0222,L1,-13.5000,0.0000,-30.0000,-9.536743e-07,0.000000e+00,9.536743e-07,7.064254e-06,207.8290,-49.8953,56.3116,213.7345,IK_OK
G0222,L2,13.5000,27.0000,-30.0000,9.536743e-07,0.000000e+00,9.536743e-07,7.064254e-06,214.4868,51.4937,-27.7919,220.5814,IK_OK
G0222,L3,-13.5000,0.0000,-30.0000,-9.536743e-07,0.000000e+00,9.536743e-07,7.064254e-06,207.8290,-49.8953,56.3116,213.7345,IK_OK
G0223,R1,13.5000,0.0000,-30.0000,9.536743e-07,0.000000e+00,9.536743e-07,7.064254e-06,207.8290,49.8953,56.3116,213.7345,IK_OK
G0223,R2,-13.5000,0.0000,-30.0000,-9.536743e-07,0.000000e+00,9.536743e-07,7.064254e-06,207.8290,-49.8953,56.3116,213.7345,IK_OK
G0223,R3,13.5000,0.0000,-30.0000,9.536743e-07,0.000000e+00,9.536743e-07,7.064254e-06,207.8290,49.8953,56.3116,213.7345,IK_OK
G0223,L1,-13.5000,0.0000,-30.0000,-9.536743e-07,0.000000e+00,9.536743e-07,7.064254e-06,207.8290,-49.8953,56.3116,213.7345,IK_OK
G0223,L2,13.5000,0.0000,-30.0000,9.536743e-07,0.000000e+00,9.536743e-07,7.064254e-06,207.8290,49.8953,56.3116,213.7345,IK_OK
G0223,L3,-13.5000,0.0000,-30.0000,-9.536743e-07,0.000000e+00,9.536743e-07,7.064254e-06,207.8290,-49.8953,56.3116,213.7345,IK_OK
G0224,R1,-13.5000,0.0000,-30.0000,-9.536743e-07,0.000000e+00,9.536743e-07,7.064254e-06,207.8290,-49.8953,56.3116,213.7345,IK_OK
G0224,R2,13.5000,27.0000,-30.0000,9.536743e-07,0.000000e+00,9.536743e-07,7.064254e-06,214.4868,51.4937,-27.7919,220.5814,IK_OK
G0224,R3,-13.5000,0.0000,-30.0000,-9.536743e-07,0.000000e+00,9.536743e-07,7.064254e-06,207.8290,-49.8953,56.3116,213.7345,IK_OK
G0224,L1,13.5000,27.0000,-30.0000,9.536743e-07,0.000000e+00,9.536743e-07,7.064254e-06,214.4868,51.4937,-27.7919,220.5814,IK_OK
G0224,L2,-13.5000,0.0000,-30.0000,-9.536743e-07,0.000000e+00,9.536743e-07,7.064254e-06,207.8290,-49.8953,56.3116,213.7345,IK_OK
G0224,L3,13.5000,27.0000,-30.0000,9.536743e-07,0.000000e+00,9.536743e-07,7.064254e-06,214.4868,51.4937,-27.7919,220.5814,IK_OK
G0225,R1,-13.5000,0.0000,-30.0000,-9.536743e-07,0.000000e+00,9.536743e-07,7.064254e-06,207.8290,-49.8953,56.3116,213.7345,IK_OK
G0225,R2,13.5000,0.0000,-30.0000,9.536743e-07,0.000000e+00,9.536743e-07,7.064254e-06,207.8290,49.8953,56.3116,213.7345,IK_OK
G0225,R3,-13.5000,0.0000,-30.0000,-9.536743e-07,0.000000e+00,9.536743e-07,7.064254e-06,207.8290,-49.8953,56.3116,213.7345,IK_OK
G0225,L1,13.5000,0.0000,-30.0000,9.536743e-07,0.000000e+00,9.536743e-07,7.064254e-06,207.8290,49.8953,56.3116,213.7345,IK_OK
G0225,L2,-13.5000,0.0000,-30.0000,-9.536743e-07,0.000000e+00,9.536743e-07,7.064254e-06,207.8290,-49.8953,56.3116,213.7345,IK_OK
G0225,L3,13.5000,0.0000,-30.0000,9.536743e-07,0.000000e+00,9.536743e-07,7.064254e-06,207.8290,49.8953,56.3116,213.7345,IK_OK
G0226,R1,13.5000,27.0000,-30.0000,9.536743e-07,0.000000e+00,9.536743e-07,7.064254e-06,214.4868,51.4937,-27.7919,220.5814,IK_OK
G0226,R2,-13.5000,0.0000,-30.0000,-9.536743e-07,0.000000e+00,9.536743e-07,7.064254e-06,207.8290,-49.8953,56.3116,213.7345,IK_OK
G0226,R3,13.5000,27.0000,-30.0000,9.536743e-07,0.000000e+00,9.536743e-07,7.064254e-06,214.4868,51.4937,-27.7919,220.5814,IK_OK
G0226,L1,-13.5000,0.0000,-30.0000,-9.536743e-07,0.000000e+00,9.536743e-07,7.064254e-06,207.8290,-49.8953,56.3116,213.7345,IK_OK
G0226,L2,13.5000,27.0000,-30.0000,9.536743e-07,0.000000e+00,9.536743e-07,7.064254e-06,214.4868,51.4937,-27.7919,220.5814,IK_OK
G0226,L3,-13.5000,0.0000,-30.0000,-9.536743e-07,0.000000e+00,9.536743e-07,7.064254e-06,207.8290,-49.8953,56.3116,213.7345,IK_OK
G0227,R1,13.5000,0.0000,-30.0000,9.536743e-07,0.000000e+00,9.536743e-07,7.064254e-06,207.8290,49.8953,56.3116,213.7345,IK_OK
G0227,R2,-13.5000,0.0000,-30.0000,-9.536743e-07,0.000000e+00,9.536743e-07,7.064254e-06,207.8290,-49.8953,56.3116,213.7345,IK_OK
G0227,R3,13.5000,0.0000,-30.0000,9.536743e-07,0.000000e+00,9.536743e-07,7.064254e-06,207.8290,49.8953,56.3116,213.7345,IK_OK
G0227,L1,-13.5000,0.0000,-30.0000,-9.536743e-07,0.000000e+00,9.536743e-07,7.064254e-06,207.8290,-49.8953,56.3116,213.7345,IK_OK
G0227,L2,13.5000,0.0000,-30.0000,9.536743e-07,0.000000e+00,9.536743e-07,7.064254e-06,207.8290,49.8953,56.3116,213.7345,IK_OK
G0227,L3,-13.5000,0.0000,-30.0000,-9.536743e-07,0.000000e+00,9.536743e-07,7.064254e-06,207.8290,-49.8953,56.3116,213.7345,IK_OK
G0228,R1,-13.5000,0.0000,-30.0000,-9.536743e-07,0.000000e+00,9.536743e-07,7.064254e-06,207.8290,-49.8953,56.3116,213.7345,IK_OK
G0228,R2,13.5000,27.0000,-30.0000,9.536743e-07,0.000000e+00,9.536743e-07,7.064254e-06,214.4868,51.4937,-27.7919,220.5814,IK_OK
G0228,R3,-13.5000,0.0000,-30.0000,-9.536743e-07,0.000000e+00,9.536743e-07,7.064254e-06,207.8290,-49.8953,56.3116,213.7345,IK_OK
G0228,L1,13.5000,27.0000,-30.0000,9.536743e-07,0.000000e+00,9.536743e-07,7.064254e-06,214.4868,51.4937,-27.7919,220.5814,IK_OK
G0228,L2,-13.5000,0.0000,-30.0000,-9.536743e-07,0.000000e+00,9.536743e-07,7.064254e-06,207.8290,-49.8953,56.3116,213.7345,IK_OK
G0228,L3,13.5000,27.0000,-30.0000,9.536743e-07,0.000000e+00,9.536743e-07,7.064254e-06,214.4868,51.4937,-27.7919,220.5814,IK_OK
G0229,R1,-13.5000,0.0000,-30.0000,-9.536743e-07,0.000000e+00,9.536743e-07,7.064254e-06,207.8290,-49.8953,56.3116,213.7345,IK_OK
G0229,R2,13.5000,0.0000,-30.0000,9.536743e-07,0.000000e+00,9.536743e-07,7.064254e-06,207.8290,49.8953,56.3116,213.7345,IK_OK
G0229,R3,-13.5000,0.0000,-30.0000,-9.536743e-07,0.000000e+00,9.536743e-07,7.064254e-06,207.8290,-49.8953,56.3116,213.7345,IK_OK
G0229,L1,13.5000,0.0000,-30.0000,9.536743e-07,0.000000e+00,9.536743e-07,7.064254e-06,207.8290,49.8953,56.3116,213.7345,IK_OK
G0229,L2,-13.5000,0.0000,-30.0000,-9.536743e-07,0.000000e+00,9.536743e-07,7.064254e-06,207.8290,-49.8953,56.3116,213.7345,IK_OK
G0229,L3,13.5000,0.0000,-30.0000,9.536743e-07,0.000000e+00,9.536743e-07,7.064254e-06,207.8290,49.8953,56.3116,213.7345,IK_OK
G0230,R1,13.5000,27.0000,-30.0000,9.536743e-07,0.000000e+00,9.536743e-07,7.064254e-06,214.4868,51.4937,-27.7919,220.5814,IK_OK
G0230,R2,-13.5000,0.0000,-30.0000,-9.536743e-07,0.000000e+00,9.536743e-07,7.064254e-06,207.8290,-49.8953,56.3116,213.7345,IK_OK
G0230,R3,13.5000,27.0000,-30.0000,9.536743e-07,0.000000e+00,9.536743e-07,7.064254e-06,214.4868,51.4937,-27.7919,220.5814,IK_OK
G0230,L1,-13.5000,0.0000,-30.0000,-9.536743e-07,0.000000e+00,9.536743e-07,7.064254e-06,207.8290,-49.8953,56.3116,213.7345,IK_OK
G0230,L2,13.5000,27.0000,-30.0000,9.536743e-07,0.000000e+00,9.536743e-07,7.064254e-06,214.4868,51.4937,-27.7919,220.5814,IK_OK
G0230,L3,-13.5000,0.0000,-30.0000,-9.536743e-07,0.000000e+00,9.536743e-07,7.064254e-06,207.8290,-49.8953,56.3116,213.7345,IK_OK
G0231,R1,13.5000,0.0000,-30.0000,9.536743e-07,0.000000e+00,9.536743e-07,7.064254e-06,207.8290,49.8953,56.3116,213.7345,IK_OK
G0231,R2,-13.5000,0.0000,-30.0000,-9.536743e-07,0.000000e+00,9.536743e-07,7.064254e-06,207.8290,-49.8953,56.3116,213.7345,IK_OK
G0231,R3,13.5000,0.0000,-30.0000,9.536743e-07,0.000000e+00,9.536743e-07,7.064254e-06,207.8290,49.8953,56.3116,213.7345,IK_OK
G0231,L1,-13.5000,0.0000,-30.0000,-9.536743e-07,0.000000e+00,9.536743e-07,7.064254e-06,207.8290,-49.8953,56.3116,213.7345,IK_OK
G0231,L2,13.5000,0.0000,-30.0000,9.536743e-07,0.000000e+00,9.536743e-07,7.064254e-06,207.8290,49.8953,56.3116,213.7345,IK_OK
G0231,L3,-13.5000,0.0000,-30.0000,-9.536743e-07,0.000000e+00,9.536743e-07,7.064254e-06,207.8290,-49.8953,56.3116,213.7345,IK_OK
G0232,R1,-13.5000,0.0000,-30.0000,-9.536743e-07,0.000000e+00,9.536743e-07,7.064254e-06,207.8290,-49.8953,56.3116,213.7345,IK_OK
G0232,R2,13.5000,27.0000,-30.0000,9.536743e-07,0.000000e+00,9.536743e-07,7.064254e-06,214.4868,51.4937,-27.7919,220.5814,IK_OK
G0232,R3,-13.5000,0.0000,-30.0000,-9.536743e-07,0.000000e+00,9.536743e-07,7.064254e-06,207.8290,-49.8953,56.3116,213.7345,IK_OK
G0232,L1,13.5000,27.0000,-30.0000,9.536743e-07,0.000000e+00,9.536743e-07,7.064254e-06,214.4868,51.4937,-27.7919,220.5814,IK_OK
G0232,L2,-13.5000,0.0000,-30.0000,-9.536743e-07,0.000000e+00,9.536743e-07,7.064254e-06,207.8290,-49.8953,56.3116,213.7345,IK_OK
G0232,L3,13.5000,27.0000,-30.0000,9.536743e-07,0.000000e+00,9.536743e-07,7.064254e-06,214.4868,51.4937,-27.7919,220.5814,IK_OK
G0233,R1,-13.5000,0.0000,-30.0000,-9.536743e-07,0.000000e+00,9.536743e-07,7.064254e-06,207.8290,-49.8953,56.3116,213.7345,IK_OK
G0233,R2,13.5000,0.0000,-30.0000,9.536743e-07,0.000000e+00,9.536743e-07,7.064254e-06,207.8290,49.8953,56.3116,213.7345,IK_OK
G0233,R3,-13.5000,0.0000,-30.0000,-9.536743e-07,0.000000e+00,9.536743e-07,7.064254e-06,207.8290,-49.8953,56.3116,213.7345,IK_OK
G0233,L1,13.5000,0.0000,-30.0000,9.536743e-07,0.000000e+00,9.536743e-07,7.064254e-06,207.8290,49.8953,56.3116,213.7345,IK_OK
G0233,L2,-13.5000,0.0000,-30.0000,-9.536743e-07,0.000000e+00,9.536743e-07,7.064254e-06,207.8290,-49.8953,56.3116,213.7345,IK_OK
G0233,L3,13.5000,0.0000,-30.0000,9.536743e-07,0.000000e+00,9.536743e-07,7.064254e-06,207.8290,49.8953,56.3116,213.7345,IK_OK
G0234,R1,0.0000,0.0000,-30.0000,0.000000e+00,0.000000e+00,0.000000e+00,0.000000e+00,213.7345,0.0000,56.3116,213.7345,IK_OK
G0234,R2,0.0000,0.0000,-30.0000,0.000000e+00,0.000000e+00,0.000000e+00,0.000000e+00,213.7345,0.0000,56.3116,213.7345,IK_OK
G0234,R3,0.0000,0.0000,-30.0000,0.000000e+00,0.000000e+00,0.000000e+00,0.000000e+00,213.7345,0.0000,56.3116,213.7345,IK_OK
G0234,L1,0.0000,0.0000,-30.0000,0.000000e+00,0.000000e+00,0.000000e+00,0.000000e+00,213.7345,0.0000,56.3116,213.7345,IK_OK
G0234,L2,0.0000,0.0000,-30.0000,0.000000e+00,0.000000e+00,0.000000e+00,0.000000e+00,213.7345,0.0000,56.3116,213.7345,IK_OK
G0234,L3,0.0000,0.0000,-30.0000,0.000000e+00,0.000000e+00,0.000000e+00,0.000000e+00,213.7345,0.0000,56.3116,213.7345,IK_OK
G0235,R1,0.0000,40.5000,-30.0000,0.000000e+00,0.000000e+00,0.000000e+00,0.000000e+00,209.1593,0.0000,-68.7130,209.1593,IK_OK
G0235,R2,0.0000,40.5000,-30.0000,0.000000e+00,0.000000e+00,0.000000e+00,0.000000e+00,209.1593,0.0000,-68.7130,209.1593,IK_OK
G0235,R3,0.0000,40.5000,-30.0000,0.000000e+00,0.000000e+00,0.000000e+00,0.000000e+00,209.1593,0.0000,-68.7130,209.1593,IK_OK
G0235,L1,0.0000,40.5000,-30.0000,0.000000e+00,0.000000e+00,0.000000e+00,0.000000e+00,209.1593,0.0000,-68.7130,209.1593,IK_OK
G0235,L2,0.0000,40.5000,-30.0000,0.000000e+00,0.000000e+00,0.000000e+00,0.000000e+00,209.1593,0.0000,-68.7130,209.1593,IK_OK
G0235,L3,0.0000,40.5000,-30.0000,0.000000e+00,0.000000e+00,0.000000e+00,0.000000e+00,209.1593,0.0000,-68.7130,209.1593,IK_OK
G0236,R1,0.0000,0.0000,-30.0000,0.000000e+00,0.000000e+00,0.000000e+00,0.000000e+00,213.7345,0.0000,56.3116,213.7345,IK_OK
G0236,R2,0.0000,0.0000,-30.0000,0.000000e+00,0.000000e+00,0.000000e+00,0.000000e+00,213.7345,0.0000,56.3116,213.7345,IK_OK
G0236,R3,0.0000,0.0000,-30.0000,0.000000e+00,0.000000e+00,0.000000e+00,0.000000e+00,213.7345,0.0000,56.3116,213.7345,IK_OK
G0236,L1,0.0000,0.0000,-30.0000,0.000000e+00,0.000000e+00,0.000000e+00,0.000000e+00,213.7345,0.0000,56.3116,213.7345,IK_OK
G0236,L2,0.0000,0.0000,-30.0000,0.000000e+00,0.000000e+00,0.000000e+00,0.000000e+00,213.7345,0.0000,56.3116,213.7345,IK_OK
G0236,L3,0.0000,0.0000,-30.0000,0.000000e+00,0.000000e+00,0.000000e+00,0.000000e+00,213.7345,0.0000,56.3116,213.7345,IK_OK
G0237,R1,-47.2500,0.0000,-30.0000,0.000000e+00,0.000000e+00,0.000000e+00,0.000000e+00,145.0831,-156.9500,56.3116,213.7345,IK_OK
G0237,R2,0.0000,0.0000,-30.0000,0.000000e+00,0.000000e+00,0.000000e+00,0.000000e+00,213.7345,0.0000,56.3116,213.7345,IK_OK
G0237,R3,47.2500,0.0000,-30.0000,0.000000e+00,0.000000e+00,0.000000e+00,0.000000e+00,145.0831,156.9500,56.3116,213.7345,IK_OK
G0237,L1,47.2500,0.0000,-30.0000,0.000000e+00,0.000000e+00,0.000000e+00,0.000000e+00,145.0831,156.9500,56.3116,213.7345,IK_OK
G0237,L2,0.0000,0.0000,-30.0000,0.000000e+00,0.000000e+00,0.000000e+00,0.000000e+00,213.7345,0.0000,56.3116,213.7345,IK_OK
G0237,L3,-47.2500,0.0000,-30.0000,0.000000e+00,0.000000e+00,0.000000e+00,0.000000e+00,145.0831,-156.9500,56.3116,213.7345,IK_OK
G0254,R1,-47.2500,0.0000,-30.0000,0.000000e+00,0.000000e+00,0.000000e+00,0.000000e+00,145.0831,-156.9500,56.3116,213.7345,IK_OK
G0254,R2,0.0000,0.0000,-30.0000,0.000000e+00,0.000000e+00,0.000000e+00,0.000000e+00,213.7345,0.0000,56.3116,213.7345,IK_OK
G0254,R3,47.2500,0.0000,-30.0000,0.000000e+00,0.000000e+00,0.000000e+00,0.000000e+00,145.0831,156.9500,56.3116,213.7345,IK_OK
G0254,L1,47.2500,0.0000,-30.0000,0.000000e+00,0.000000e+00,0.000000e+00,0.000000e+00,145.0831,156.9500,56.3116,213.7345,IK_OK
G0254,L2,0.0000,0.0000,-30.0000,0.000000e+00,0.000000e+00,0.000000e+00,0.000000e+00,213.7345,0.0000,56.3116,213.7345,IK_OK
G0254,L3,-47.2500,0.0000,-30.0000,0.000000e+00,0.000000e+00,0.000000e+00,0.000000e+00,145.0831,-156.9500,56.3116,213.7345,IK_OK
G0271,R1,-47.2500,0.0000,-30.0000,0.000000e+00,0.000000e+00,0.000000e+00,0.000000e+00,145.0831,-156.9500,56.3116,213.7345,IK_OK
G0271,R2,0.0000,0.0000,-30.0000,0.000000e+00,0.000000e+00,0.000000e+00,0.000000e+00,213.7345,0.0000,56.3116,213.7345,IK_OK
G0271,R3,47.2500,0.0000,-30.0000,0.000000e+00,0.000000e+00,0.000000e+00,0.000000e+00,145.0831,156.9500,56.3116,213.7345,IK_OK
G0271,L1,47.2500,0.0000,-30.0000,0.000000e+00,0.000000e+00,0.000000e+00,0.000000e+00,145.0831,156.9500,56.3116,213.7345,IK_OK
G0271,L2,0.0000,0.0000,-30.0000,0.000000e+00,0.000000e+00,0.000000e+00,0.000000e+00,213.7345,0.0000,56.3116,213.7345,IK_OK
G0271,L3,-47.2500,0.0000,-30.0000,0.000000e+00,0.000000e+00,0.000000e+00,0.000000e+00,145.0831,-156.9500,56.3116,213.7345,IK_OK
G0272,R1,0.0000,0.0000,-30.0000,0.000000e+00,0.000000e+00,0.000000e+00,0.000000e+00,213.7345,0.0000,56.3116,213.7345,IK_OK
G0272,R2,0.0000,0.0000,-30.0000,0.000000e+00,0.000000e+00,0.000000e+00,0.000000e+00,213.7345,0.0000,56.3116,213.7345,IK_OK
G0272,R3,0.0000,0.0000,-30.0000,0.000000e+00,0.000000e+00,0.000000e+00,0.000000e+00,213.7345,0.0000,56.3116,213.7345,IK_OK
G0272,L1,0.0000,0.0000,-30.0000,0.000000e+00,0.000000e+00,0.000000e+00,0.000000e+00,213.7345,0.0000,56.3116,213.7345,IK_OK
G0272,L2,0.0000,0.0000,-30.0000,0.000000e+00,0.000000e+00,0.000000e+00,0.000000e+00,213.7345,0.0000,56.3116,213.7345,IK_OK
G0272,L3,0.0000,0.0000,-30.0000,0.000000e+00,0.000000e+00,0.000000e+00,0.000000e+00,213.7345,0.0000,56.3116,213.7345,IK_OK
G0273,R1,-13.5000,27.0000,-30.0000,-9.536743e-07,0.000000e+00,9.536743e-07,7.064254e-06,214.4868,-51.4937,-27.7919,220.5814,IK_OK
G0273,R2,13.5000,0.0000,-30.0000,9.536743e-07,0.000000e+00,9.536743e-07,7.064254e-06,207.8290,49.8953,56.3116,213.7345,IK_OK
G0273,R3,-13.5000,27.0000,-30.0000,-9.536743e-07,0.000000e+00,9.536743e-07,7.064254e-06,214.4868,-51.4937,-27.7919,220.5814,IK_OK
G0273,L1,13.5000,0.0000,-30.0000,9.536743e-07,0.000000e+00,9.536743e-07,7.064254e-06,207.8290,49.8953,56.3116,213.7345,IK_OK
G0273,L2,-13.5000,27.0000,-30.0000,-9.536743e-07,0.000000e+00,9.536743e-07,7.064254e-06,214.4868,-51.4937,-27.7919,220.5814,IK_OK
G0273,L3,13.5000,0.0000,-30.0000,9.536743e-07,0.000000e+00,9.536743e-07,7.064254e-06,207.8290,49.8953,56.3116,213.7345,IK_OK
G0274,R1,-13.5000,0.0000,-30.0000,-9.536743e-07,0.000000e+00,9.536743e-07,7.064254e-06,207.8290,-49.8953,56.3116,213.7345,IK_OK
G0274,R2,13.5000,0.0000,-30.0000,9.536743e-07,0.000000e+00,9.536743e-07,7.064254e-06,207.8290,49.8953,56.3116,213.7345,IK_OK
G0274,R3,-13.5000,0.0000,-30.0000,-9.536743e-07,0.000000e+00,9.536743e-07,7.064254e-06,207.8290,-49.8953,56.3116,213.7345,IK_OK
G0274,L1,13.5000,0.0000,-30.0000,9.536743e-07,0.000000e+00,9.536743e-07,7.064254e-06,207.8290,49.8953,56.3116,213.7345,IK_OK
G0274,L2,-13.5000,0.0000,-30.0000,-9.536743e-07,0.000000e+00,9.536743e-07,7.064254e-06,207.8290,-49.8953,56.3116,213.7345,IK_OK
G0274,L3,13.5000,0.0000,-30.0000,9.536743e-07,0.000000e+00,9.536743e-07,7.064254e-06,207.8290,49.8953,56.3116,213.7345,IK_OK
G0275,R1,13.5000,0.0000,-30.0000,9.536743e-07,0.000000e+00,9.536743e-07,7.064254e-06,207.8290,49.8953,56.3116,213.7345,IK_OK
G0275,R2,-13.5000,27.0000,-30.0000,-9.536743e-07,0.000000e+00,9.536743e-07,7.064254e-06,214.4868,-51.4937,-27.7919,220.5814,IK_OK
G0275,R3,13.5000,0.0000,-30.0000,9.536743e-07,0.000000e+00,9.536743e-07,7.064254e-06,207.8290,49.8953,56.3116,213.7345,IK_OK
G0275,L1,-13.5000,27.0000,-30.0000,-9.536743e-07,0.000000e+00,9.536743e-07,7.064254e-06,214.4868,-51.4937,-27.7919,220.5814,IK_OK
G0275,L2,13.5000,0.0000,-30.0000,9.536743e-07,0.000000e+00,9.536743e-07,7.064254e-06,207.8290,49.8953,56.3116,213.7345,IK_OK
G0275,L3,-13.5000,27.0000,-30.0000,-9.536743e-07,0.000000e+00,9.536743e-07,7.064254e-06,214.4868,-51.4937,-27.7919,220.5814,IK_OK
G0276,R1,13.5000,0.0000,-30.0000,9.536743e-07,0.000000e+00,9.536743e-07,7.064254e-06,207.8290,49.8953,56.3116,213.7345,IK_OK
G0276,R2,-13.5000,0.0000,-30.0000,-9.536743e-07,0.000000e+00,9.536743e-07,7.064254e-06,207.8290,-49.8953,56.3116,213.7345,IK_OK
G0276,R3,13.5000,0.0000,-30.0000,9.536743e-07,0.000000e+00,9.536743e-07,7.064254e-06,207.8290,49.8953,56.3116,213.7345,IK_OK
G0276,L1,-13.5000,0.0000,-30.0000,-9.536743e-07,0.000000e+00,9.536743e-07,7.064254e-06,207.8290,-49.8953,56.3116,213.7345,IK_OK
G0276,L2,13.5000,0.0000,-30.0000,9.536743e-07,0.000000e+00,9.536743e-07,7.064254e-06,207.8290,49.8953,56.3116,213.7345,IK_OK
G0276,L3,-13.5000,0.0000,-30.0000,-9.536743e-07,0.000000e+00,9.536743e-07,7.064254e-06,207.8290,-49.8953,56.3116,213.7345,IK_OK
G0277,R1,-13.5000,27.0000,-30.0000,-9.536743e-07,0.000000e+00,9.536743e-07,7.064254e-06,214.4868,-51.4937,-27.7919,220.5814,IK_OK
G0277,R2,13.5000,0.0000,-30.0000,9.536743e-07,0.000000e+00,9.536743e-07,7.064254e-06,207.8290,49.8953,56.3116,213.7345,IK_OK
G0277,R3,-13.5000,27.0000,-30.0000,-9.536743e-07,0.000000e+00,9.536743e-07,7.064254e-06,214.4868,-51.4937,-27.7919,220.5814,IK_OK
G0277,L1,13.5000,0.0000,-30.0000,9.536743e-07,0.000000e+00,9.536743e-07,7.064254e-06,207.8290,49.8953,56.3116,213.7345,IK_OK
G0277,L2,-13.5000,27.0000,-30.0000,-9.536743e-07,0.000000e+00,9.536743e-07,7.064254e-06,214.4868,-51.4937,-27.7919,220.5814,IK_OK
G0277,L3,13.5000,0.0000,-30.0000,9.536743e-07,0.000000e+00,9.536743e-07,7.064254e-06,207.8290,49.8953,56.3116,213.7345,IK_OK
G0278,R1,-13.5000,0.0000,-30.0000,-9.536743e-07,0.000000e+00,9.536743e-07,7.064254e-06,207.8290,-49.8953,56.3116,213.7345,IK_OK
G0278,R2,13.5000,0.0000,-30.0000,9.536743e-07,0.000000e+00,9.536743e-07,7.064254e-06,207.8290,49.8953,56.3116,213.7345,IK_OK
G0278,R3,-13.5000,0.0000,-30.0000,-9.536743e-07,0.000000e+00,9.536743e-07,7.064254e-06,207.8290,-49.8953,56.3116,213.7345,IK_OK
G0278,L1,13.5000,0.0000,-30.0000,9.536743e-07,0.000000e+00,9.536743e-07,7.064254e-06,207.8290,49.8953,56.3116,213.7345,IK_OK
G0278,L2,-13.5000,0.0000,-30.0000,-9.536743e-07,0.000000e+00,9.536743e-07,7.064254e-06,207.8290,-49.8953,56.3116,213.7345,IK_OK
G0278,L3,13.5000,0.0000,-30.0000,9.536743e-07,0.000000e+00,9.536743e-07,7.064254e-06,207.8290,49.8953,56.3116,213.7345,IK_OK
G0279,R1,13.5000,0.0000,-30.0000,9.536743e-07,0.000000e+00,9.536743e-07,7.064254e-06,207.8290,49.8953,56.3116,213.7345,IK_OK
G0279,R2,-13.5000,27.0000,-30.0000,-9.536743e-07,0.000000e+00,9.536743e-07,7.064254e-06,214.4868,-51.4937,-27.7919,220.5814,IK_OK
G0279,R3,13.5000,0.0000,-30.0000,9.536743e-07,0.000000e+00,9.536743e-07,7.064254e-06,207.8290,49.8953,56.3116,213.7345,IK_OK
G0279,L1,-13.5000,27.0000,-30.0000,-9.536743e-07,0.000000e+00,9.536743e-07,7.064254e-06,214.4868,-51.4937,-27.7919,220.5814,IK_OK
G0279,L2,13.5000,0.0000,-30.0000,9.536743e-07,0.000000e+00,9.536743e-07,7.064254e-06,207.8290,49.8953,56.3116,213.7345,IK_OK
G0279,L3,-13.5000,27.0000,-30.0000,-9.536743e-07,0.000000e+00,9.536743e-07,7.064254e-06,214.4868,-51.4937,-27.7919,220.5814,IK_OK
G0280,R1,13.5000,0.0000,-30.0000,9.536743e-07,0.000000e+00,9.536743e-07,7.064254e-06,207.8290,49.8953,56.3116,213.7345,IK_OK
G0280,R2,-13.5000,0.0000,-30.0000,-9.536743e-07,0.000000e+00,9.536743e-07,7.064254e-06,207.8290,-49.8953,56.3116,213.7345,IK_OK
G0280,R3,13.5000,0.0000,-30.0000,9.536743e-07,0.000000e+00,9.536743e-07,7.064254e-06,207.8290,49.8953,56.3116,213.7345,IK_OK
G0280,L1,-13.5000,0.0000,-30.0000,-9.536743e-07,0.000000e+00,9.536743e-07,7.064254e-06,207.8290,-49.8953,56.3116,213.7345,IK_OK
G0280,L2,13.5000,0.0000,-30.0000,9.536743e-07,0.000000e+00,9.536743e-07,7.064254e-06,207.8290,49.8953,56.3116,213.7345,IK_OK
G0280,L3,-13.5000,0.0000,-30.0000,-9.536743e-07,0.000000e+00,9.536743e-07,7.064254e-06,207.8290,-49.8953,56.3116,213.7345,IK_OK
G0281,R1,-13.5000,27.0000,-30.0000,-9.536743e-07,0.000000e+00,9.536743e-07,7.064254e-06,214.4868,-51.4937,-27.7919,220.5814,IK_OK
G0281,R2,13.5000,0.0000,-30.0000,9.536743e-07,0.000000e+00,9.536743e-07,7.064254e-06,207.8290,49.8953,56.3116,213.7345,IK_OK
G0281,R3,-13.5000,27.0000,-30.0000,-9.536743e-07,0.000000e+00,9.536743e-07,7.064254e-06,214.4868,-51.4937,-27.7919,220.5814,IK_OK
G0281,L1,-13.5000,0.0000,-30.0000,-9.536743e-07,0.000000e+00,9.536743e-07,7.064254e-06,207.8290,-49.8953,56.3116,213.7345,IK_OK
G0281,L2,13.5000,27.0000,-30.0000,9.536743e-07,0.000000e+00,9.536743e-07,7.064254e-06,214.4868,51.4937,-27.7919,220.5814,IK_OK
G0281,L3,-13.5000,0.0000,-30.0000,-9.536743e-07,0.000000e+00,9.536743e-07,7.064254e-06,207.8290,-49.8953,56.3116,213.7345,IK_OK
G0282,R1,-13.5000,0.0000,-30.0000,-9.536743e-07,0.000000e+00,9.536743e-07,7.064254e-06,207.8290,-49.8953,56.3116,213.7345,IK_OK
G0282,R2,13.5000,0.0000,-30.0000,9.536743e-07,0.000000e+00,9.536743e-07,7.064254e-06,207.8290,49.8953,56.3116,213.7345,IK_OK
G0282,R3,-13.5000,0.0000,-30.0000,-9.536743e-07,0.000000e+00,9.536743e-07,7.064254e-06,207.8290,-49.8953,56.3116,213.7345,IK_OK
G0282,L1,-13.5000,0.0000,-30.0000,-9.536743e-07,0.000000e+00,9.536743e-07,7.064254e-06,207.8290,-49.8953,56.3116,213.7345,IK_OK
G0282,L2,13.5000,0.0000,-30.0000,9.536743e-07,0.000000e+00,9.536743e-07,7.064254e-06,207.8290,49.8953,56.3116,213.7345,IK_OK
G0282,L3,-13.5000,0.0000,-30.0000,-9.536743e-07,0.000000e+00,9.536743e-07,7.064254e-06,207.8290,-49.8953,56.3116,213.7345,IK_OK
G0283,R1,13.5000,0.0000,-30.0000,9.536743e-07,0.000000e+00,9.536743e-07,7.064254e-06,207.8290,49.8953,56.3116,213.7345,IK_OK
G0283,R2,-13.5000,27.0000,-30.0000,-9.536743e-07,0.000000e+00,9.536743e-07,7.064254e-06,214.4868,-51.4937,-27.7919,220.5814,IK_OK
G0283,R3,13.5000,0.0000,-30.0000,9.536743e-07,0.000000e+00,9.536743e-07,7.064254e-06,207.8290,49.8953,56.3116,213.7345,IK_OK
G0283,L1,13.5000,27.0000,-30.0000,9.536743e-07,0.000000e+00,9.536743e-07,7.064254e-06,214.4868,51.4937,-27.7919,220.5814,IK_OK
G0283,L2,-13.5000,0.0000,-30.0000,-9.536743e-07,0.000000e+00,9.536743e-07,7.064254e-06,207.8290,-49.8953,56.3116,213.7345,IK_OK
G0283,L3,13.5000,27.0000,-30.0000,9.536743e-07,0.000000e+00,9.536743e-07,7.064254e-06,214.4868,51.4937,-27.7919,220.5814,IK_OK
G0284,R1,13.5000,0.0000,-30.0000,9.536743e-07,0.000000e+00,9.536743e-07,7.064254e-06,207.8290,49.8953,56.3116,213.7345,IK_OK
G0284,R2,-13.5000,0.0000,-30.0000,-9.536743e-07,0.000000e+00,9.536743e-07,7.064254e-06,207.8290,-49.8953,56.3116,213.7345,IK_OK
G0284,R3,13.5000,0.0000,-30.0000,9.536743e-07,0.000000e+00,9.536743e-07,7.064254e-06,207.8290,49.8953,56.3116,213.7345,IK_OK
G0284,L1,13.5000,0.0000,-30.0000,9.536743e-07,0.000000e+00,9.536743e-07,7.064254e-06,207.8290,49.8953,56.3116,213.7345,IK_OK
G0284,L2,-13.5000,0.0000,-30.0000,-9.536743e-07,0.000000e+00,9.536743e-07,7.064254e-06,207.8290,-49.8953,56.3116,213.7345,IK_OK
G0284,L3,13.5000,0.0000,-30.0000,9.536743e-07,0.000000e+00,9.536743e-07,7.064254e-06,207.8290,49.8953,56.3116,213.7345,IK_OK
G0285,R1,-13.5000,27.0000,-30.0000,-9.536743e-07,0.000000e+00,9.536743e-07,7.064254e-06,214.4868,-51.4937,-27.7919,220.5814,IK_OK
G0285,R2,13.5000,0.0000,-30.0000,9.536743e-07,0.000000e+00,9.536743e-07,7.064254e-06,207.8290,49.8953,56.3116,213.7345,IK_OK
G0285,R3,-13.5000,27.0000,-30.0000,-9.536743e-07,0.000000e+00,9.536743e-07,7.064254e-06,214.4868,-51.4937,-27.7919,220.5814,IK_OK
G0285,L1,-13.5000,0.0000,-30.0000,-9.536743e-07,0.000000e+00,9.536743e-07,7.064254e-06,207.8290,-49.8953,56.3116,213.7345,IK_OK
G0285,L2,13.5000,27.0000,-30.0000,9.536743e-07,0.000000e+00,9.536743e-07,7.064254e-06,214.4868,51.4937,-27.7919,220.5814,IK_OK
G0285,L3,-13.5000,0.0000,-30.0000,-9.536743e-07,0.000000e+00,9.536743e-07,7.064254e-06,207.8290,-49.8953,56.3116,213.7345,IK_OK
G0286,R1,-13.5000,0.0000,-30.0000,-9.536743e-07,0.000000e+00,9.536743e-07,7.064254e-06,207.8290,-49.8953,56.3116,213.7345,IK_OK
G0286,R2,13.5000,0.0000,-30.0000,9.536743e-07,0.000000e+00,9.536743e-07,7.064254e-06,207.8290,49.8953,56.3116,213.7345,IK_OK
G0286,R3,-13.5000,0.0000,-30.0000,-9.536743e-07,0.000000e+00,9.536743e-07,7.064254e-06,207.8290,-49.8953,56.3116,213.7345,IK_OK
G0286,L1,-13.5000,0.0000,-30.0000,-9.536743e-07,0.000000e+00,9.536743e-07,7.064254e-06,207.8290,-49.8953,56.3116,213.7345,IK_OK
G0286,L2,13.5000,0.0000,-30.0000,9.536743e-07,0.000000e+00,9.536743e-07,7.064254e-06,207.8290,49.8953,56.3116,213.7345,IK_OK
G0286,L3,-13.5000,0.0000,-30.0000,-9.536743e-07,0.000000e+00,9.536743e-07,7.064254e-06,207.8290,-49.8953,56.3116,213.7345,IK_OK
G0287,R1,13.5000,0.0000,-30.0000,9.536743e-07,0.000000e+00,9.536743e-07,7.064254e-06,207.8290,49.8953,56.3116,213.7345,IK_OK
G0287,R2,-13.5000,27.0000,-30.0000,-9.536743e-07,0.000000e+00,9.536743e-07,7.064254e-06,214.4868,-51.4937,-27.7919,220.5814,IK_OK
G0287,R3,13.5000,0.0000,-30.0000,9.536743e-07,0.000000e+00,9.536743e-07,7.064254e-06,207.8290,49.8953,56.3116,213.7345,IK_OK
G0287,L1,13.5000,27.0000,-30.0000,9.536743e-07,0.000000e+00,9.536743e-07,7.064254e-06,214.4868,51.4937,-27.7919,220.5814,IK_OK
G0287,L2,-13.5000,0.0000,-30.0000,-9.536743e-07,0.000000e+00,9.536743e-07,7.064254e-06,207.8290,-49.8953,56.3116,213.7345,IK_OK
G0287,L3,13.5000,27.0000,-30.0000,9.536743e-07,0.000000e+00,9.536743e-07,7.064254e-06,214.4868,51.4937,-27.7919,220.5814,IK_OK
G0288,R1,13.5000,0.0000,-30.0000,9.536743e-07,0.000000e+00,9.536743e-07,7.064254e-06,207.8290,49.8953,56.3116,213.7345,IK_OK
G0288,R2,-13.5000,0.0000,-30.0000,-9.536743e-07,0.000000e+00,9.536743e-07,7.064254e-06,207.8290,-49.8953,56.3116,213.7345,IK_OK
G0288,R3,13.5000,0.0000,-30.0000,9.536743e-07,0.000000e+00,9.536743e-07,7.064254e-06,207.8290,49.8953,56.3116,213.7345,IK_OK
G0288,L1,13.5000,0.0000,-30.0000,9.536743e-07,0.000000e+00,9.536743e-07,7.064254e-06,207.8290,49.8953,56.3116,213.7345,IK_OK
G0288,L2,-13.5000,0.0000,-30.0000,-9.536743e-07,0.000000e+00,9.536743e-07,7.064254e-06,207.8290,-49.8953,56.3116,213.7345,IK_OK
G0288,L3,13.5000,0.0000,-30.0000,9.536743e-07,0.000000e+00,9.536743e-07,7.064254e-06,207.8290,49.8953,56.3116,213.7345,IK_OK
G0289,R1,-13.5000,27.0000,-30.0000,-9.536743e-07,0.000000e+00,9.536743e-07,7.064254e-06,214.4868,-51.4937,-27.7919,220.5814,IK_OK
G0289,R2,13.5000,0.0000,-30.0000,9.536743e-07,0.000000e+00,9.536743e-07,7.064254e-06,207.8290,49.8953,56.3116,213.7345,IK_OK
G0289,R3,-13.5000,27.0000,-30.0000,-9.536743e-07,0.000000e+00,9.536743e-07,7.064254e-06,214.4868,-51.4937,-27.7919,220.5814,IK_OK
G0289,L1,-13.5000,0.0000,-30.0000,-9.536743e-07,0.000000e+00,9.536743e-07,7.064254e-06,207.8290,-49.8953,56.3116,213.7345,IK_OK
G0289,L2,13.5000,27.0000,-30.0000,9.536743e-07,0.000000e+00,9.536743e-07,7.064254e-06,214.4868,51.4937,-27.7919,220.5814,IK_OK
G0289,L3,-13.5000,0.0000,-30.0000,-9.536743e-07,0.000000e+00,9.536743e-07,7.064254e-06,207.8290,-49.8953,56.3116,213.7345,IK_OK
G0290,R1,-13.5000,0.0000,-30.0000,-9.536743e-07,0.000000e+00,9.536743e-07,7.064254e-06,207.8290,-49.8953,56.3116,213.7345,IK_OK
G0290,R2,13.5000,0.0000,-30.0000,9.536743e-07,0.000000e+00,9.536743e-07,7.064254e-06,207.8290,49.8953,56.3116,213.7345,IK_OK
G0290,R3,-13.5000,0.0000,-30.0000,-9.536743e-07,0.000000e+00,9.536743e-07,7.064254e-06,207.8290,-49.8953,56.3116,213.7345,IK_OK
G0290,L1,-13.5000,0.0000,-30.0000,-9.536743e-07,0.000000e+00,9.536743e-07,7.064254e-06,207.8290,-49.8953,56.3116,213.7345,IK_OK
G0290,L2,13.5000,0.0000,-30.0000,9.536743e-07,0.000000e+00,9.536743e-07,7.064254e-06,207.8290,49.8953,56.3116,213.7345,IK_OK
G0290,L3,-13.5000,0.0000,-30.0000,-9.536743e-07,0.000000e+00,9.536743e-07,7.064254e-06,207.8290,-49.8953,56.3116,213.7345,IK_OK
G0291,R1,13.5000,0.0000,-30.0000,9.536743e-07,0.000000e+00,9.536743e-07,7.064254e-06,207.8290,49.8953,56.3116,213.7345,IK_OK
G0291,R2,-13.5000,27.0000,-30.0000,-9.536743e-07,0.000000e+00,9.536743e-07,7.064254e-06,214.4868,-51.4937,-27.7919,220.5814,IK_OK
G0291,R3,13.5000,0.0000,-30.0000,9.536743e-07,0.000000e+00,9.536743e-07,7.064254e-06,207.8290,49.8953,56.3116,213.7345,IK_OK
G0291,L1,13.5000,27.0000,-30.0000,9.536743e-07,0.000000e+00,9.536743e-07,7.064254e-06,214.4868,51.4937,-27.7919,220.5814,IK_OK
G0291,L2,-13.5000,0.0000,-30.0000,-9.536743e-07,0.000000e+00,9.536743e-07,7.064254e-06,207.8290,-49.8953,56.3116,213.7345,IK_OK
G0291,L3,13.5000,27.0000,-30.0000,9.536743e-07,0.000000e+00,9.536743e-07,7.064254e-06,214.4868,51.4937,-27.7919,220.5814,IK_OK
G0292,R1,13.5000,0.0000,-30.0000,9.536743e-07,0.000000e+00,9.536743e-07,7.064254e-06,207.8290,49.8953,56.3116,213.7345,IK_OK
G0292,R2,-13.5000,0.0000,-30.0000,-9.536743e-07,0.000000e+00,9.536743e-07,7.064254e-06,207.8290,-49.8953,56.3116,213.7345,IK_OK
G0292,R3,13.5000,0.0000,-30.0000,9.536743e-07,0.000000e+00,9.536743e-07,7.064254e-06,207.8290,49.8953,56.3116,213.7345,IK_OK
G0292,L1,13.5000,0.0000,-30.0000,9.536743e-07,0.000000e+00,9.536743e-07,7.064254e-06,207.8290,49.8953,56.3116,213.7345,IK_OK
G0292,L2,-13.5000,0.0000,-30.0000,-9.536743e-07,0.000000e+00,9.536743e-07,7.064254e-06,207.8290,-49.8953,56.3116,213.7345,IK_OK
G0292,L3,13.5000,0.0000,-30.0000,9.536743e-07,0.000000e+00,9.536743e-07,7.064254e-06,207.8290,49.8953,56.3116,213.7345,IK_OK
G0293,R1,0.0000,0.0000,-30.0000,0.000000e+00,0.000000e+00,0.000000e+00,0.000000e+00,213.7345,0.0000,56.3116,213.7345,IK_OK
G0293,R2,0.0000,0.0000,-30.0000,0.000000e+00,0.000000e+00,0.000000e+00,0.000000e+00,213.7345,0.0000,56.3116,213.7345,IK_OK
G0293,R3,0.0000,0.0000,-30.0000,0.000000e+00,0.000000e+00,0.000000e+00,0.000000e+00,213.7345,0.0000,56.3116,213.7345,IK_OK
G0293,L1,0.0000,0.0000,-30.0000,0.000000e+00,0.000000e+00,0.000000e+00,0.000000e+00,213.7345,0.0000,56.3116,213.7345,IK_OK
G0293,L2,0.0000,0.0000,-30.0000,0.000000e+00,0.000000e+00,0.000000e+00,0.000000e+00,213.7345,0.0000,56.3116,213.7345,IK_OK
G0293,L3,0.0000,0.0000,-30.0000,0.000000e+00,0.000000e+00,0.000000e+00,0.000000e+00,213.7345,0.0000,56.3116,213.7345,IK_OK
G0294,R1,0.0000,40.5000,-30.0000,0.000000e+00,0.000000e+00,0.000000e+00,0.000000e+00,209.1593,0.0000,-68.7130,209.1593,IK_OK
G0294,R2,0.0000,40.5000,-30.0000,0.000000e+00,0.000000e+00,0.000000e+00,0.000000e+00,209.1593,0.0000,-68.7130,209.1593,IK_OK
G0294,R3,0.0000,40.5000,-30.0000,0.000000e+00,0.000000e+00,0.000000e+00,0.000000e+00,209.1593,0.0000,-68.7130,209.1593,IK_OK
G0294,L1,0.0000,40.5000,-30.0000,0.000000e+00,0.000000e+00,0.000000e+00,0.000000e+00,209.1593,0.0000,-68.7130,209.1593,IK_OK
G0294,L2,0.0000,40.5000,-30.0000,0.000000e+00,0.000000e+00,0.000000e+00,0.000000e+00,209.1593,0.0000,-68.7130,209.1593,IK_OK
G0294,L3,0.0000,40.5000,-30.0000,0.000000e+00,0.000000e+00,0.000000e+00,0.000000e+00,209.1593,0.0000,-68.7130,209.1593,IK_OK
G0295,R1,0.0000,67.5000,-30.0000,0.000000e+00,0.000000e+00,0.000000e+00,0.000000e+00,159.7450,0.0000,-137.1125,159.7450,IK_OK
G0295,R2,0.0000,67.5000,-30.0000,0.000000e+00,0.000000e+00,0.000000e+00,0.000000e+00,159.7450,0.0000,-137.1125,159.7450,IK_OK
G0295,R3,0.0000,67.5000,-30.0000,0.000000e+00,0.000000e+00,0.000000e+00,0.000000e+00,159.7450,0.0000,-137.1125,159.7450,IK_OK
G0295,L1,0.0000,67.5000,-30.0000,0.000000e+00,0.000000e+00,0.000000e+00,0.000000e+00,159.7450,0.0000,-137.1125,159.7450,IK_OK
G0295,L2,0.0000,67.5000,-30.0000,0.000000e+00,0.000000e+00,0.000000e+00,0.000000e+00,159.7450,0.0000,-137.1125,159.7450,IK_OK
G0295,L3,0.0000,67.5000,-30.0000,0.000000e+00,0.000000e+00,0.000000e+00,0.000000e+00,159.7450,0.0000,-137.1125,159.7450,IK_OK
G0296,R1,0.0000,67.5000,-30.0000,0.000000e+00,0.000000e+00,0.000000e+00,0.000000e+00,159.7450,0.0000,-137.1125,159.7450,IK_OK
G0296,R2,0.0000,67.5000,-30.0000,0.000000e+00,0.000000e+00,0.000000e+00,0.000000e+00,159.7450,0.0000,-137.1125,159.7450,IK_OK
G0296,R3,0.0000,67.5000,-30.0000,0.000000e+00,0.000000e+00,0.000000e+00,0.000000e+00,159.7450,0.0000,-137.1125,159.7450,IK_OK
G0296,L1,0.0000,67.5000,-30.0000,0.000000e+00,0.000000e+00,0.000000e+00,0.000000e+00,159.7450,0.0000,-137.1125,159.7450,IK_OK
G0296,L2,0.0000,67.5000,-30.0000,0.000000e+00,0.000000e+00,0.000000e+00,0.000000e+00,159.7450,0.0000,-137.1125,159.7450,IK_OK
G0296,L3,0.0000,67.5000,-30.0000,0.000000e+00,0.000000e+00,0.000000e+00,0.000000e+00,159.7450,0.0000,-137.1125,159.7450,IK_OK
G0297,R1,0.0000,67.5000,-30.0000,0.000000e+00,0.000000e+00,0.000000e+00,0.000000e+00,159.7450,0.0000,-137.1125,159.7450,IK_OK
G0297,R2,0.0000,67.5000,-30.0000,0.000000e+00,0.000000e+00,0.000000e+00,0.000000e+00,159.7450,0.0000,-137.1125,159.7450,IK_OK
G0297,R3,0.0000,67.5000,-30.0000,0.000000e+00,0.000000e+00,0.000000e+00,0.000000e+00,159.7450,0.0000,-137.1125,159.7450,IK_OK
G0297,L1,0.0000,67.5000,-30.0000,0.000000e+00,0.000000e+00,0.000000e+00,0.000000e+00,159.7450,0.0000,-137.1125,159.7450,IK_OK
G0297,L2,0.0000,67.5000,-30.0000,0.000000e+00,0.000000e+00,0.000000e+00,0.000000e+00,159.7450,0.0000,-137.1125,159.7450,IK_OK
G0297,L3,0.0000,67.5000,-30.0000,0.000000e+00,0.000000e+00,0.000000e+00,0.000000e+00,159.7450,0.0000,-137.1125,159.7450,IK_OK
G0298,R1,0.0000,67.5000,-30.0000,0.000000e+00,0.000000e+00,0.000000e+00,0.000000e+00,159.7450,0.0000,-137.1125,159.7450,IK_OK
G0298,R2,0.0000,67.5000,-30.0000,0.000000e+00,0.000000e+00,0.000000e+00,0.000000e+00,159.7450,0.0000,-137.1125,159.7450,IK_OK
G0298,R3,0.0000,67.5000,-30.0000,0.000000e+00,0.000000e+00,0.000000e+00,0.000000e+00,159.7450,0.0000,-137.1125,159.7450,IK_OK
G0298,L1,0.0000,67.5000,-30.0000,0.000000e+00,0.000000e+00,0.000000e+00,0.000000e+00,159.7450,0.0000,-137.1125,159.7450,IK_OK
G0298,L2,0.0000,67.5000,-30.0000,0.000000e+00,0.000000e+00,0.000000e+00,0.000000e+00,159.7450,0.0000,-137.1125,159.7450,IK_OK
G0298,L3,0.0000,67.5000,-30.0000,0.000000e+00,0.000000e+00,0.000000e+00,0.000000e+00,159.7450,0.0000,-137.1125,159.7450,IK_OK
G0299,R1,-13.5000,81.0000,-30.0000,-9.536743e-07,0.000000e+00,9.536743e-07,7.064254e-06,121.0440,-29.0601,-160.8111,124.4835,IK_OK
G0299,R2,13.5000,54.0000,-30.0000,9.536743e-07,0.000000e+00,9.536743e-07,7.064254e-06,183.2917,44.0045,-105.8370,188.5000,IK_OK
G0299,R3,-13.5000,81.0000,-30.0000,-9.536743e-07,0.000000e+00,9.536743e-07,7.064254e-06,121.0440,-29.0601,-160.8111,124.4835,IK_OK
G0299,L1,-13.5000,54.0000,-30.0000,-9.536743e-07,0.000000e+00,9.536743e-07,7.064254e-06,183.2917,-44.0045,-105.8370,188.5000,IK_OK
G0299,L2,13.5000,81.0000,-30.0000,9.536743e-07,0.000000e+00,9.536743e-07,7.064254e-06,121.0440,29.0601,-160.8111,124.4835,IK_OK
G0299,L3,-13.5000,54.0000,-30.0000,-9.536743e-07,0.000000e+00,9.536743e-07,7.064254e-06,183.2917,-44.0045,-105.8370,188.5000,IK_OK
G0300,R1,-13.5000,54.0000,-30.0000,-9.536743e-07,0.000000e+00,9.536743e-07,7.064254e-06,183.2917,-44.0045,-105.8370,188.5000,IK_OK
G0300,R2,13.5000,54.0000,-30.0000,9.536743e-07,0.000000e+00,9.536743e-07,7.064254e-06,183.2917,44.0045,-105.8370,188.5000,IK_OK
G0300,R3,-13.5000,54.0000,-30.0000,-9.536743e-07,0.000000e+00,9.536743e-07,7.064254e-06,183.2917,-44.0045,-105.8370,188.5000,IK_OK
G0300,L1,-13.5000,54.0000,-30.0000,-9.536743e-07,0.000000e+00,9.536743e-07,7.064254e-06,183.2917,-44.0045,-105.8370,188.5000,IK_OK
G0300,L2,13.5000,54.0000,-30.0000,9.536743e-07,0.000000e+00,9.536743e-07,7.064254e-06,183.2917,44.0045,-105.8370,188.5000,IK_OK
G0300,L3,-13.5000,54.0000,-30.0000,-9.536743e-07,0.000000e+00,9.536743e-07,7.064254e-06,183.2917,-44.0045,-105.8370,188.5000,IK_OK
G0301,R1,13.5000,54.0000,-30.0000,9.536743e-07,0.000000e+00,9.536743e-07,7.064254e-06,183.2917,44.0045,-105.8370,188.5000,IK_OK
G0301,R2,-13.5000,81.0000,-30.0000,-9.536743e-07,0.000000e+00,9.536743e-07,7.064254e-06,121.0440,-29.0601,-160.8111,124.4835,IK_OK
G0301,R3,13.5000,54.0000,-30.0000,9.536743e-07,0.000000e+00,9.536743e-07,7.064254e-06,183.2917,44.0045,-105.8370,188.5000,IK_OK
G0301,L1,13.5000,81.0000,-30.0000,9.536743e-07,0.000000e+00,9.536743e-07,7.064254e-06,121.0440,29.0601,-160.8111,124.4835,IK_OK
G0301,L2,-13.5000,54.0000,-30.0000,-9.536743e-07,0.000000e+00,9.536743e-07,7.064254e-06,183.2917,-44.0045,-105.8370,188.5000,IK_OK
G0301,L3,13.5000,81.0000,-30.0000,9.536743e-07,0.000000e+00,9.536743e-07,7.064254e-06,121.0440,29.0601,-160.8111,124.4835,IK_OK
G0302,R1,13.5000,54.0000,-30.0000,9.536743e-07,0.000000e+00,9.536743e-07,7.064254e-06,183.2917,44.0045,-105.8370,188.5000,IK_OK
G0302,R2,-13.5000,54.0000,-30.0000,-9.536743e-07,0.000000e+00,9.536743e-07,7.064254e-06,183.2917,-44.0045,-105.8370,188.5000,IK_OK
G0302,R3,13.5000,54.0000,-30.0000,9.536743e-07,0.000000e+00,9.536743e-07,7.064254e-06,183.2917,44.0045,-105.8370,188.5000,IK_OK
G0302,L1,13.5000,54.0000,-30.0000,9.536743e-07,0.000000e+00,9.536743e-07,7.064254e-06,183.2917,44.0045,-105.8370,188.5000,IK_OK
G0302,L2,-13.5000,54.0000,-30.0000,-9.536743e-07,0.000000e+00,9.536743e-07,7.064254e-06,183.2917,-44.0045,-105.8370,188.5000,IK_OK
G0302,L3,13.5000,54.0000,-30.0000,9.536743e-07,0.000000e+00,9.536743e-07,7.064254e-06,183.2917,44.0045,-105.8370,188.5000,IK_OK
G0303,R1,-13.5000,81.0000,-30.0000,-9.536743e-07,0.000000e+00,9.536743e-07,7.064254e-06,121.0440,-29.0601,-160.8111,124.4835,IK_OK
G0303,R2,13.5000,54.0000,-30.0000,9.536743e-07,0.000000e+00,9.536743e-07,7.064254e-06,183.2917,44.0045,-105.8370,188.5000,IK_OK
G0303,R3,-13.5000,81.0000,-30.0000,-9.536743e-07,0.000000e+00,9.536743e-07,7.064254e-06,121.0440,-29.0601,-160.8111,124.4835,IK_OK
G0303,L1,-13.5000,54.0000,-30.0000,-9.536743e-07,0.000000e+00,9.536743e-07,7.064254e-06,183.2917,-44.0045,-105.8370,188.5000,IK_OK
G0303,L2,13.5000,81.0000,-30.0000,9.536743e-07,0.000000e+00,9.536743e-07,7.064254e-06,121.0440,29.0601,-160.8111,124.4835,IK_OK
G0303,L3,-13.5000,54.0000,-30.0000,-9.536743e-07,0.000000e+00,9.536743e-07,7.064254e-06,183.2917,-44.0045,-105.8370,188.5000,IK_OK
G0304,R1,-13.5000,54.0000,-30.0000,-9.536743e-07,0.000000e+00,9.536743e-07,7.064254e-06,183.2917,-44.0045,-105.8370,188.5000,IK_OK
G0304,R2,13.5000,54.0000,-30.0000,9.536743e-07,0.000000e+00,9.536743e-07,7.064254e-06,183.2917,44.0045,-105.8370,188.5000,IK_OK
G0304,R3,-13.5000,54.0000,-30.0000,-9.536743e-07,0.000000e+00,9.536743e-07,7.064254e-06,183.2917,-44.0045,-105.8370,188.5000,IK_OK
G0304,L1,-13.5000,54.0000,-30.0000,-9.536743e-07,0.000000e+00,9.536743e-07,7.064254e-06,183.2917,-44.0045,-105.8370,188.5000,IK_OK
G0304,L2,13.5000,54.0000,-30.0000,9.536743e-07,0.000000e+00,9.536743e-07,7.064254e-06,183.2917,44.0045,-105.8370,188.5000,IK_OK
G0304,L3,-13.5000,54.0000,-30.0000,-9.536743e-07,0.000000e+00,9.536743e-07,7.064254e-06,183.2917,-44.0045,-105.8370,188.5000,IK_OK
G0305,R1,13.5000,54.0000,-30.0000,9.536743e-07,0.000000e+00,9.536743e-07,7.064254e-06,183.2917,44.0045,-105.8370,188.5000,IK_OK
G0305,R2,-13.5000,81.0000,-30.0000,-9.536743e-07,0.000000e+00,9.536743e-07,7.064254e-06,121.0440,-29.0601,-160.8111,124.4835,IK_OK
G0305,R3,13.5000,54.0000,-30.0000,9.536743e-07,0.000000e+00,9.536743e-07,7.064254e-06,183.2917,44.0045,-105.8370,188.5000,IK_OK
G0305,L1,13.5000,81.0000,-30.0000,9.536743e-07,0.000000e+00,9.536743e-07,7.064254e-06,121.0440,29.0601,-160.8111,124.4835,IK_OK
G0305,L2,-13.5000,54.0000,-30.0000,-9.536743e-07,0.000000e+00,9.536743e-07,7.064254e-06,183.2917,-44.0045,-105.8370,188.5000,IK_OK
G0305,L3,13.5000,81.0000,-30.0000,9.536743e-07,0.000000e+00,9.536743e-07,7.064254e-06,121.0440,29.0601,-160.8111,124.4835,IK_OK
G0306,R1,13.5000,54.0000,-30.0000,9.536743e-07,0.000000e+00,9.536743e-07,7.064254e-06,183.2917,44.0045,-105.8370,188.5000,IK_OK
G0306,R2,-13.5000,54.0000,-30.0000,-9.536743e-07,0.000000e+00,9.536743e-07,7.064254e-06,183.2917,-44.0045,-105.8370,188.5000,IK_OK
G0306,R3,13.5000,54.0000,-30.0000,9.536743e-07,0.000000e+00,9.536743e-07,7.064254e-06,183.2917,44.0045,-105.8370,188.5000,IK_OK
G0306,L1,13.5000,54.0000,-30.0000,9.536743e-07,0.000000e+00,9.536743e-07,7.064254e-06,183.2917,44.0045,-105.8370,188.5000,IK_OK
G0306,L2,-13.5000,54.0000,-30.0000,-9.536743e-07,0.000000e+00,9.536743e-07,7.064254e-06,183.2917,-44.0045,-105.8370,188.5000,IK_OK
G0306,L3,13.5000,54.0000,-30.0000,9.536743e-07,0.000000e+00,9.536743e-07,7.064254e-06,183.2917,44.0045,-105.8370,188.5000,IK_OK
G0307,R1,-13.5000,81.0000,-30.0000,-9.536743e-07,0.000000e+00,9.536743e-07,7.064254e-06,121.0440,-29.0601,-160.8111,124.4835,IK_OK
G0307,R2,13.5000,54.0000,-30.0000,9.536743e-07,0.000000e+00,9.536743e-07,7.064254e-06,183.2917,44.0045,-105.8370,188.5000,IK_OK
G0307,R3,-13.5000,81.0000,-30.0000,-9.536743e-07,0.000000e+00,9.536743e-07,7.064254e-06,121.0440,-29.0601,-160.8111,124.4835,IK_OK
G0307,L1,-13.5000,54.0000,-30.0000,-9.536743e-07,0.000000e+00,9.536743e-07,7.064254e-06,183.2917,-44.0045,-105.8370,188.5000,IK_OK
G0307,L2,13.5000,81.0000,-30.0000,9.536743e-07,0.000000e+00,9.536743e-07,7.064254e-06,121.0440,29.0601,-160.8111,124.4835,IK_OK
G0307,L3,-13.5000,54.0000,-30.0000,-9.536743e-07,0.000000e+00,9.536743e-07,7.064254e-06,183.2917,-44.0045,-105.8370,188.5000,IK_OK
G0308,R1,-13.5000,54.0000,-30.0000,-9.536743e-07,0.000000e+00,9.536743e-07,7.064254e-06,183.2917,-44.0045,-105.8370,188.5000,IK_OK
G0308,R2,13.5000,54.0000,-30.0000,9.536743e-07,0.000000e+00,9.536743e-07,7.064254e-06,183.2917,44.0045,-105.8370,188.5000,IK_OK
G0308,R3,-13.5000,54.0000,-30.0000,-9.536743e-07,0.000000e+00,9.536743e-07,7.064254e-06,183.2917,-44.0045,-105.8370,188.5000,IK_OK
G0308,L1,-13.5000,54.0000,-30.0000,-9.536743e-07,0.000000e+00,9.536743e-07,7.064254e-06,183.2917,-44.0045,-105.8370,188.5000,IK_OK
G0308,L2,13.5000,54.0000,-30.0000,9.536743e-07,0.000000e+00,9.536743e-07,7.064254e-06,183.2917,44.0045,-105.8370,188.5000,IK_OK
G0308,L3,-13.5000,54.0000,-30.0000,-9.536743e-07,0.000000e+00,9.536743e-07,7.064254e-06,183.2917,-44.0045,-105.8370,188.5000,IK_OK
G0309,R1,13.5000,54.0000,-30.0000,9.536743e-07,0.000000e+00,9.536743e-07,7.064254e-06,183.2917,44.0045,-105.8370,188.5000,IK_OK
G0309,R2,-13.5000,81.0000,-30.0000,-9.536743e-07,0.000000e+00,9.536743e-07,7.064254e-06,121.0440,-29.0601,-160.8111,124.4835,IK_OK
G0309,R3,13.5000,54.0000,-30.0000,9.536743e-07,0.000000e+00,9.536743e-07,7.064254e-06,183.2917,44.0045,-105.8370,188.5000,IK_OK
G0309,L1,13.5000,81.0000,-30.0000,9.536743e-07,0.000000e+00,9.536743e-07,7.064254e-06,121.0440,29.0601,-160.8111,124.4835,IK_OK
G0309,L2,-13.5000,54.0000,-30.0000,-9.536743e-07,0.000000e+00,9.536743e-07,7.064254e-06,183.2917,-44.0045,-105.8370,188.5000,IK_OK
G0309,L3,13.5000,81.0000,-30.0000,9.536743e-07,0.000000e+00,9.536743e-07,7.064254e-06,121.0440,29.0601,-160.8111,124.4835,IK_OK
G0310,R1,13.5000,54.0000,-30.0000,9.536743e-07,0.000000e+00,9.536743e-07,7.064254e-06,183.2917,44.0045,-105.8370,188.5000,IK_OK
G0310,R2,-13.5000,54.0000,-30.0000,-9.536743e-07,0.000000e+00,9.536743e-07,7.064254e-06,183.2917,-44.0045,-105.8370,188.5000,IK_OK
G0310,R3,13.5000,54.0000,-30.0000,9.536743e-07,0.000000e+00,9.536743e-07,7.064254e-06,183.2917,44.0045,-105.8370,188.5000,IK_OK
G0310,L1,13.5000,54.0000,-30.0000,9.536743e-07,0.000000e+00,9.536743e-07,7.064254e-06,183.2917,44.0045,-105.8370,188.5000,IK_OK
G0310,L2,-13.5000,54.0000,-30.0000,-9.536743e-07,0.000000e+00,9.536743e-07,7.064254e-06,183.2917,-44.0045,-105.8370,188.5000,IK_OK
G0310,L3,13.5000,54.0000,-30.0000,9.536743e-07,0.000000e+00,9.536743e-07,7.064254e-06,183.2917,44.0045,-105.8370,188.5000,IK_OK
G0311,R1,-13.5000,81.0000,-30.0000,-9.536743e-07,0.000000e+00,9.536743e-07,7.064254e-06,121.0440,-29.0601,-160.8111,124.4835,IK_OK
G0311,R2,13.5000,54.0000,-30.0000,9.536743e-07,0.000000e+00,9.536743e-07,7.064254e-06,183.2917,44.0045,-105.8370,188.5000,IK_OK
G0311,R3,-13.5000,81.0000,-30.0000,-9.536743e-07,0.000000e+00,9.536743e-07,7.064254e-06,121.0440,-29.0601,-160.8111,124.4835,IK_OK
G0311,L1,13.5000,54.0000,-30.0000,9.536743e-07,0.000000e+00,9.536743e-07,7.064254e-06,183.2917,44.0045,-105.8370,188.5000,IK_OK
G0311,L2,-13.5000,81.0000,-30.0000,-9.536743e-07,0.000000e+00,9.536743e-07,7.064254e-06,121.0440,-29.0601,-160.8111,124.4835,IK_OK
G0311,L3,13.5000,54.0000,-30.0000,9.536743e-07,0.000000e+00,9.536743e-07,7.064254e-06,183.2917,44.0045,-105.8370,188.5000,IK_OK
G0312,R1,-13.5000,54.0000,-30.0000,-9.536743e-07,0.000000e+00,9.536743e-07,7.064254e-06,183.2917,-44.0045,-105.8370,188.5000,IK_OK
G0312,R2,13.5000,54.0000,-30.0000,9.536743e-07,0.000000e+00,9.536743e-07,7.064254e-06,183.2917,44.0045,-105.8370,188.5000,IK_OK
G0312,R3,-13.5000,54.0000,-30.0000,-9.536743e-07,0.000000e+00,9.536743e-07,7.064254e-06,183.2917,-44.0045,-105.8370,188.5000,IK_OK
G0312,L1,13.5000,54.0000,-30.0000,9.536743e-07,0.000000e+00,9.536743e-07,7.064254e-06,183.2917,44.0045,-105.8370,188.5000,IK_OK
G0312,L2,-13.5000,54.0000,-30.0000,-9.536743e-07,0.000000e+00,9.536743e-07,7.064254e-06,183.2917,-44.0045,-105.8370,188.5000,IK_OK
G0312,L3,13.5000,54.0000,-30.0000,9.536743e-07,0.000000e+00,9.536743e-07,7.064254e-06,183.2917,44.0045,-105.8370,188.5000,IK_OK
G0313,R1,13.5000,54.0000,-30.0000,9.536743e-07,0.000000e+00,9.536743e-07,7.064254e-06,183.2917,44.0045,-105.8370,188.5000,IK_OK
G0313,R2,-13.5000,81.0000,-30.0000,-9.536743e-07,0.000000e+00,9.536743e-07,7.064254e-06,121.0440,-29.0601,-160.8111,124.4835,IK_OK
G0313,R3,13.5000,54.0000,-30.0000,9.536743e-07,0.000000e+00,9.536743e-07,7.064254e-06,183.2917,44.0045,-105.8370,188.5000,IK_OK
G0313,L1,-13.5000,81.0000,-30.0000,-9.536743e-07,0.000000e+00,9.536743e-07,7.064254e-06,121.0440,-29.0601,-160.8111,124.4835,IK_OK
G0313,L2,13.5000,54.0000,-30.0000,9.536743e-07,0.000000e+00,9.536743e-07,7.064254e-06,183.2917,44.0045,-105.8370,188.5000,IK_OK
G0313,L3,-13.5000,81.0000,-30.0000,-9.536743e-07,0.000000e+00,9.536743e-07,7.064254e-06,121.0440,-29.0601,-160.8111,124.4835,IK_OK
G0314,R1,13.5000,54.0000,-30.0000,9.536743e-07,0.000000e+00,9.536743e-07,7.064254e-06,183.2917,44.0045,-105.8370,188.5000,IK_OK
G0314,R2,-13.5000,54.0000,-30.0000,-9.536743e-07,0.000000e+00,9.536743e-07,7.064254e-06,183.2917,-44.0045,-105.8370,188.5000,IK_OK
G0314,R3,13.5000,54.0000,-30.0000,9.536743e-07,0.000000e+00,9.536743e-07,7.064254e-06,183.2917,44.0045,-105.8370,188.5000,IK_OK
G0314,L1,-13.5000,54.0000,-30.0000,-9.536743e-07,0.000000e+00,9.536743e-07,7.064254e-06,183.2917,-44.0045,-105.8370,188.5000,IK_OK
G0314,L2,13.5000,54.0000,-30.0000,9.536743e-07,0.000000e+00,9.536743e-07,7.064254e-06,183.2917,44.0045,-105.8370,188.5000,IK_OK
G0314,L3,-13.5000,54.0000,-30.0000,-9.536743e-07,0.000000e+00,9.536743e-07,7.064254e-06,183.2917,-44.0045,-105.8370,188.5000,IK_OK
G0315,R1,-13.5000,81.0000,-30.0000,-9.536743e-07,0.000000e+00,9.536743e-07,7.064254e-06,121.0440,-29.0601,-160.8111,124.4835,IK_OK
G0315,R2,13.5000,54.0000,-30.0000,9.536743e-07,0.000000e+00,9.536743e-07,7.064254e-06,183.2917,44.0045,-105.8370,188.5000,IK_OK
G0315,R3,-13.5000,81.0000,-30.0000,-9.536743e-07,0.000000e+00,9.536743e-07,7.064254e-06,121.0440,-29.0601,-160.8111,124.4835,IK_OK
G0315,L1,13.5000,54.0000,-30.0000,9.536743e-07,0.000000e+00,9.536743e-07,7.064254e-06,183.2917,44.0045,-105.8370,188.5000,IK_OK
G0315,L2,-13.5000,81.0000,-30.0000,-9.536743e-07,0.000000e+00,9.536743e-07,7.064254e-06,121.0440,-29.0601,-160.8111,124.4835,IK_OK
G0315,L3,13.5000,54.0000,-30.0000,9.536743e-07,0.000000e+00,9.536743e-07,7.064254e-06,183.2917,44.0045,-105.8370,188.5000,IK_OK
G0316,R1,-13.5000,54.0000,-30.0000,-9.536743e-07,0.000000e+00,9.536743e-07,7.064254e-06,183.2917,-44.0045,-105.8370,188.5000,IK_OK
G0316,R2,13.5000,54.0000,-30.0000,9.536743e-07,0.000000e+00,9.536743e-07,7.064254e-06,183.2917,44.0045,-105.8370,188.5000,IK_OK
G0316,R3,-13.5000,54.0000,-30.0000,-9.536743e-07,0.000000e+00,9.536743e-07,7.064254e-06,183.2917,-44.0045,-105.8370,188.5000,IK_OK
G0316,L1,13.5000,54.0000,-30.0000,9.536743e-07,0.000000e+00,9.536743e-07,7.064254e-06,183.2917,44.0045,-105.8370,188.5000,IK_OK
G0316,L2,-13.5000,54.0000,-30.0000,-9.536743e-07,0.000000e+00,9.536743e-07,7.064254e-06,183.2917,-44.0045,-105.8370,188.5000,IK_OK
G0316,L3,13.5000,54.0000,-30.0000,9.536743e-07,0.000000e+00,9.536743e-07,7.064254e-06,183.2917,44.0045,-105.8370,188.5000,IK_OK
G0317,R1,13.5000,54.0000,-30.0000,9.536743e-07,0.000000e+00,9.536743e-07,7.064254e-06,183.2917,44.0045,-105.8370,188.5000,IK_OK
G0317,R2,-13.5000,81.0000,-30.0000,-9.536743e-07,0.000000e+00,9.536743e-07,7.064254e-06,121.0440,-29.0601,-160.8111,124.4835,IK_OK
G0317,R3,13.5000,54.0000,-30.0000,9.536743e-07,0.000000e+00,9.536743e-07,7.064254e-06,183.2917,44.0045,-105.8370,188.5000,IK_OK
G0317,L1,-13.5000,81.0000,-30.0000,-9.536743e-07,0.000000e+00,9.536743e-07,7.064254e-06,121.0440,-29.0601,-160.8111,124.4835,IK_OK
G0317,L2,13.5000,54.0000,-30.0000,9.536743e-07,0.000000e+00,9.536743e-07,7.064254e-06,183.2917,44.0045,-105.8370,188.5000,IK_OK
G0317,L3,-13.5000,81.0000,-30.0000,-9.536743e-07,0.000000e+00,9.536743e-07,7.064254e-06,121.0440,-29.0601,-160.8111,124.4835,IK_OK
G0318,R1,13.5000,54.0000,-30.0000,9.536743e-07,0.000000e+00,9.536743e-07,7.064254e-06,183.2917,44.0045,-105.8370,188.5000,IK_OK
G0318,R2,-13.5000,54.0000,-30.0000,-9.536743e-07,0.000000e+00,9.536743e-07,7.064254e-06,183.2917,-44.0045,-105.8370,188.5000,IK_OK
G0318,R3,13.5000,54.0000,-30.0000,9.536743e-07,0.000000e+00,9.536743e-07,7.064254e-06,183.2917,44.0045,-105.8370,188.5000,IK_OK
G0318,L1,-13.5000,54.0000,-30.0000,-9.536743e-07,0.000000e+00,9.536743e-07,7.064254e-06,183.2917,-44.0045,-105.8370,188.5000,IK_OK
G0318,L2,13.5000,54.0000,-30.0000,9.536743e-07,0.000000e+00,9.536743e-07,7.064254e-06,183.2917,44.0045,-105.8370,188.5000,IK_OK
G0318,L3,-13.5000,54.0000,-30.0000,-9.536743e-07,0.000000e+00,9.536743e-07,7.064254e-06,183.2917,-44.0045,-105.8370,188.5000,IK_OK
G0319,R1,-13.5000,81.0000,-30.0000,-9.536743e-07,0.000000e+00,9.536743e-07,7.064254e-06,121.0440,-29.0601,-160.8111,124.4835,IK_OK
G0319,R2,13.5000,54.0000,-30.0000,9.536743e-07,0.000000e+00,9.536743e-07,7.064254e-06,183.2917,44.0045,-105.8370,188.5000,IK_OK
G0319,R3,-13.5000,81.0000,-30.0000,-9.536743e-07,0.000000e+00,9.536743e-07,7.064254e-06,121.0440,-29.0601,-160.8111,124.4835,IK_OK
G0319,L1,13.5000,54.0000,-30.0000,9.536743e-07,0.000000e+00,9.536743e-07,7.064254e-06,183.2917,44.0045,-105.8370,188.5000,IK_OK
G0319,L2,-13.5000,81.0000,-30.0000,-9.536743e-07,0.000000e+00,9.536743e-07,7.064254e-06,121.0440,-29.0601,-160.8111,124.4835,IK_OK
G0319,L3,13.5000,54.0000,-30.0000,9.536743e-07,0.000000e+00,9.536743e-07,7.064254e-06,183.2917,44.0045,-105.8370,188.5000,IK_OK
G0320,R1,-13.5000,54.0000,-30.0000,-9.536743e-07,0.000000e+00,9.536743e-07,7.064254e-06,183.2917,-44.0045,-105.8370,188.5000,IK_OK
G0320,R2,13.5000,54.0000,-30.0000,9.536743e-07,0.000000e+00,9.536743e-07,7.064254e-06,183.2917,44.0045,-105.8370,188.5000,IK_OK
G0320,R3,-13.5000,54.0000,-30.0000,-9.536743e-07,0.000000e+00,9.536743e-07,7.064254e-06,183.2917,-44.0045,-105.8370,188.5000,IK_OK
G0320,L1,13.5000,54.0000,-30.0000,9.536743e-07,0.000000e+00,9.536743e-07,7.064254e-06,183.2917,44.0045,-105.8370,188.5000,IK_OK
G0320,L2,-13.5000,54.0000,-30.0000,-9.536743e-07,0.000000e+00,9.536743e-07,7.064254e-06,183.2917,-44.0045,-105.8370,188.5000,IK_OK
G0320,L3,13.5000,54.0000,-30.0000,9.536743e-07,0.000000e+00,9.536743e-07,7.064254e-06,183.2917,44.0045,-105.8370,188.5000,IK_OK
G0321,R1,13.5000,54.0000,-30.0000,9.536743e-07,0.000000e+00,9.536743e-07,7.064254e-06,183.2917,44.0045,-105.8370,188.5000,IK_OK
G0321,R2,-13.5000,81.0000,-30.0000,-9.536743e-07,0.000000e+00,9.536743e-07,7.064254e-06,121.0440,-29.0601,-160.8111,124.4835,IK_OK
G0321,R3,13.5000,54.0000,-30.0000,9.536743e-07,0.000000e+00,9.536743e-07,7.064254e-06,183.2917,44.0045,-105.8370,188.5000,IK_OK
G0321,L1,-13.5000,81.0000,-30.0000,-9.536743e-07,0.000000e+00,9.536743e-07,7.064254e-06,121.0440,-29.0601,-160.8111,124.4835,IK_OK
G0321,L2,13.5000,54.0000,-30.0000,9.536743e-07,0.000000e+00,9.536743e-07,7.064254e-06,183.2917,44.0045,-105.8370,188.5000,IK_OK
G0321,L3,-13.5000,81.0000,-30.0000,-9.536743e-07,0.000000e+00,9.536743e-07,7.064254e-06,121.0440,-29.0601,-160.8111,124.4835,IK_OK
G0322,R1,13.5000,54.0000,-30.0000,9.536743e-07,0.000000e+00,9.536743e-07,7.064254e-06,183.2917,44.0045,-105.8370,188.5000,IK_OK
G0322,R2,-13.5000,54.0000,-30.0000,-9.536743e-07,0.000000e+00,9.536743e-07,7.064254e-06,183.2917,-44.0045,-105.8370,188.5000,IK_OK
G0322,R3,13.5000,54.0000,-30.0000,9.536743e-07,0.000000e+00,9.536743e-07,7.064254e-06,183.2917,44.0045,-105.8370,188.5000,IK_OK
G0322,L1,-13.5000,54.0000,-30.0000,-9.536743e-07,0.000000e+00,9.536743e-07,7.064254e-06,183.2917,-44.0045,-105.8370,188.5000,IK_OK
G0322,L2,13.5000,54.0000,-30.0000,9.536743e-07,0.000000e+00,9.536743e-07,7.064254e-06,183.2917,44.0045,-105.8370,188.5000,IK_OK
G0322,L3,-13.5000,54.0000,-30.0000,-9.536743e-07,0.000000e+00,9.536743e-07,7.064254e-06,183.2917,-44.0045,-105.8370,188.5000,IK_OK
G0324,R1,13.5000,54.0000,-30.0000,9.536743e-07,0.000000e+00,9.536743e-07,7.064254e-06,183.2917,44.0045,-105.8370,188.5000,IK_OK
G0324,R2,-13.5000,54.0000,-30.0000,-9.536743e-07,0.000000e+00,9.536743e-07,7.064254e-06,183.2917,-44.0045,-105.8370,188.5000,IK_OK
G0324,R3,13.5000,54.0000,-30.0000,9.536743e-07,0.000000e+00,9.536743e-07,7.064254e-06,183.2917,44.0045,-105.8370,188.5000,IK_OK
G0324,L1,13.5000,54.0000,-30.0000,9.536743e-07,0.000000e+00,9.536743e-07,7.064254e-06,183.2917,44.0045,-105.8370,188.5000,IK_OK
G0324,L2,-13.5000,54.0000,-30.0000,-9.536743e-07,0.000000e+00,9.536743e-07,7.064254e-06,183.2917,-44.0045,-105.8370,188.5000,IK_OK
G0324,L3,13.5000,54.0000,-30.0000,9.536743e-07,0.000000e+00,9.536743e-07,7.064254e-06,183.2917,44.0045,-105.8370,188.5000,IK_OK
G0326,R1,-13.5000,54.0000,-30.0000,-9.536743e-07,0.000000e+00,9.536743e-07,7.064254e-06,183.2917,-44.0045,-105.8370,188.5000,IK_OK
G0326,R2,13.5000,54.0000,-30.0000,9.536743e-07,0.000000e+00,9.536743e-07,7.064254e-06,183.2917,44.0045,-105.8370,188.5000,IK_OK
G0326,R3,-13.5000,54.0000,-30.0000,-9.536743e-07,0.000000e+00,9.536743e-07,7.064254e-06,183.2917,-44.0045,-105.8370,188.5000,IK_OK
G0326,L1,-13.5000,54.0000,-30.0000,-9.536743e-07,0.000000e+00,9.536743e-07,7.064254e-06,183.2917,-44.0045,-105.8370,188.5000,IK_OK
G0326,L2,13.5000,54.0000,-30.0000,9.536743e-07,0.000000e+00,9.536743e-07,7.064254e-06,183.2917,44.0045,-105.8370,188.5000,IK_OK
G0326,L3,-13.5000,54.0000,-30.0000,-9.536743e-07,0.000000e+00,9.536743e-07,7.064254e-06,183.2917,-44.0045,-105.8370,188.5000,IK_OK
G0328,R1,13.5000,54.0000,-30.0000,9.536743e-07,0.000000e+00,9.536743e-07,7.064254e-06,183.2917,44.0045,-105.8370,188.5000,IK_OK
G0328,R2,-13.5000,54.0000,-30.0000,-9.536743e-07,0.000000e+00,9.536743e-07,7.064254e-06,183.2917,-44.0045,-105.8370,188.5000,IK_OK
G0328,R3,13.5000,54.0000,-30.0000,9.536743e-07,0.000000e+00,9.536743e-07,7.064254e-06,183.2917,44.0045,-105.8370,188.5000,IK_OK
G0328,L1,13.5000,54.0000,-30.0000,9.536743e-07,0.000000e+00,9.536743e-07,7.064254e-06,183.2917,44.0045,-105.8370,188.5000,IK_OK
G0328,L2,-13.5000,54.0000,-30.0000,-9.536743e-07,0.000000e+00,9.536743e-07,7.064254e-06,183.2917,-44.0045,-105.8370,188.5000,IK_OK
G0328,L3,13.5000,54.0000,-30.0000,9.536743e-07,0.000000e+00,9.536743e-07,7.064254e-06,183.2917,44.0045,-105.8370,188.5000,IK_OK
G0330,R1,-13.5000,54.0000,-30.0000,-9.536743e-07,0.000000e+00,9.536743e-07,7.064254e-06,183.2917,-44.0045,-105.8370,188.5000,IK_OK
G0330,R2,13.5000,54.0000,-30.0000,9.536743e-07,0.000000e+00,9.536743e-07,7.064254e-06,183.2917,44.0045,-105.8370,188.5000,IK_OK
G0330,R3,-13.5000,54.0000,-30.0000,-9.536743e-07,0.000000e+00,9.536743e-07,7.064254e-06,183.2917,-44.0045,-105.8370,188.5000,IK_OK
G0330,L1,-13.5000,54.0000,-30.0000,-9.536743e-07,0.000000e+00,9.536743e-07,7.064254e-06,183.2917,-44.0045,-105.8370,188.5000,IK_OK
G0330,L2,13.5000,54.0000,-30.0000,9.536743e-07,0.000000e+00,9.536743e-07,7.064254e-06,183.2917,44.0045,-105.8370,188.5000,IK_OK
G0330,L3,-13.5000,54.0000,-30.0000,-9.536743e-07,0.000000e+00,9.536743e-07,7.064254e-06,183.2917,-44.0045,-105.8370,188.5000,IK_OK
G0332,R1,13.5000,54.0000,-30.0000,9.536743e-07,0.000000e+00,9.536743e-07,7.064254e-06,183.2917,44.0045,-105.8370,188.5000,IK_OK
G0332,R2,-13.5000,54.0000,-30.0000,-9.536743e-07,0.000000e+00,9.536743e-07,7.064254e-06,183.2917,-44.0045,-105.8370,188.5000,IK_OK
G0332,R3,13.5000,54.0000,-30.0000,9.536743e-07,0.000000e+00,9.536743e-07,7.064254e-06,183.2917,44.0045,-105.8370,188.5000,IK_OK
G0332,L1,13.5000,54.0000,-30.0000,9.536743e-07,0.000000e+00,9.536743e-07,7.064254e-06,183.2917,44.0045,-105.8370,188.5000,IK_OK
G0332,L2,-13.5000,54.0000,-30.0000,-9.536743e-07,0.000000e+00,9.536743e-07,7.064254e-06,183.2917,-44.0045,-105.8370,188.5000,IK_OK
G0332,L3,13.5000,54.0000,-30.0000,9.536743e-07,0.000000e+00,9.536743e-07,7.064254e-06,183.2917,44.0045,-105.8370,188.5000,IK_OK
G0334,R1,-13.5000,54.0000,-30.0000,-9.536743e-07,0.000000e+00,9.536743e-07,7.064254e-06,183.2917,-44.0045,-105.8370,188.5000,IK_OK
G0334,R2,13.5000,54.0000,-30.0000,9.536743e-07,0.000000e+00,9.536743e-07,7.064254e-06,183.2917,44.0045,-105.8370,188.5000,IK_OK
G0334,R3,-13.5000,54.0000,-30.0000,-9.536743e-07,0.000000e+00,9.536743e-07,7.064254e-06,183.2917,-44.0045,-105.8370,188.5000,IK_OK
G0334,L1,-13.5000,54.0000,-30.0000,-9.536743e-07,0.000000e+00,9.536743e-07,7.064254e-06,183.2917,-44.0045,-105.8370,188.5000,IK_OK
G0334,L2,13.5000,54.0000,-30.0000,9.536743e-07,0.000000e+00,9.536743e-07,7.064254e-06,183.2917,44.0045,-105.8370,188.5000,IK_OK
G0334,L3,-13.5000,54.0000,-30.0000,-9.536743e-07,0.000000e+00,9.536743e-07,7.064254e-06,183.2917,-44.0045,-105.8370,188.5000,IK_OK
G0335,R1,0.0000,40.5000,-30.0000,0.000000e+00,0.000000e+00,0.000000e+00,0.000000e+00,209.1593,0.0000,-68.7130,209.1593,IK_OK
G0335,R2,0.0000,40.5000,-30.0000,0.000000e+00,0.000000e+00,0.000000e+00,0.000000e+00,209.1593,0.0000,-68.7130,209.1593,IK_OK
G0335,R3,0.0000,40.5000,-30.0000,0.000000e+00,0.000000e+00,0.000000e+00,0.000000e+00,209.1593,0.0000,-68.7130,209.1593,IK_OK
G0335,L1,0.0000,40.5000,-30.0000,0.000000e+00,0.000000e+00,0.000000e+00,0.000000e+00,209.1593,0.0000,-68.7130,209.1593,IK_OK
G0335,L2,0.0000,40.5000,-30.0000,0.000000e+00,0.000000e+00,0.000000e+00,0.000000e+00,209.1593,0.0000,-68.7130,209.1593,IK_OK
G0335,L3,0.0000,40.5000,-30.0000,0.000000e+00,0.000000e+00,0.000000e+00,0.000000e+00,209.1593,0.0000,-68.7130,209.1593,IK_OK
G0336,R1,0.0000,40.5000,-30.0000,0.000000e+00,0.000000e+00,0.000000e+00,0.000000e+00,209.1593,0.0000,-68.7130,209.1593,IK_OK
G0336,R2,0.0000,40.5000,-30.0000,0.000000e+00,0.000000e+00,0.000000e+00,0.000000e+00,209.1593,0.0000,-68.7130,209.1593,IK_OK
G0336,R3,0.0000,40.5000,-30.0000,0.000000e+00,0.000000e+00,0.000000e+00,0.000000e+00,209.1593,0.0000,-68.7130,209.1593,IK_OK
G0336,L1,0.0000,40.5000,-30.0000,0.000000e+00,0.000000e+00,0.000000e+00,0.000000e+00,209.1593,0.0000,-68.7130,209.1593,IK_OK
G0336,L2,0.0000,40.5000,-30.0000,0.000000e+00,0.000000e+00,0.000000e+00,0.000000e+00,209.1593,0.0000,-68.7130,209.1593,IK_OK
G0336,L3,0.0000,40.5000,-30.0000,0.000000e+00,0.000000e+00,0.000000e+00,0.000000e+00,209.1593,0.0000,-68.7130,209.1593,IK_OK
G0337,R1,0.0000,40.5000,-30.0000,0.000000e+00,0.000000e+00,0.000000e+00,0.000000e+00,209.1593,0.0000,-68.7130,209.1593,IK_OK
G0337,R2,0.0000,40.5000,-30.0000,0.000000e+00,0.000000e+00,0.000000e+00,0.000000e+00,209.1593,0.0000,-68.7130,209.1593,IK_OK
G0337,R3,0.0000,40.5000,-30.0000,0.000000e+00,0.000000e+00,0.000000e+00,0.000000e+00,209.1593,0.0000,-68.7130,209.1593,IK_OK
G0337,L1,0.0000,40.5000,-30.0000,0.000000e+00,0.000000e+00,0.000000e+00,0.000000e+00,209.1593,0.0000,-68.7130,209.1593,IK_OK
G0337,L2,0.0000,40.5000,-30.0000,0.000000e+00,0.000000e+00,0.000000e+00,0.000000e+00,209.1593,0.0000,-68.7130,209.1593,IK_OK
G0337,L3,0.0000,40.5000,-30.0000,0.000000e+00,0.000000e+00,0.000000e+00,0.000000e+00,209.1593,0.0000,-68.7130,209.1593,IK_OK
G0338,R1,0.0000,67.5000,-30.0000,0.000000e+00,0.000000e+00,0.000000e+00,0.000000e+00,159.7450,0.0000,-137.1125,159.7450,IK_OK
G0338,R2,0.0000,67.5000,-30.0000,0.000000e+00,0.000000e+00,0.000000e+00,0.000000e+00,159.7450,0.0000,-137.1125,159.7450,IK_OK
G0338,R3,0.0000,67.5000,-30.0000,0.000000e+00,0.000000e+00,0.000000e+00,0.000000e+00,159.7450,0.0000,-137.1125,159.7450,IK_OK
G0338,L1,0.0000,67.5000,-30.0000,0.000000e+00,0.000000e+00,0.000000e+00,0.000000e+00,159.7450,0.0000,-137.1125,159.7450,IK_OK
G0338,L2,0.0000,67.5000,-30.0000,0.000000e+00,0.000000e+00,0.000000e+00,0.000000e+00,159.7450,0.0000,-137.1125,159.7450,IK_OK
G0338,L3,0.0000,67.5000,-30.0000,0.000000e+00,0.000000e+00,0.000000e+00,0.000000e+00,159.7450,0.0000,-137.1125,159.7450,IK_OK
G0339,R1,0.0000,67.5000,-30.0000,0.000000e+00,0.000000e+00,0.000000e+00,0.000000e+00,159.7450,0.0000,-137.1125,159.7450,IK_OK
G0339,R2,0.0000,67.5000,-30.0000,0.000000e+00,0.000000e+00,0.000000e+00,0.000000e+00,159.7450,0.0000,-137.1125,159.7450,IK_OK
G0339,R3,0.0000,67.5000,-30.0000,0.000000e+00,0.000000e+00,0.000000e+00,0.000000e+00,159.7450,0.0000,-137.1125,159.7450,IK_OK
G0339,L1,0.0000,67.5000,-30.0000,0.000000e+00,0.000000e+00,0.000000e+00,0.000000e+00,159.7450,0.0000,-137.1125,159.7450,IK_OK
G0339,L2,0.0000,67.5000,-30.0000,0.000000e+00,0.000000e+00,0.000000e+00,0.000000e+00,159.7450,0.0000,-137.1125,159.7450,IK_OK
G0339,L3,0.0000,67.5000,-30.0000,0.000000e+00,0.000000e+00,0.000000e+00,0.000000e+00,159.7450,0.0000,-137.1125,159.7450,IK_OK
G0340,R1,0.0000,67.5000,-30.0000,0.000000e+00,0.000000e+00,0.000000e+00,0.000000e+00,159.7450,0.0000,-137.1125,159.7450,IK_OK
G0340,R2,0.0000,67.5000,-30.0000,0.000000e+00,0.000000e+00,0.000000e+00,0.000000e+00,159.7450,0.0000,-137.1125,159.7450,IK_OK
G0340,R3,0.0000,67.5000,-30.0000,0.000000e+00,0.000000e+00,0.000000e+00,0.000000e+00,159.7450,0.0000,-137.1125,159.7450,IK_OK
G0340,L1,0.0000,67.5000,-30.0000,0.000000e+00,0.000000e+00,0.000000e+00,0.000000e+00,159.7450,0.0000,-137.1125,159.7450,IK_OK
G0340,L2,0.0000,67.5000,-30.0000,0.000000e+00,0.000000e+00,0.000000e+00,0.000000e+00,159.7450,0.0000,-137.1125,159.7450,IK_OK
G0340,L3,0.0000,67.5000,-30.0000,0.000000e+00,0.000000e+00,0.000000e+00,0.000000e+00,159.7450,0.0000,-137.1125,159.7450,IK_OK
G0341,R1,0.0000,67.5000,-30.0000,0.000000e+00,0.000000e+00,0.000000e+00,0.000000e+00,159.7450,0.0000,-137.1125,159.7450,IK_OK
G0341,R2,0.0000,67.5000,-30.0000,0.000000e+00,0.000000e+00,0.000000e+00,0.000000e+00,159.7450,0.0000,-137.1125,159.7450,IK_OK
G0341,R3,0.0000,67.5000,-30.0000,0.000000e+00,0.000000e+00,0.000000e+00,0.000000e+00,159.7450,0.0000,-137.1125,159.7450,IK_OK
G0341,L1,0.0000,67.5000,-30.0000,0.000000e+00,0.000000e+00,0.000000e+00,0.000000e+00,159.7450,0.0000,-137.1125,159.7450,IK_OK
G0341,L2,0.0000,67.5000,-30.0000,0.000000e+00,0.000000e+00,0.000000e+00,0.000000e+00,159.7450,0.0000,-137.1125,159.7450,IK_OK
G0341,L3,0.0000,67.5000,-30.0000,0.000000e+00,0.000000e+00,0.000000e+00,0.000000e+00,159.7450,0.0000,-137.1125,159.7450,IK_OK
G0342,R1,0.0000,40.5000,-30.0000,0.000000e+00,0.000000e+00,0.000000e+00,0.000000e+00,209.1593,0.0000,-68.7130,209.1593,IK_OK
G0342,R2,0.0000,40.5000,-30.0000,0.000000e+00,0.000000e+00,0.000000e+00,0.000000e+00,209.1593,0.0000,-68.7130,209.1593,IK_OK
G0342,R3,0.0000,40.5000,-30.0000,0.000000e+00,0.000000e+00,0.000000e+00,0.000000e+00,209.1593,0.0000,-68.7130,209.1593,IK_OK
G0342,L1,0.0000,40.5000,-30.0000,0.000000e+00,0.000000e+00,0.000000e+00,0.000000e+00,209.1593,0.0000,-68.7130,209.1593,IK_OK
G0342,L2,0.0000,40.5000,-30.0000,0.000000e+00,0.000000e+00,0.000000e+00,0.000000e+00,209.1593,0.0000,-68.7130,209.1593,IK_OK
G0342,L3,0.0000,40.5000,-30.0000,0.000000e+00,0.000000e+00,0.000000e+00,0.000000e+00,209.1593,0.0000,-68.7130,209.1593,IK_OK
G0363,R1,0.0000,40.5000,-30.0000,0.000000e+00,0.000000e+00,0.000000e+00,0.000000e+00,209.1593,0.0000,-68.7130,209.1593,IK_OK
G0363,R2,0.0000,40.5000,-30.0000,0.000000e+00,0.000000e+00,0.000000e+00,0.000000e+00,209.1593,0.0000,-68.7130,209.1593,IK_OK
G0363,R3,0.0000,40.5000,-30.0000,0.000000e+00,0.000000e+00,0.000000e+00,0.000000e+00,209.1593,0.0000,-68.7130,209.1593,IK_OK
G0363,L1,0.0000,40.5000,-30.0000,0.000000e+00,0.000000e+00,0.000000e+00,0.000000e+00,209.1593,0.0000,-68.7130,209.1593,IK_OK
G0363,L2,0.0000,40.5000,-30.0000,0.000000e+00,0.000000e+00,0.000000e+00,0.000000e+00,209.1593,0.0000,-68.7130,209.1593,IK_OK
G0363,L3,0.0000,40.5000,-30.0000,0.000000e+00,0.000000e+00,0.000000e+00,0.000000e+00,209.1593,0.0000,-68.7130,209.1593,IK_OK
G0364,R1,0.0000,40.5000,-30.0000,0.000000e+00,0.000000e+00,0.000000e+00,0.000000e+00,209.1593,0.0000,-68.7130,209.1593,IK_OK
G0364,R2,0.0000,40.5000,-30.0000,0.000000e+00,0.000000e+00,0.000000e+00,0.000000e+00,209.1593,0.0000,-68.7130,209.1593,IK_OK
G0364,R3,0.0000,40.5000,-30.0000,0.000000e+00,0.000000e+00,0.000000e+00,0.000000e+00,209.1593,0.0000,-68.7130,209.1593,IK_OK
G0364,L1,0.0000,40.5000,-30.0000,0.000000e+00,0.000000e+00,0.000000e+00,0.000000e+00,209.1593,0.0000,-68.7130,209.1593,IK_OK
G0364,L2,0.0000,40.5000,-30.0000,0.000000e+00,0.000000e+00,0.000000e+00,0.000000e+00,209.1593,0.0000,-68.7130,209.1593,IK_OK
G0364,L3,0.0000,40.5000,-30.0000,0.000000e+00,0.000000e+00,0.000000e+00,0.000000e+00,209.1593,0.0000,-68.7130,209.1593,IK_OK
G0365,R1,0.0000,40.5000,-30.0000,0.000000e+00,0.000000e+00,0.000000e+00,0.000000e+00,209.1593,0.0000,-68.7130,209.1593,IK_OK
G0365,R2,0.0000,40.5000,-30.0000,0.000000e+00,0.000000e+00,0.000000e+00,0.000000e+00,209.1593,0.0000,-68.7130,209.1593,IK_OK
G0365,R3,0.0000,40.5000,-30.0000,0.000000e+00,0.000000e+00,0.000000e+00,0.000000e+00,209.1593,0.0000,-68.7130,209.1593,IK_OK
G0365,L1,0.0000,40.5000,-30.0000,0.000000e+00,0.000000e+00,0.000000e+00,0.000000e+00,209.1593,0.0000,-68.7130,209.1593,IK_OK
G0365,L2,0.0000,40.5000,-30.0000,0.000000e+00,0.000000e+00,0.000000e+00,0.000000e+00,209.1593,0.0000,-68.7130,209.1593,IK_OK
G0365,L3,0.0000,40.5000,-30.0000,0.000000e+00,0.000000e+00,0.000000e+00,0.000000e+00,209.1593,0.0000,-68.7130,209.1593,IK_OK
G0366,R1,0.0000,67.5000,-30.0000,0.000000e+00,0.000000e+00,0.000000e+00,0.000000e+00,159.7450,0.0000,-137.1125,159.7450,IK_OK
G0366,R2,0.0000,67.5000,-30.0000,0.000000e+00,0.000000e+00,0.000000e+00,0.000000e+00,159.7450,0.0000,-137.1125,159.7450,IK_OK
G0366,R3,0.0000,67.5000,-30.0000,0.000000e+00,0.000000e+00,0.000000e+00,0.000000e+00,159.7450,0.0000,-137.1125,159.7450,IK_OK
G0366,L1,0.0000,67.5000,-30.0000,0.000000e+00,0.000000e+00,0.000000e+00,0.000000e+00,159.7450,0.0000,-137.1125,159.7450,IK_OK
G0366,L2,0.0000,67.5000,-30.0000,0.000000e+00,0.000000e+00,0.000000e+00,0.000000e+00,159.7450,0.0000,-137.1125,159.7450,IK_OK
G0366,L3,0.0000,67.5000,-30.0000,0.000000e+00,0.000000e+00,0.000000e+00,0.000000e+00,159.7450,0.0000,-137.1125,159.7450,IK_OK
G0367,R1,0.0000,67.5000,-30.0000,0.000000e+00,0.000000e+00,0.000000e+00,0.000000e+00,159.7450,0.0000,-137.1125,159.7450,IK_OK
G0367,R2,0.0000,67.5000,-30.0000,0.000000e+00,0.000000e+00,0.000000e+00,0.000000e+00,159.7450,0.0000,-137.1125,159.7450,IK_OK
G0367,R3,0.0000,67.5000,-30.0000,0.000000e+00,0.000000e+00,0.000000e+00,0.000000e+00,159.7450,0.0000,-137.1125,159.7450,IK_OK
G0367,L1,0.0000,67.5000,-30.0000,0.000000e+00,0.000000e+00,0.000000e+00,0.000000e+00,159.7450,0.0000,-137.1125,159.7450,IK_OK
G0367,L2,0.0000,67.5000,-30.0000,0.000000e+00,0.000000e+00,0.000000e+00,0.000000e+00,159.7450,0.0000,-137.1125,159.7450,IK_OK
G0367,L3,0.0000,67.5000,-30.0000,0.000000e+00,0.000000e+00,0.000000e+00,0.000000e+00,159.7450,0.0000,-137.1125,159.7450,IK_OK
G0368,R1,0.0000,67.5000,-30.0000,0.000000e+00,0.000000e+00,0.000000e+00,0.000000e+00,159.7450,0.0000,-137.1125,159.7450,IK_OK
G0368,R2,0.0000,67.5000,-30.0000,0.000000e+00,0.000000e+00,0.000000e+00,0.000000e+00,159.7450,0.0000,-137.1125,159.7450,IK_OK
G0368,R3,0.0000,67.5000,-30.0000,0.000000e+00,0.000000e+00,0.000000e+00,0.000000e+00,159.7450,0.0000,-137.1125,159.7450,IK_OK
G0368,L1,0.0000,67.5000,-30.0000,0.000000e+00,0.000000e+00,0.000000e+00,0.000000e+00,159.7450,0.0000,-137.1125,159.7450,IK_OK
G0368,L2,0.0000,67.5000,-30.0000,0.000000e+00,0.000000e+00,0.000000e+00,0.000000e+00,159.7450,0.0000,-137.1125,159.7450,IK_OK
G0368,L3,0.0000,67.5000,-30.0000,0.000000e+00,0.000000e+00,0.000000e+00,0.000000e+00,159.7450,0.0000,-137.1125,159.7450,IK_OK
G0369,R1,0.0000,67.5000,-30.0000,0.000000e+00,0.000000e+00,0.000000e+00,0.000000e+00,159.7450,0.0000,-137.1125,159.7450,IK_OK
G0369,R2,0.0000,67.5000,-30.0000,0.000000e+00,0.000000e+00,0.000000e+00,0.000000e+00,159.7450,0.0000,-137.1125,159.7450,IK_OK
G0369,R3,0.0000,67.5000,-30.0000,0.000000e+00,0.000000e+00,0.000000e+00,0.000000e+00,159.7450,0.0000,-137.1125,159.7450,IK_OK
G0369,L1,0.0000,67.5000,-30.0000,0.000000e+00,0.000000e+00,0.000000e+00,0.000000e+00,159.7450,0.0000,-137.1125,159.7450,IK_OK
G0369,L2,0.0000,67.5000,-30.0000,0.000000e+00,0.000000e+00,0.000000e+00,0.000000e+00,159.7450,0.0000,-137.1125,159.7450,IK_OK
G0369,L3,0.0000,67.5000,-30.0000,0.000000e+00,0.000000e+00,0.000000e+00,0.000000e+00,159.7450,0.0000,-137.1125,159.7450,IK_OK
G0370,R1,0.0000,40.5000,-30.0000,0.000000e+00,0.000000e+00,0.000000e+00,0.000000e+00,209.1593,0.0000,-68.7130,209.1593,IK_OK
G0370,R2,0.0000,40.5000,-30.0000,0.000000e+00,0.000000e+00,0.000000e+00,0.000000e+00,209.1593,0.0000,-68.7130,209.1593,IK_OK
G0370,R3,0.0000,40.5000,-30.0000,0.000000e+00,0.000000e+00,0.000000e+00,0.000000e+00,209.1593,0.0000,-68.7130,209.1593,IK_OK
G0370,L1,0.0000,40.5000,-30.0000,0.000000e+00,0.000000e+00,0.000000e+00,0.000000e+00,209.1593,0.0000,-68.7130,209.1593,IK_OK
G0370,L2,0.0000,40.5000,-30.0000,0.000000e+00,0.000000e+00,0.000000e+00,0.000000e+00,209.1593,0.0000,-68.7130,209.1593,IK_OK
G0370,L3,0.0000,40.5000,-30.0000,0.000000e+00,0.000000e+00,0.000000e+00,0.000000e+00,209.1593,0.0000,-68.7130,209.1593,IK_OK
G0371,R1,13.5000,27.0000,-30.0000,9.536743e-07,0.000000e+00,9.536743e-07,7.064254e-06,214.4868,51.4937,-27.7919,220.5814,IK_OK
G0371,R2,-13.5000,0.0000,-30.0000,-9.536743e-07,0.000000e+00,9.536743e-07,7.064254e-06,207.8290,-49.8953,56.3116,213.7345,IK_OK
G0371,R3,13.5000,27.0000,-30.0000,9.536743e-07,0.000000e+00,9.536743e-07,7.064254e-06,214.4868,51.4937,-27.7919,220.5814,IK_OK
G0371,L1,13.5000,0.0000,-30.0000,9.536743e-07,0.000000e+00,9.536743e-07,7.064254e-06,207.8290,49.8953,56.3116,213.7345,IK_OK
G0371,L2,-13.5000,27.0000,-30.0000,-9.536743e-07,0.000000e+00,9.536743e-07,7.064254e-06,214.4868,-51.4937,-27.7919,220.5814,IK_OK
G0371,L3,13.5000,0.0000,-30.0000,9.536743e-07,0.000000e+00,9.536743e-07,7.064254e-06,207.8290,49.8953,56.3116,213.7345,IK_OK
G0372,R1,13.5000,0.0000,-30.0000,9.536743e-07,0.000000e+00,9.536743e-07,7.064254e-06,207.8290,49.8953,56.3116,213.7345,IK_OK
G0372,R2,-13.5000,0.0000,-30.0000,-9.536743e-07,0.000000e+00,9.536743e-07,7.064254e-06,207.8290,-49.8953,56.3116,213.7345,IK_OK
G0372,R3,13.5000,0.0000,-30.0000,9.536743e-07,0.000000e+00,9.536743e-07,7.064254e-06,207.8290,49.8953,56.3116,213.7345,IK_OK
G0372,L1,13.5000,0.0000,-30.0000,9.536743e-07,0.000000e+00,9.536743e-07,7.064254e-06,207.8290,49.8953,56.3116,213.7345,IK_OK
G0372,L2,-13.5000,0.0000,-30.0000,-9.536743e-07,0.000000e+00,9.536743e-07,7.064254e-06,207.8290,-49.8953,56.3116,213.7345,IK_OK
G0372,L3,13.5000,0.0000,-30.0000,9.536743e-07,0.000000e+00,9.536743e-07,7.064254e-06,207.8290,49.8953,56.3116,213.7345,IK_OK
G0373,R1,-13.5000,0.0000,-30.0000,-9.536743e-07,0.000000e+00,9.536743e-07,7.064254e-06,207.8290,-49.8953,56.3116,213.7345,IK_OK
G0373,R2,13.5000,27.0000,-30.0000,9.536743e-07,0.000000e+00,9.536743e-07,7.064254e-06,214.4868,51.4937,-27.7919,220.5814,IK_OK
G0373,R3,-13.5000,0.0000,-30.0000,-9.536743e-07,0.000000e+00,9.536743e-07,7.064254e-06,207.8290,-49.8953,56.3116,213.7345,IK_OK
G0373,L1,-13.5000,27.0000,-30.0000,-9.536743e-07,0.000000e+00,9.536743e-07,7.064254e-06,214.4868,-51.4937,-27.7919,220.5814,IK_OK
G0373,L2,13.5000,0.0000,-30.0000,9.536743e-07,0.000000e+00,9.536743e-07,7.064254e-06,207.8290,49.8953,56.3116,213.7345,IK_OK
G0373,L3,-13.5000,27.0000,-30.0000,-9.536743e-07,0.000000e+00,9.536743e-07,7.064254e-06,214.4868,-51.4937,-27.7919,220.5814,IK_OK
G0374,R1,-13.5000,0.0000,-30.0000,-9.536743e-07,0.000000e+00,9.536743e-07,7.064254e-06,207.8290,-49.8953,56.3116,213.7345,IK_OK
G0374,R2,13.5000,0.0000,-30.0000,9.536743e-07,0.000000e+00,9.536743e-07,7.064254e-06,207.8290,49.8953,56.3116,213.7345,IK_OK
G0374,R3,-13.5000,0.0000,-30.0000,-9.536743e-07,0.000000e+00,9.536743e-07,7.064254e-06,207.8290,-49.8953,56.3116,213.7345,IK_OK
G0374,L1,-13.5000,0.0000,-30.0000,-9.536743e-07,0.000000e+00,9.536743e-07,7.064254e-06,207.8290,-49.8953,56.3116,213.7345,IK_OK
G0374,L2,13.5000,0.0000,-30.0000,9.536743e-07,0.000000e+00,9.536743e-07,7.064254e-06,207.8290,49.8953,56.3116,213.7345,IK_OK
G0374,L3,-13.5000,0.0000,-30.0000,-9.536743e-07,0.000000e+00,9.536743e-07,7.064254e-06,207.8290,-49.8953,56.3116,213.7345,IK_OK
G0375,R1,13.5000,27.0000,-30.0000,9.536743e-07,0.000000e+00,9.536743e-07,7.064254e-06,214.4868,51.4937,-27.7919,220.5814,IK_OK
G0375,R2,-13.5000,0.0000,-30.0000,-9.536743e-07,0.000000e+00,9.536743e-07,7.064254e-06,207.8290,-49.8953,56.3116,213.7345,IK_OK
G0375,R3,13.5000,27.0000,-30.0000,9.536743e-07,0.000000e+00,9.536743e-07,7.064254e-06,214.4868,51.4937,-27.7919,220.5814,IK_OK
G0375,L1,13.5000,0.0000,-30.0000,9.536743e-07,0.000000e+00,9.536743e-07,7.064254e-06,207.8290,49.8953,56.3116,213.7345,IK_OK
G0375,L2,-13.5000,27.0000,-30.0000,-9.536743e-07,0.000000e+00,9.536743e-07,7.064254e-06,214.4868,-51.4937,-27.7919,220.5814,IK_OK
G0375,L3,13.5000,0.0000,-30.0000,9.536743e-07,0.000000e+00,9.536743e-07,7.064254e-06,207.8290,49.8953,56.3116,213.7345,IK_OK
G0376,R1,13.5000,0.0000,-30.0000,9.536743e-07,0.000000e+00,9.536743e-07,7.064254e-06,207.8290,49.8953,56.3116,213.7345,IK_OK
G0376,R2,-13.5000,0.0000,-30.0000,-9.536743e-07,0.000000e+00,9.536743e-07,7.064254e-06,207.8290,-49.8953,56.3116,213.7345,IK_OK
G0376,R3,13.5000,0.0000,-30.0000,9.536743e-07,0.000000e+00,9.536743e-07,7.064254e-06,207.8290,49.8953,56.3116,213.7345,IK_OK
G0376,L1,13.5000,0.0000,-30.0000,9.536743e-07,0.000000e+00,9.536743e-07,7.064254e-06,207.8290,49.8953,56.3116,213.7345,IK_OK
G0376,L2,-13.5000,0.0000,-30.0000,-9.536743e-07,0.000000e+00,9.536743e-07,7.064254e-06,207.8290,-49.8953,56.3116,213.7345,IK_OK
G0376,L3,13.5000,0.0000,-30.0000,9.536743e-07,0.000000e+00,9.536743e-07,7.064254e-06,207.8290,49.8953,56.3116,213.7345,IK_OK
G0377,R1,-13.5000,0.0000,-30.0000,-9.536743e-07,0.000000e+00,9.536743e-07,7.064254e-06,207.8290,-49.8953,56.3116,213.7345,IK_OK
G0377,R2,13.5000,27.0000,-30.0000,9.536743e-07,0.000000e+00,9.536743e-07,7.064254e-06,214.4868,51.4937,-27.7919,220.5814,IK_OK
G0377,R3,-13.5000,0.0000,-30.0000,-9.536743e-07,0.000000e+00,9.536743e-07,7.064254e-06,207.8290,-49.8953,56.3116,213.7345,IK_OK
G0377,L1,-13.5000,27.0000,-30.0000,-9.536743e-07,0.000000e+00,9.536743e-07,7.064254e-06,214.4868,-51.4937,-27.7919,220.5814,IK_OK
G0377,L2,13.5000,0.0000,-30.0000,9.536743e-07,0.000000e+00,9.536743e-07,7.064254e-06,207.8290,49.8953,56.3116,213.7345,IK_OK
G0377,L3,-13.5000,27.0000,-30.0000,-9.536743e-07,0.000000e+00,9.536743e-07,7.064254e-06,214.4868,-51.4937,-27.7919,220.5814,IK_OK
G0378,R1,-13.5000,0.0000,-30.0000,-9.536743e-07,0.000000e+00,9.536743e-07,7.064254e-06,207.8290,-49.8953,56.3116,213.7345,IK_OK
G0378,R2,13.5000,0.0000,-30.0000,9.536743e-07,0.000000e+00,9.536743e-07,7.064254e-06,207.8290,49.8953,56.3116,213.7345,IK_OK
G0378,R3,-13.5000,0.0000,-30.0000,-9.536743e-07,0.000000e+00,9.536743e-07,7.064254e-06,207.8290,-49.8953,56.3116,213.7345,IK_OK
G0378,L1,-13.5000,0.0000,-30.0000,-9.536743e-07,0.000000e+00,9.536743e-07,7.064254e-06,207.8290,-49.8953,56.3116,213.7345,IK_OK
G0378,L2,13.5000,0.0000,-30.0000,9.536743e-07,0.000000e+00,9.536743e-07,7.064254e-06,207.8290,49.8953,56.3116,213.7345,IK_OK
G0378,L3,-13.5000,0.0000,-30.0000,-9.536743e-07,0.000000e+00,9.536743e-07,7.064254e-06,207.8290,-49.8953,56.3116,213.7345,IK_OK
G0379,R1,13.5000,27.0000,-30.0000,9.536743e-07,0.000000e+00,9.536743e-07,7.064254e-06,214.4868,51.4937,-27.7919,220.5814,IK_OK
G0379,R2,-13.5000,0.0000,-30.0000,-9.536743e-07,0.000000e+00,9.536743e-07,7.064254e-06,207.8290,-49.8953,56.3116,213.7345,IK_OK
G0379,R3,13.5000,27.0000,-30.0000,9.536743e-07,0.000000e+00,9.536743e-07,7.064254e-06,214.4868,51.4937,-27.7919,220.5814,IK_OK
G0379,L1,13.5000,0.0000,-30.0000,9.536743e-07,0.000000e+00,9.536743e-07,7.064254e-06,207.8290,49.8953,56.3116,213.7345,IK_OK
G0379,L2,-13.5000,27.0000,-30.0000,-9.536743e-07,0.000000e+00,9.536743e-07,7.064254e-06,214.4868,-51.4937,-27.7919,220.5814,IK_OK
G0379,L3,13.5000,0.0000,-30.0000,9.536743e-07,0.000000e+00,9.536743e-07,7.064254e-06,207.8290,49.8953,56.3116,213.7345,IK_OK
G0380,R1,13.5000,0.0000,-30.0000,9.536743e-07,0.000000e+00,9.536743e-07,7.064254e-06,207.8290,49.8953,56.3116,213.7345,IK_OK
G0380,R2,-13.5000,0.0000,-30.0000,-9.536743e-07,0.000000e+00,9.536743e-07,7.064254e-06,207.8290,-49.8953,56.3116,213.7345,IK_OK
G0380,R3,13.5000,0.0000,-30.0000,9.536743e-07,0.000000e+00,9.536743e-07,7.064254e-06,207.8290,49.8953,56.3116,213.7345,IK_OK
G0380,L1,13.5000,0.0000,-30.0000,9.536743e-07,0.000000e+00,9.536743e-07,7.064254e-06,207.8290,49.8953,56.3116,213.7345,IK_OK
G0380,L2,-13.5000,0.0000,-30.0000,-9.536743e-07,0.000000e+00,9.536743e-07,7.064254e-06,207.8290,-49.8953,56.3116,213.7345,IK_OK
G0380,L3,13.5000,0.0000,-30.0000,9.536743e-07,0.000000e+00,9.536743e-07,7.064254e-06,207.8290,49.8953,56.3116,213.7345,IK_OK
G0381,R1,-13.5000,0.0000,-30.0000,-9.536743e-07,0.000000e+00,9.536743e-07,7.064254e-06,207.8290,-49.8953,56.3116,213.7345,IK_OK
G0381,R2,13.5000,27.0000,-30.0000,9.536743e-07,0.000000e+00,9.536743e-07,7.064254e-06,214.4868,51.4937,-27.7919,220.5814,IK_OK
G0381,R3,-13.5000,0.0000,-30.0000,-9.536743e-07,0.000000e+00,9.536743e-07,7.064254e-06,207.8290,-49.8953,56.3116,213.7345,IK_OK
G0381,L1,-13.5000,27.0000,-30.0000,-9.536743e-07,0.000000e+00,9.536743e-07,7.064254e-06,214.4868,-51.4937,-27.7919,220.5814,IK_OK
G0381,L2,13.5000,0.0000,-30.0000,9.536743e-07,0.000000e+00,9.536743e-07,7.064254e-06,207.8290,49.8953,56.3116,213.7345,IK_OK
G0381,L3,-13.5000,27.0000,-30.0000,-9.536743e-07,0.000000e+00,9.536743e-07,7.064254e-06,214.4868,-51.4937,-27.7919,220.5814,IK_OK
G0382,R1,-13.5000,0.0000,-30.0000,-9.536743e-07,0.000000e+00,9.536743e-07,7.064254e-06,207.8290,-49.8953,56.3116,213.7345,IK_OK
G0382,R2,13.5000,0.0000,-30.0000,9.536743e-07,0.000000e+00,9.536743e-07,7.064254e-06,207.8290,49.8953,56.3116,213.7345,IK_OK
G0382,R3,-13.5000,0.0000,-30.0000,-9.536743e-07,0.000000e+00,9.536743e-07,7.064254e-06,207.8290,-49.8953,56.3116,213.7345,IK_OK
G0382,L1,-13.5000,0.0000,-30.0000,-9.536743e-07,0.000000e+00,9.536743e-07,7.064254e-06,207.8290,-49.8953,56.3116,213.7345,IK_OK
G0382,L2,13.5000,0.0000,-30.0000,9.536743e-07,0.000000e+00,9.536743e-07,7.064254e-06,207.8290,49.8953,56.3116,213.7345,IK_OK
G0382,L3,-13.5000,0.0000,-30.0000,-9.536743e-07,0.000000e+00,9.536743e-07,7.064254e-06,207.8290,-49.8953,56.3116,213.7345,IK_OK
G0383,R1,13.5000,27.0000,-30.0000,9.536743e-07,0.000000e+00,9.536743e-07,7.064254e-06,214.4868,51.4937,-27.7919,220.5814,IK_OK
G0383,R2,-13.5000,0.0000,-30.0000,-9.536743e-07,0.000000e+00,9.536743e-07,7.064254e-06,207.8290,-49.8953,56.3116,213.7345,IK_OK
G0383,R3,13.5000,27.0000,-30.0000,9.536743e-07,0.000000e+00,9.536743e-07,7.064254e-06,214.4868,51.4937,-27.7919,220.5814,IK_OK
G0383,L1,13.5000,0.0000,-30.0000,9.536743e-07,0.000000e+00,9.536743e-07,7.064254e-06,207.8290,49.8953,56.3116,213.7345,IK_OK
G0383,L2,-13.5000,27.0000,-30.0000,-9.536743e-07,0.000000e+00,9.536743e-07,7.064254e-06,214.4868,-51.4937,-27.7919,220.5814,IK_OK
G0383,L3,13.5000,0.0000,-30.0000,9.536743e-07,0.000000e+00,9.536743e-07,7.064254e-06,207.8290,49.8953,56.3116,213.7345,IK_OK
G0384,R1,13.5000,0.0000,-30.0000,9.536743e-07,0.000000e+00,9.536743e-07,7.064254e-06,207.8290,49.8953,56.3116,213.7345,IK_OK
G0384,R2,-13.5000,0.0000,-30.0000,-9.536743e-07,0.000000e+00,9.536743e-07,7.064254e-06,207.8290,-49.8953,56.3116,213.7345,IK_OK
G0384,R3,13.5000,0.0000,-30.0000,9.536743e-07,0.000000e+00,9.536743e-07,7.064254e-06,207.8290,49.8953,56.3116,213.7345,IK_OK
G0384,L1,13.5000,0.0000,-30.0000,9.536743e-07,0.000000e+00,9.536743e-07,7.064254e-06,207.8290,49.8953,56.3116,213.7345,IK_OK
G0384,L2,-13.5000,0.0000,-30.0000,-9.536743e-07,0.000000e+00,9.536743e-07,7.064254e-06,207.8290,-49.8953,56.3116,213.7345,IK_OK
G0384,L3,13.5000,0.0000,-30.0000,9.536743e-07,0.000000e+00,9.536743e-07,7.064254e-06,207.8290,49.8953,56.3116,213.7345,IK_OK
G0385,R1,-13.5000,0.0000,-30.0000,-9.536743e-07,0.000000e+00,9.536743e-07,7.064254e-06,207.8290,-49.8953,56.3116,213.7345,IK_OK
G0385,R2,13.5000,27.0000,-30.0000,9.536743e-07,0.000000e+00,9.536743e-07,7.064254e-06,214.4868,51.4937,-27.7919,220.5814,IK_OK
G0385,R3,-13.5000,0.0000,-30.0000,-9.536743e-07,0.000000e+00,9.536743e-07,7.064254e-06,207.8290,-49.8953,56.3116,213.7345,IK_OK
G0385,L1,-13.5000,27.0000,-30.0000,-9.536743e-07,0.000000e+00,9.536743e-07,7.064254e-06,214.4868,-51.4937,-27.7919,220.5814,IK_OK
G0385,L2,13.5000,0.0000,-30.0000,9.536743e-07,0.000000e+00,9.536743e-07,7.064254e-06,207.8290,49.8953,56.3116,213.7345,IK_OK
G0385,L3,-13.5000,27.0000,-30.0000,-9.536743e-07,0.000000e+00,9.536743e-07,7.064254e-06,214.4868,-51.4937,-27.7919,220.5814,IK_OK
G0386,R1,-13.5000,0.0000,-30.0000,-9.536743e-07,0.000000e+00,9.536743e-07,7.064254e-06,207.8290,-49.8953,56.3116,213.7345,IK_OK
G0386,R2,13.5000,0.0000,-30.0000,9.536743e-07,0.000000e+00,9.536743e-07,7.064254e-06,207.8290,49.8953,56.3116,213.7345,IK_OK
G0386,R3,-13.5000,0.0000,-30.0000,-9.536743e-07,0.000000e+00,9.536743e-07,7.064254e-06,207.8290,-49.8953,56.3116,213.7345,IK_OK
G0386,L1,-13.5000,0.0000,-30.0000,-9.536743e-07,0.000000e+00,9.536743e-07,7.064254e-06,207.8290,-49.8953,56.3116,213.7345,IK_OK
G0386,L2,13.5000,0.0000,-30.0000,9.536743e-07,0.000000e+00,9.536743e-07,7.064254e-06,207.8290,49.8953,56.3116,213.7345,IK_OK
G0386,L3,-13.5000,0.0000,-30.0000,-9.536743e-07,0.000000e+00,9.536743e-07,7.064254e-06,207.8290,-49.8953,56.3116,213.7345,IK_OK
G0387,R1,13.5000,27.0000,-30.0000,9.536743e-07,0.000000e+00,9.536743e-07,7.064254e-06,214.4868,51.4937,-27.7919,220.5814,IK_OK
G0387,R2,-13.5000,0.0000,-30.0000,-9.536743e-07,0.000000e+00,9.536743e-07,7.064254e-06,207.8290,-49.8953,56.3116,213.7345,IK_OK
G0387,R3,13.5000,27.0000,-30.0000,9.536743e-07,0.000000e+00,9.536743e-07,7.064254e-06,214.4868,51.4937,-27.7919,220.5814,IK_OK
G0387,L1,13.5000,0.0000,-30.0000,9.536743e-07,0.000000e+00,9.536743e-07,7.064254e-06,207.8290,49.8953,56.3116,213.7345,IK_OK
G0387,L2,-13.5000,27.0000,-30.0000,-9.536743e-07,0.000000e+00,9.536743e-07,7.064254e-06,214.4868,-51.4937,-27.7919,220.5814,IK_OK
G0387,L3,13.5000,0.0000,-30.0000,9.536743e-07,0.000000e+00,9.536743e-07,7.064254e-06,207.8290,49.8953,56.3116,213.7345,IK_OK
G0388,R1,13.5000,0.0000,-30.0000,9.536743e-07,0.000000e+00,9.536743e-07,7.064254e-06,207.8290,49.8953,56.3116,213.7345,IK_OK
G0388,R2,-13.5000,0.0000,-30.0000,-9.536743e-07,0.000000e+00,9.536743e-07,7.064254e-06,207.8290,-49.8953,56.3116,213.7345,IK_OK
G0388,R3,13.5000,0.0000,-30.0000,9.536743e-07,0.000000e+00,9.536743e-07,7.064254e-06,207.8290,49.8953,56.3116,213.7345,IK_OK
G0388,L1,13.5000,0.0000,-30.0000,9.536743e-07,0.000000e+00,9.536743e-07,7.064254e-06,207.8290,49.8953,56.3116,213.7345,IK_OK
G0388,L2,-13.5000,0.0000,-30.0000,-9.536743e-07,0.000000e+00,9.536743e-07,7.064254e-06,207.8290,-49.8953,56.3116,213.7345,IK_OK
G0388,L3,13.5000,0.0000,-30.0000,9.536743e-07,0.000000e+00,9.536743e-07,7.064254e-06,207.8290,49.8953,56.3116,213.7345,IK_OK
G0389,R1,-13.5000,0.0000,-30.0000,-9.536743e-07,0.000000e+00,9.536743e-07,7.064254e-06,207.8290,-49.8953,56.3116,213.7345,IK_OK
G0389,R2,13.5000,27.0000,-30.0000,9.536743e-07,0.000000e+00,9.536743e-07,7.064254e-06,214.4868,51.4937,-27.7919,220.5814,IK_OK
G0389,R3,-13.5000,0.0000,-30.0000,-9.536743e-07,0.000000e+00,9.536743e-07,7.064254e-06,207.8290,-49.8953,56.3116,213.7345,IK_OK
G0389,L1,-13.5000,27.0000,-30.0000,-9.536743e-07,0.000000e+00,9.536743e-07,7.064254e-06,214.4868,-51.4937,-27.7919,220.5814,IK_OK
G0389,L2,13.5000,0.0000,-30.0000,9.536743e-07,0.000000e+00,9.536743e-07,7.064254e-06,207.8290,49.8953,56.3116,213.7345,IK_OK
G0389,L3,-13.5000,27.0000,-30.0000,-9.536743e-07,0.000000e+00,9.536743e-07,7.064254e-06,214.4868,-51.4937,-27.7919,220.5814,IK_OK
G0390,R1,-13.5000,0.0000,-30.0000,-9.536743e-07,0.000000e+00,9.536743e-07,7.064254e-06,207.8290,-49.8953,56.3116,213.7345,IK_OK
G0390,R2,13.5000,0.0000,-30.0000,9.536743e-07,0.000000e+00,9.536743e-07,7.064254e-06,207.8290,49.8953,56.3116,213.7345,IK_OK
G0390,R3,-13.5000,0.0000,-30.0000,-9.536743e-07,0.000000e+00,9.536743e-07,7.064254e-06,207.8290,-49.8953,56.3116,213.7345,IK_OK
G0390,L1,-13.5000,0.0000,-30.0000,-9.536743e-07,0.000000e+00,9.536743e-07,7.064254e-06,207.8290,-49.8953,56.3116,213.7345,IK_OK
G0390,L2,13.5000,0.0000,-30.0000,9.536743e-07,0.000000e+00,9.536743e-07,7.064254e-06,207.8290,49.8953,56.3116,213.7345,IK_OK
G0390,L3,-13.5000,0.0000,-30.0000,-9.536743e-07,0.000000e+00,9.536743e-07,7.064254e-06,207.8290,-49.8953,56.3116,213.7345,IK_OK
G0391,R1,0.0000,40.5000,-30.0000,0.000000e+00,0.000000e+00,0.000000e+00,0.000000e+00,209.1593,0.0000,-68.7130,209.1593,IK_OK
G0391,R2,0.0000,40.5000,-30.0000,0.000000e+00,0.000000e+00,0.000000e+00,0.000000e+00,209.1593,0.0000,-68.7130,209.1593,IK_OK
G0391,R3,0.0000,40.5000,-30.0000,0.000000e+00,0.000000e+00,0.000000e+00,0.000000e+00,209.1593,0.0000,-68.7130,209.1593,IK_OK
G0391,L1,0.0000,40.5000,-30.0000,0.000000e+00,0.000000e+00,0.000000e+00,0.000000e+00,209.1593,0.0000,-68.7130,209.1593,IK_OK
G0391,L2,0.0000,40.5000,-30.0000,0.000000e+00,0.000000e+00,0.000000e+00,0.000000e+00,209.1593,0.0000,-68.7130,209.1593,IK_OK
G0391,L3,0.0000,40.5000,-30.0000,0.000000e+00,0.000000e+00,0.000000e+00,0.000000e+00,209.1593,0.0000,-68.7130,209.1593,IK_OK
G0392,R1,0.0000,40.5000,-30.0000,0.000000e+00,0.000000e+00,0.000000e+00,0.000000e+00,209.1593,0.0000,-68.7130,209.1593,IK_OK
G0392,R2,0.0000,40.5000,-30.0000,0.000000e+00,0.000000e+00,0.000000e+00,0.000000e+00,209.1593,0.0000,-68.7130,209.1593,IK_OK
G0392,R3,0.0000,40.5000,-30.0000,0.000000e+00,0.000000e+00,0.000000e+00,0.000000e+00,209.1593,0.0000,-68.7130,209.1593,IK_OK
G0392,L1,0.0000,40.5000,-30.0000,0.000000e+00,0.000000e+00,0.000000e+00,0.000000e+00,209.1593,0.0000,-68.7130,209.1593,IK_OK
G0392,L2,0.0000,40.5000,-30.0000,0.000000e+00,0.000000e+00,0.000000e+00,0.000000e+00,209.1593,0.0000,-68.7130,209.1593,IK_OK
G0392,L3,0.0000,40.5000,-30.0000,0.000000e+00,0.000000e+00,0.000000e+00,0.000000e+00,209.1593,0.0000,-68.7130,209.1593,IK_OK
G0393,R1,0.0000,40.5000,-30.0000,0.000000e+00,0.000000e+00,0.000000e+00,0.000000e+00,209.1593,0.0000,-68.7130,209.1593,IK_OK
G0393,R2,0.0000,40.5000,-30.0000,0.000000e+00,0.000000e+00,0.000000e+00,0.000000e+00,209.1593,0.0000,-68.7130,209.1593,IK_OK
G0393,R3,0.0000,40.5000,-30.0000,0.000000e+00,0.000000e+00,0.000000e+00,0.000000e+00,209.1593,0.0000,-68.7130,209.1593,IK_OK
G0393,L1,0.0000,40.5000,-30.0000,0.000000e+00,0.000000e+00,0.000000e+00,0.000000e+00,209.1593,0.0000,-68.7130,209.1593,IK_OK
G0393,L2,0.0000,40.5000,-30.0000,0.000000e+00,0.000000e+00,0.000000e+00,0.000000e+00,209.1593,0.0000,-68.7130,209.1593,IK_OK
G0393,L3,0.0000,40.5000,-30.0000,0.000000e+00,0.000000e+00,0.000000e+00,0.000000e+00,209.1593,0.0000,-68.7130,209.1593,IK_OK
G0394,R1,0.0000,67.5000,-30.0000,0.000000e+00,0.000000e+00,0.000000e+00,0.000000e+00,159.7450,0.0000,-137.1125,159.7450,IK_OK
G0394,R2,0.0000,67.5000,-30.0000,0.000000e+00,0.000000e+00,0.000000e+00,0.000000e+00,159.7450,0.0000,-137.1125,159.7450,IK_OK
G0394,R3,0.0000,67.5000,-30.0000,0.000000e+00,0.000000e+00,0.000000e+00,0.000000e+00,159.7450,0.0000,-137.1125,159.7450,IK_OK
G0394,L1,0.0000,67.5000,-30.0000,0.000000e+00,0.000000e+00,0.000000e+00,0.000000e+00,159.7450,0.0000,-137.1125,159.7450,IK_OK
G0394,L2,0.0000,67.5000,-30.0000,0.000000e+00,0.000000e+00,0.000000e+00,0.000000e+00,159.7450,0.0000,-137.1125,159.7450,IK_OK
G0394,L3,0.0000,67.5000,-30.0000,0.000000e+00,0.000000e+00,0.000000e+00,0.000000e+00,159.7450,0.0000,-137.1125,159.7450,IK_OK
