frame,leg,theta1_deg,theta2_deg,theta3_deg,d_theta1_deg,d_theta2_deg,residual_deg,residual_steps,foot_x_mm,foot_y_mm,foot_z_mm,signed_reach_mm,status
G0001,R1,0.0000,40.5000,121.5000,0.000000e+00,0.000000e+00,0.000000e+00,0.000000e+00,-8.6888,-0.0000,-82.9915,-8.6888,IK_W_REFLECTED
G0001,R2,0.0000,40.5000,121.5000,0.000000e+00,0.000000e+00,0.000000e+00,0.000000e+00,-8.6888,-0.0000,-82.9915,-8.6888,IK_W_REFLECTED
G0001,R3,0.0000,40.5000,121.5000,0.000000e+00,0.000000e+00,0.000000e+00,0.000000e+00,-8.6888,-0.0000,-82.9915,-8.6888,IK_W_REFLECTED
G0001,L1,0.0000,40.5000,121.5000,0.000000e+00,0.000000e+00,0.000000e+00,0.000000e+00,-8.6888,-0.0000,-82.9915,-8.6888,IK_W_REFLECTED
G0001,L2,0.0000,40.5000,121.5000,0.000000e+00,0.000000e+00,0.000000e+00,0.000000e+00,-8.6888,-0.0000,-82.9915,-8.6888,IK_W_REFLECTED
G0001,L3,0.0000,40.5000,121.5000,0.000000e+00,0.000000e+00,0.000000e+00,0.000000e+00,-8.6888,-0.0000,-82.9915,-8.6888,IK_W_REFLECTED
G0002,R1,0.0000,0.0000,94.5000,0.000000e+00,0.000000e+00,0.000000e+00,0.000000e+00,107.3637,0.0000,-112.2759,107.3637,IK_OK
G0002,R2,0.0000,0.0000,94.5000,0.000000e+00,0.000000e+00,0.000000e+00,0.000000e+00,107.3637,0.0000,-112.2759,107.3637,IK_OK
G0002,R3,0.0000,0.0000,94.5000,0.000000e+00,0.000000e+00,0.000000e+00,0.000000e+00,107.3637,0.0000,-112.2759,107.3637,IK_OK
G0002,L1,0.0000,0.0000,94.5000,0.000000e+00,0.000000e+00,0.000000e+00,0.000000e+00,107.3637,0.0000,-112.2759,107.3637,IK_OK
G0002,L2,0.0000,0.0000,94.5000,0.000000e+00,0.000000e+00,0.000000e+00,0.000000e+00,107.3637,0.0000,-112.2759,107.3637,IK_OK
G0002,L3,0.0000,0.0000,94.5000,0.000000e+00,0.000000e+00,0.000000e+00,0.000000e+00,107.3637,0.0000,-112.2759,107.3637,IK_OK
G0003,R1,0.0000,-47.2500,47.2500,0.000000e+00,0.000000e+00,0.000000e+00,0.000000e+00,204.9901,0.0000,54.4867,204.9901,IK_OK
G0003,R2,0.0000,-47.2500,47.2500,0.000000e+00,0.000000e+00,0.000000e+00,0.000000e+00,204.9901,0.0000,54.4867,204.9901,IK_OK
G0003,R3,0.0000,-47.2500,47.2500,0.000000e+00,0.000000e+00,0.000000e+00,0.000000e+00,204.9901,0.0000,54.4867,204.9901,IK_OK
G0003,L1,0.0000,-47.2500,47.2500,0.000000e+00,0.000000e+00,0.000000e+00,0.000000e+00,204.9901,0.0000,54.4867,204.9901,IK_OK
G0003,L2,0.0000,-47.2500,47.2500,0.000000e+00,0.000000e+00,0.000000e+00,0.000000e+00,204.9901,0.0000,54.4867,204.9901,IK_OK
G0003,L3,0.0000,-47.2500,47.2500,0.000000e+00,0.000000e+00,0.000000e+00,0.000000e+00,204.9901,0.0000,54.4867,204.9901,IK_OK
G0004,R1,13.5000,81.0000,121.5000,0.000000e+00,-7.629395e-06,7.629395e-06,5.651403e-05,-49.0490,-11.7756,-30.1875,-50.4427,IK_W_REFLECTED
G0004,R2,-13.5000,54.0000,121.5000,0.000000e+00,-7.629395e-06,7.629395e-06,5.651403e-05,-25.9256,6.2242,-68.8654,-26.6623,IK_W_REFLECTED
G0004,R3,13.5000,81.0000,121.5000,0.000000e+00,-7.629395e-06,7.629395e-06,5.651403e-05,-49.0490,-11.7756,-30.1875,-50.4427,IK_W_REFLECTED
G0004,L1,13.5000,54.0000,114.7500,0.000000e+00,-7.629395e-06,7.629395e-06,5.651403e-05,-24.1589,-5.8000,-82.0007,-24.8454,IK_W_REFLECTED
G0004,L2,-13.5000,81.0000,121.5000,0.000000e+00,-7.629395e-06,7.629395e-06,5.651403e-05,-49.0490,11.7756,-30.1875,-50.4427,IK_W_REFLECTED
G0004,L3,13.5000,54.0000,121.5000,0.000000e+00,-7.629395e-06,7.629395e-06,5.651403e-05,-25.9256,-6.2242,-68.8654,-26.6623,IK_W_REFLECTED
G0005,R1,13.5000,54.0000,121.5000,0.000000e+00,-7.629395e-06,7.629395e-06,5.651403e-05,-25.9256,-6.2242,-68.8654,-26.6623,IK_W_REFLECTED
G0005,R2,-13.5000,54.0000,121.5000,0.000000e+00,-7.629395e-06,7.629395e-06,5.651403e-05,-25.9256,6.2242,-68.8654,-26.6623,IK_W_REFLECTED
G0005,R3,13.5000,54.0000,121.5000,0.000000e+00,-7.629395e-06,7.629395e-06,5.651403e-05,-25.9256,-6.2242,-68.8654,-26.6623,IK_W_REFLECTED
G0005,L1,13.5000,54.0000,121.5000,0.000000e+00,-7.629395e-06,7.629395e-06,5.651403e-05,-25.9256,-6.2242,-68.8654,-26.6623,IK_W_REFLECTED
G0005,L2,-13.5000,54.0000,121.5000,0.000000e+00,-7.629395e-06,7.629395e-06,5.651403e-05,-25.9256,6.2242,-68.8654,-26.6623,IK_W_REFLECTED
G0005,L3,13.5000,54.0000,121.5000,0.000000e+00,-7.629395e-06,7.629395e-06,5.651403e-05,-25.9256,-6.2242,-68.8654,-26.6623,IK_W_REFLECTED
G0006,R1,-13.5000,54.0000,114.7500,0.000000e+00,-7.629395e-06,7.629395e-06,5.651403e-05,-24.1589,5.8000,-82.0007,-24.8454,IK_W_REFLECTED
G0006,R2,13.5000,81.0000,121.5000,0.000000e+00,-7.629395e-06,7.629395e-06,5.651403e-05,-49.0490,-11.7756,-30.1875,-50.4427,IK_W_REFLECTED
G0006,R3,-13.5000,54.0000,121.5000,0.000000e+00,-7.629395e-06,7.629395e-06,5.651403e-05,-25.9256,6.2242,-68.8654,-26.6623,IK_W_REFLECTED
G0006,L1,-13.5000,81.0000,121.5000,0.000000e+00,-7.629395e-06,7.629395e-06,5.651403e-05,-49.0490,11.7756,-30.1875,-50.4427,IK_W_REFLECTED
G0006,L2,13.5000,54.0000,121.5000,0.000000e+00,-7.629395e-06,7.629395e-06,5.651403e-05,-25.9256,-6.2242,-68.8654,-26.6623,IK_W_REFLECTED
G0006,L3,-13.5000,81.0000,121.5000,0.000000e+00,-7.629395e-06,7.629395e-06,5.651403e-05,-49.0490,11.7756,-30.1875,-50.4427,IK_W_REFLECTED
G0007,R1,-13.5000,54.0000,121.5000,0.000000e+00,-7.629395e-06,7.629395e-06,5.651403e-05,-25.9256,6.2242,-68.8654,-26.6623,IK_W_REFLECTED
G0007,R2,13.5000,54.0000,121.5000,0.000000e+00,-7.629395e-06,7.629395e-06,5.651403e-05,-25.9256,-6.2242,-68.8654,-26.6623,IK_W_REFLECTED
G0007,R3,-13.5000,54.0000,121.5000,0.000000e+00,-7.629395e-06,7.629395e-06,5.651403e-05,-25.9256,6.2242,-68.8654,-26.6623,IK_W_REFLECTED
G0007,L1,-13.5000,54.0000,121.5000,0.000000e+00,-7.629395e-06,7.629395e-06,5.651403e-05,-25.9256,6.2242,-68.8654,-26.6623,IK_W_REFLECTED
G0007,L2,13.5000,54.0000,121.5000,0.000000e+00,-7.629395e-06,7.629395e-06,5.651403e-05,-25.9256,-6.2242,-68.8654,-26.6623,IK_W_REFLECTED
G0007,L3,-13.5000,54.0000,121.5000,0.000000e+00,-7.629395e-06,7.629395e-06,5.651403e-05,-25.9256,6.2242,-68.8654,-26.6623,IK_W_REFLECTED
G0008,R1,-13.5000,81.0000,121.5000,0.000000e+00,-7.629395e-06,7.629395e-06,5.651403e-05,-49.0490,11.7756,-30.1875,-50.4427,IK_W_REFLECTED
G0008,R2,13.5000,54.0000,121.5000,0.000000e+00,-7.629395e-06,7.629395e-06,5.651403e-05,-25.9256,-6.2242,-68.8654,-26.6623,IK_W_REFLECTED
G0008,R3,-13.5000,81.0000,121.5000,0.000000e+00,-7.629395e-06,7.629395e-06,5.651403e-05,-49.0490,11.7756,-30.1875,-50.4427,IK_W_REFLECTED
G0008,L1,-13.5000,54.0000,121.5000,0.000000e+00,-7.629395e-06,7.629395e-06,5.651403e-05,-25.9256,6.2242,-68.8654,-26.6623,IK_W_REFLECTED
G0008,L2,13.5000,81.0000,121.5000,0.000000e+00,-7.629395e-06,7.629395e-06,5.651403e-05,-49.0490,-11.7756,-30.1875,-50.4427,IK_W_REFLECTED
G0008,L3,-13.5000,54.0000,121.5000,0.000000e+00,-7.629395e-06,7.629395e-06,5.651403e-05,-25.9256,6.2242,-68.8654,-26.6623,IK_W_REFLECTED
G0009,R1,-13.5000,54.0000,121.5000,0.000000e+00,-7.629395e-06,7.629395e-06,5.651403e-05,-25.9256,6.2242,-68.8654,-26.6623,IK_W_REFLECTED
G0009,R2,13.5000,54.0000,121.5000,0.000000e+00,-7.629395e-06,7.629395e-06,5.651403e-05,-25.9256,-6.2242,-68.8654,-26.6623,IK_W_REFLECTED
G0009,R3,-13.5000,54.0000,121.5000,0.000000e+00,-7.629395e-06,7.629395e-06,5.651403e-05,-25.9256,6.2242,-68.8654,-26.6623,IK_W_REFLECTED
G0009,L1,-13.5000,54.0000,121.5000,0.000000e+00,-7.629395e-06,7.629395e-06,5.651403e-05,-25.9256,6.2242,-68.8654,-26.6623,IK_W_REFLECTED
G0009,L2,13.5000,54.0000,121.5000,0.000000e+00,-7.629395e-06,7.629395e-06,5.651403e-05,-25.9256,-6.2242,-68.8654,-26.6623,IK_W_REFLECTED
G0009,L3,-13.5000,54.0000,121.5000,0.000000e+00,-7.629395e-06,7.629395e-06,5.651403e-05,-25.9256,6.2242,-68.8654,-26.6623,IK_W_REFLECTED
G0010,R1,13.5000,54.0000,121.5000,0.000000e+00,-7.629395e-06,7.629395e-06,5.651403e-05,-25.9256,-6.2242,-68.8654,-26.6623,IK_W_REFLECTED
G0010,R2,-13.5000,81.0000,121.5000,0.000000e+00,-7.629395e-06,7.629395e-06,5.651403e-05,-49.0490,11.7756,-30.1875,-50.4427,IK_W_REFLECTED
G0010,R3,13.5000,54.0000,121.5000,0.000000e+00,-7.629395e-06,7.629395e-06,5.651403e-05,-25.9256,-6.2242,-68.8654,-26.6623,IK_W_REFLECTED
G0010,L1,13.5000,81.0000,121.5000,0.000000e+00,-7.629395e-06,7.629395e-06,5.651403e-05,-49.0490,-11.7756,-30.1875,-50.4427,IK_W_REFLECTED
G0010,L2,-13.5000,54.0000,121.5000,0.000000e+00,-7.629395e-06,7.629395e-06,5.651403e-05,-25.9256,6.2242,-68.8654,-26.6623,IK_W_REFLECTED
G0010,L3,13.5000,81.0000,121.5000,0.000000e+00,-7.629395e-06,7.629395e-06,5.651403e-05,-49.0490,-11.7756,-30.1875,-50.4427,IK_W_REFLECTED
G0011,R1,13.5000,54.0000,121.5000,0.000000e+00,-7.629395e-06,7.629395e-06,5.651403e-05,-25.9256,-6.2242,-68.8654,-26.6623,IK_W_REFLECTED
G0011,R2,-13.5000,54.0000,121.5000,0.000000e+00,-7.629395e-06,7.629395e-06,5.651403e-05,-25.9256,6.2242,-68.8654,-26.6623,IK_W_REFLECTED
G0011,R3,13.5000,54.0000,121.5000,0.000000e+00,-7.629395e-06,7.629395e-06,5.651403e-05,-25.9256,-6.2242,-68.8654,-26.6623,IK_W_REFLECTED
G0011,L1,13.5000,54.0000,121.5000,0.000000e+00,-7.629395e-06,7.629395e-06,5.651403e-05,-25.9256,-6.2242,-68.8654,-26.6623,IK_W_REFLECTED
G0011,L2,-13.5000,54.0000,121.5000,0.000000e+00,-7.629395e-06,7.629395e-06,5.651403e-05,-25.9256,6.2242,-68.8654,-26.6623,IK_W_REFLECTED
G0011,L3,13.5000,54.0000,121.5000,0.000000e+00,-7.629395e-06,7.629395e-06,5.651403e-05,-25.9256,-6.2242,-68.8654,-26.6623,IK_W_REFLECTED
G0012,R1,13.5000,81.0000,121.5000,0.000000e+00,-7.629395e-06,7.629395e-06,5.651403e-05,-49.0490,-11.7756,-30.1875,-50.4427,IK_W_REFLECTED
G0012,R2,-13.5000,54.0000,121.5000,0.000000e+00,-7.629395e-06,7.629395e-06,5.651403e-05,-25.9256,6.2242,-68.8654,-26.6623,IK_W_REFLECTED
G0012,R3,13.5000,81.0000,121.5000,0.000000e+00,-7.629395e-06,7.629395e-06,5.651403e-05,-49.0490,-11.7756,-30.1875,-50.4427,IK_W_REFLECTED
G0012,L1,-13.5000,54.0000,121.5000,0.000000e+00,-7.629395e-06,7.629395e-06,5.651403e-05,-25.9256,6.2242,-68.8654,-26.6623,IK_W_REFLECTED
G0012,L2,13.5000,81.0000,121.5000,0.000000e+00,-7.629395e-06,7.629395e-06,5.651403e-05,-49.0490,-11.7756,-30.1875,-50.4427,IK_W_REFLECTED
G0012,L3,-13.5000,54.0000,121.5000,0.000000e+00,-7.629395e-06,7.629395e-06,5.651403e-05,-25.9256,6.2242,-68.8654,-26.6623,IK_W_REFLECTED
G0013,R1,13.5000,54.0000,121.5000,0.000000e+00,-7.629395e-06,7.629395e-06,5.651403e-05,-25.9256,-6.2242,-68.8654,-26.6623,IK_W_REFLECTED
G0013,R2,-13.5000,54.0000,121.5000,0.000000e+00,-7.629395e-06,7.629395e-06,5.651403e-05,-25.9256,6.2242,-68.8654,-26.6623,IK_W_REFLECTED
G0013,R3,13.5000,54.0000,121.5000,0.000000e+00,-7.629395e-06,7.629395e-06,5.651403e-05,-25.9256,-6.2242,-68.8654,-26.6623,IK_W_REFLECTED
G0013,L1,-13.5000,54.0000,121.5000,0.000000e+00,-7.629395e-06,7.629395e-06,5.651403e-05,-25.9256,6.2242,-68.8654,-26.6623,IK_W_REFLECTED
G0013,L2,13.5000,54.0000,121.5000,0.000000e+00,-7.629395e-06,7.629395e-06,5.651403e-05,-25.9256,-6.2242,-68.8654,-26.6623,IK_W_REFLECTED
G0013,L3,-13.5000,54.0000,121.5000,0.000000e+00,-7.629395e-06,7.629395e-06,5.651403e-05,-25.9256,6.2242,-68.8654,-26.6623,IK_W_REFLECTED
G0014,R1,-13.5000,54.0000,121.5000,0.000000e+00,-7.629395e-06,7.629395e-06,5.651403e-05,-25.9256,6.2242,-68.8654,-26.6623,IK_W_REFLECTED
G0014,R2,13.5000,81.0000,121.5000,0.000000e+00,-7.629395e-06,7.629395e-06,5.651403e-05,-49.0490,-11.7756,-30.1875,-50.4427,IK_W_REFLECTED
G0014,R3,-13.5000,54.0000,121.5000,0.000000e+00,-7.629395e-06,7.629395e-06,5.651403e-05,-25.9256,6.2242,-68.8654,-26.6623,IK_W_REFLECTED
G0014,L1,13.5000,81.0000,121.5000,0.000000e+00,-7.629395e-06,7.629395e-06,5.651403e-05,-49.0490,-11.7756,-30.1875,-50.4427,IK_W_REFLECTED
G0014,L2,-13.5000,54.0000,121.5000,0.000000e+00,-7.629395e-06,7.629395e-06,5.651403e-05,-25.9256,6.2242,-68.8654,-26.6623,IK_W_REFLECTED
G0014,L3,13.5000,81.0000,121.5000,0.000000e+00,-7.629395e-06,7.629395e-06,5.651403e-05,-49.0490,-11.7756,-30.1875,-50.4427,IK_W_REFLECTED
G0015,R1,-13.5000,54.0000,121.5000,0.000000e+00,-7.629395e-06,7.629395e-06,5.651403e-05,-25.9256,6.2242,-68.8654,-26.6623,IK_W_REFLECTED
G0015,R2,13.5000,54.0000,121.5000,0.000000e+00,-7.629395e-06,7.629395e-06,5.651403e-05,-25.9256,-6.2242,-68.8654,-26.6623,IK_W_REFLECTED
G0015,R3,-13.5000,54.0000,121.5000,0.000000e+00,-7.629395e-06,7.629395e-06,5.651403e-05,-25.9256,6.2242,-68.8654,-26.6623,IK_W_REFLECTED
G0015,L1,13.5000,54.0000,121.5000,0.000000e+00,-7.629395e-06,7.629395e-06,5.651403e-05,-25.9256,-6.2242,-68.8654,-26.6623,IK_W_REFLECTED
G0015,L2,-13.5000,54.0000,121.5000,0.000000e+00,-7.629395e-06,7.629395e-06,5.651403e-05,-25.9256,6.2242,-68.8654,-26.6623,IK_W_REFLECTED
G0015,L3,13.5000,54.0000,121.5000,0.000000e+00,-7.629395e-06,7.629395e-06,5.651403e-05,-25.9256,-6.2242,-68.8654,-26.6623,IK_W_REFLECTED
G0016,R1,-13.5000,81.0000,121.5000,0.000000e+00,-7.629395e-06,7.629395e-06,5.651403e-05,-49.0490,11.7756,-30.1875,-50.4427,IK_W_REFLECTED
G0016,R2,13.5000,54.0000,121.5000,0.000000e+00,-7.629395e-06,7.629395e-06,5.651403e-05,-25.9256,-6.2242,-68.8654,-26.6623,IK_W_REFLECTED
G0016,R3,-13.5000,81.0000,121.5000,0.000000e+00,-7.629395e-06,7.629395e-06,5.651403e-05,-49.0490,11.7756,-30.1875,-50.4427,IK_W_REFLECTED
G0016,L1,13.5000,54.0000,121.5000,0.000000e+00,-7.629395e-06,7.629395e-06,5.651403e-05,-25.9256,-6.2242,-68.8654,-26.6623,IK_W_REFLECTED
G0016,L2,-13.5000,81.0000,121.5000,0.000000e+00,-7.629395e-06,7.629395e-06,5.651403e-05,-49.0490,11.7756,-30.1875,-50.4427,IK_W_REFLECTED
G0016,L3,13.5000,54.0000,121.5000,0.000000e+00,-7.629395e-06,7.629395e-06,5.651403e-05,-25.9256,-6.2242,-68.8654,-26.6623,IK_W_REFLECTED
G0017,R1,-13.5000,54.0000,121.5000,0.000000e+00,-7.629395e-06,7.629395e-06,5.651403e-05,-25.9256,6.2242,-68.8654,-26.6623,IK_W_REFLECTED
G0017,R2,13.5000,54.0000,121.5000,0.000000e+00,-7.629395e-06,7.629395e-06,5.651403e-05,-25.9256,-6.2242,-68.8654,-26.6623,IK_W_REFLECTED
G0017,R3,-13.5000,54.0000,121.5000,0.000000e+00,-7.629395e-06,7.629395e-06,5.651403e-05,-25.9256,6.2242,-68.8654,-26.6623,IK_W_REFLECTED
G0017,L1,13.5000,54.0000,121.5000,0.000000e+00,-7.629395e-06,7.629395e-06,5.651403e-05,-25.9256,-6.2242,-68.8654,-26.6623,IK_W_REFLECTED
G0017,L2,-13.5000,54.0000,121.5000,0.000000e+00,-7.629395e-06,7.629395e-06,5.651403e-05,-25.9256,6.2242,-68.8654,-26.6623,IK_W_REFLECTED
G0017,L3,13.5000,54.0000,121.5000,0.000000e+00,-7.629395e-06,7.629395e-06,5.651403e-05,-25.9256,-6.2242,-68.8654,-26.6623,IK_W_REFLECTED
G0018,R1,13.5000,54.0000,121.5000,0.000000e+00,-7.629395e-06,7.629395e-06,5.651403e-05,-25.9256,-6.2242,-68.8654,-26.6623,IK_W_REFLECTED
G0018,R2,-13.5000,81.0000,121.5000,0.000000e+00,-7.629395e-06,7.629395e-06,5.651403e-05,-49.0490,11.7756,-30.1875,-50.4427,IK_W_REFLECTED
G0018,R3,13.5000,54.0000,121.5000,0.000000e+00,-7.629395e-06,7.629395e-06,5.651403e-05,-25.9256,-6.2242,-68.8654,-26.6623,IK_W_REFLECTED
G0018,L1,-13.5000,81.0000,121.5000,0.000000e+00,-7.629395e-06,7.629395e-06,5.651403e-05,-49.0490,11.7756,-30.1875,-50.4427,IK_W_REFLECTED
G0018,L2,13.5000,54.0000,121.5000,0.000000e+00,-7.629395e-06,7.629395e-06,5.651403e-05,-25.9256,-6.2242,-68.8654,-26.6623,IK_W_REFLECTED
G0018,L3,-13.5000,81.0000,121.5000,0.000000e+00,-7.629395e-06,7.629395e-06,5.651403e-05,-49.0490,11.7756,-30.1875,-50.4427,IK_W_REFLECTED
G0019,R1,13.5000,54.0000,121.5000,0.000000e+00,-7.629395e-06,7.629395e-06,5.651403e-05,-25.9256,-6.2242,-68.8654,-26.6623,IK_W_REFLECTED
G0019,R2,-13.5000,54.0000,121.5000,0.000000e+00,-7.629395e-06,7.629395e-06,5.651403e-05,-25.9256,6.2242,-68.8654,-26.6623,IK_W_REFLECTED
G0019,R3,13.5000,54.0000,121.5000,0.000000e+00,-7.629395e-06,7.629395e-06,5.651403e-05,-25.9256,-6.2242,-68.8654,-26.6623,IK_W_REFLECTED
G0019,L1,-13.5000,54.0000,121.5000,0.000000e+00,-7.629395e-06,7.629395e-06,5.651403e-05,-25.9256,6.2242,-68.8654,-26.6623,IK_W_REFLECTED
G0019,L2,13.5000,54.0000,121.5000,0.000000e+00,-7.629395e-06,7.629395e-06,5.651403e-05,-25.9256,-6.2242,-68.8654,-26.6623,IK_W_REFLECTED
G0019,L3,-13.5000,54.0000,121.5000,0.000000e+00,-7.629395e-06,7.629395e-06,5.651403e-05,-25.9256,6.2242,-68.8654,-26.6623,IK_W_REFLECTED
G0020,R1,13.5000,81.0000,121.5000,0.000000e+00,-7.629395e-06,7.629395e-06,5.651403e-05,-49.0490,-11.7756,-30.1875,-50.4427,IK_W_REFLECTED
G0020,R2,-13.5000,54.0000,121.5000,0.000000e+00,-7.629395e-06,7.629395e-06,5.651403e-05,-25.9256,6.2242,-68.8654,-26.6623,IK_W_REFLECTED
G0020,R3,13.5000,81.0000,121.5000,0.000000e+00,-7.629395e-06,7.629395e-06,5.651403e-05,-49.0490,-11.7756,-30.1875,-50.4427,IK_W_REFLECTED
G0020,L1,13.5000,54.0000,114.7500,0.000000e+00,-7.629395e-06,7.629395e-06,5.651403e-05,-24.1589,-5.8000,-82.0007,-24.8454,IK_W_REFLECTED
G0020,L2,-13.5000,81.0000,121.5000,0.000000e+00,-7.629395e-06,7.629395e-06,5.651403e-05,-49.0490,11.7756,-30.1875,-50.4427,IK_W_REFLECTED
G0020,L3,13.5000,54.0000,121.5000,0.000000e+00,-7.629395e-06,7.629395e-06,5.651403e-05,-25.9256,-6.2242,-68.8654,-26.6623,IK_W_REFLECTED
G0021,R1,13.5000,54.0000,121.5000,0.000000e+00,-7.629395e-06,7.629395e-06,5.651403e-05,-25.9256,-6.2242,-68.8654,-26.6623,IK_W_REFLECTED
G0021,R2,-13.5000,54.0000,121.5000,0.000000e+00,-7.629395e-06,7.629395e-06,5.651403e-05,-25.9256,6.2242,-68.8654,-26.6623,IK_W_REFLECTED
G0021,R3,13.5000,54.0000,121.5000,0.000000e+00,-7.629395e-06,7.629395e-06,5.651403e-05,-25.9256,-6.2242,-68.8654,-26.6623,IK_W_REFLECTED
G0021,L1,13.5000,54.0000,121.5000,0.000000e+00,-7.629395e-06,7.629395e-06,5.651403e-05,-25.9256,-6.2242,-68.8654,-26.6623,IK_W_REFLECTED
G0021,L2,-13.5000,54.0000,121.5000,0.000000e+00,-7.629395e-06,7.629395e-06,5.651403e-05,-25.9256,6.2242,-68.8654,-26.6623,IK_W_REFLECTED
G0021,L3,13.5000,54.0000,121.5000,0.000000e+00,-7.629395e-06,7.629395e-06,5.651403e-05,-25.9256,-6.2242,-68.8654,-26.6623,IK_W_REFLECTED
G0022,R1,-13.5000,54.0000,114.7500,0.000000e+00,-7.629395e-06,7.629395e-06,5.651403e-05,-24.1589,5.8000,-82.0007,-24.8454,IK_W_REFLECTED
G0022,R2,13.5000,81.0000,121.5000,0.000000e+00,-7.629395e-06,7.629395e-06,5.651403e-05,-49.0490,-11.7756,-30.1875,-50.4427,IK_W_REFLECTED
G0022,R3,-13.5000,54.0000,121.5000,0.000000e+00,-7.629395e-06,7.629395e-06,5.651403e-05,-25.9256,6.2242,-68.8654,-26.6623,IK_W_REFLECTED
G0022,L1,-13.5000,81.0000,121.5000,0.000000e+00,-7.629395e-06,7.629395e-06,5.651403e-05,-49.0490,11.7756,-30.1875,-50.4427,IK_W_REFLECTED
G0022,L2,13.5000,54.0000,121.5000,0.000000e+00,-7.629395e-06,7.629395e-06,5.651403e-05,-25.9256,-6.2242,-68.8654,-26.6623,IK_W_REFLECTED
G0022,L3,-13.5000,81.0000,121.5000,0.000000e+00,-7.629395e-06,7.629395e-06,5.651403e-05,-49.0490,11.7756,-30.1875,-50.4427,IK_W_REFLECTED
G0023,R1,-13.5000,54.0000,121.5000,0.000000e+00,-7.629395e-06,7.629395e-06,5.651403e-05,-25.9256,6.2242,-68.8654,-26.6623,IK_W_REFLECTED
G0023,R2,13.5000,54.0000,121.5000,0.000000e+00,-7.629395e-06,7.629395e-06,5.651403e-05,-25.9256,-6.2242,-68.8654,-26.6623,IK_W_REFLECTED
G0023,R3,-13.5000,54.0000,121.5000,0.000000e+00,-7.629395e-06,7.629395e-06,5.651403e-05,-25.9256,6.2242,-68.8654,-26.6623,IK_W_REFLECTED
G0023,L1,-13.5000,54.0000,121.5000,0.000000e+00,-7.629395e-06,7.629395e-06,5.651403e-05,-25.9256,6.2242,-68.8654,-26.6623,IK_W_REFLECTED
G0023,L2,13.5000,54.0000,121.5000,0.000000e+00,-7.629395e-06,7.629395e-06,5.651403e-05,-25.9256,-6.2242,-68.8654,-26.6623,IK_W_REFLECTED
G0023,L3,-13.5000,54.0000,121.5000,0.000000e+00,-7.629395e-06,7.629395e-06,5.651403e-05,-25.9256,6.2242,-68.8654,-26.6623,IK_W_REFLECTED
G0024,R1,-13.5000,81.0000,121.5000,0.000000e+00,-7.629395e-06,7.629395e-06,5.651403e-05,-49.0490,11.7756,-30.1875,-50.4427,IK_W_REFLECTED
G0024,R2,13.5000,54.0000,121.5000,0.000000e+00,-7.629395e-06,7.629395e-06,5.651403e-05,-25.9256,-6.2242,-68.8654,-26.6623,IK_W_REFLECTED
G0024,R3,-13.5000,81.0000,121.5000,0.000000e+00,-7.629395e-06,7.629395e-06,5.651403e-05,-49.0490,11.7756,-30.1875,-50.4427,IK_W_REFLECTED
G0024,L1,-13.5000,54.0000,121.5000,0.000000e+00,-7.629395e-06,7.629395e-06,5.651403e-05,-25.9256,6.2242,-68.8654,-26.6623,IK_W_REFLECTED
G0024,L2,13.5000,81.0000,121.5000,0.000000e+00,-7.629395e-06,7.629395e-06,5.651403e-05,-49.0490,-11.7756,-30.1875,-50.4427,IK_W_REFLECTED
G0024,L3,-13.5000,54.0000,121.5000,0.000000e+00,-7.629395e-06,7.629395e-06,5.651403e-05,-25.9256,6.2242,-68.8654,-26.6623,IK_W_REFLECTED
G0025,R1,-13.5000,54.0000,121.5000,0.000000e+00,-7.629395e-06,7.629395e-06,5.651403e-05,-25.9256,6.2242,-68.8654,-26.6623,IK_W_REFLECTED
G0025,R2,13.5000,54.0000,121.5000,0.000000e+00,-7.629395e-06,7.629395e-06,5.651403e-05,-25.9256,-6.2242,-68.8654,-26.6623,IK_W_REFLECTED
G0025,R3,-13.5000,54.0000,121.5000,0.000000e+00,-7.629395e-06,7.629395e-06,5.651403e-05,-25.9256,6.2242,-68.8654,-26.6623,IK_W_REFLECTED
G0025,L1,-13.5000,54.0000,121.5000,0.000000e+00,-7.629395e-06,7.629395e-06,5.651403e-05,-25.9256,6.2242,-68.8654,-26.6623,IK_W_REFLECTED
G0025,L2,13.5000,54.0000,121.5000,0.000000e+00,-7.629395e-06,7.629395e-06,5.651403e-05,-25.9256,-6.2242,-68.8654,-26.6623,IK_W_REFLECTED
G0025,L3,-13.5000,54.0000,121.5000,0.000000e+00,-7.629395e-06,7.629395e-06,5.651403e-05,-25.9256,6.2242,-68.8654,-26.6623,IK_W_REFLECTED
G0026,R1,13.5000,54.0000,121.5000,0.000000e+00,-7.629395e-06,7.629395e-06,5.651403e-05,-25.9256,-6.2242,-68.8654,-26.6623,IK_W_REFLECTED
G0026,R2,-13.5000,81.0000,121.5000,0.000000e+00,-7.629395e-06,7.629395e-06,5.651403e-05,-49.0490,11.7756,-30.1875,-50.4427,IK_W_REFLECTED
G0026,R3,13.5000,54.0000,121.5000,0.000000e+00,-7.629395e-06,7.629395e-06,5.651403e-05,-25.9256,-6.2242,-68.8654,-26.6623,IK_W_REFLECTED
G0026,L1,13.5000,81.0000,121.5000,0.000000e+00,-7.629395e-06,7.629395e-06,5.651403e-05,-49.0490,-11.7756,-30.1875,-50.4427,IK_W_REFLECTED
G0026,L2,-13.5000,54.0000,121.5000,0.000000e+00,-7.629395e-06,7.629395e-06,5.651403e-05,-25.9256,6.2242,-68.8654,-26.6623,IK_W_REFLECTED
G0026,L3,13.5000,81.0000,121.5000,0.000000e+00,-7.629395e-06,7.629395e-06,5.651403e-05,-49.0490,-11.7756,-30.1875,-50.4427,IK_W_REFLECTED
G0027,R1,13.5000,54.0000,121.5000,0.000000e+00,-7.629395e-06,7.629395e-06,5.651403e-05,-25.9256,-6.2242,-68.8654,-26.6623,IK_W_REFLECTED
G0027,R2,-13.5000,54.0000,121.5000,0.000000e+00,-7.629395e-06,7.629395e-06,5.651403e-05,-25.9256,6.2242,-68.8654,-26.6623,IK_W_REFLECTED
G0027,R3,13.5000,54.0000,121.5000,0.000000e+00,-7.629395e-06,7.629395e-06,5.651403e-05,-25.9256,-6.2242,-68.8654,-26.6623,IK_W_REFLECTED
G0027,L1,13.5000,54.0000,121.5000,0.000000e+00,-7.629395e-06,7.629395e-06,5.651403e-05,-25.9256,-6.2242,-68.8654,-26.6623,IK_W_REFLECTED
G0027,L2,-13.5000,54.0000,121.5000,0.000000e+00,-7.629395e-06,7.629395e-06,5.651403e-05,-25.9256,6.2242,-68.8654,-26.6623,IK_W_REFLECTED
G0027,L3,13.5000,54.0000,121.5000,0.000000e+00,-7.629395e-06,7.629395e-06,5.651403e-05,-25.9256,-6.2242,-68.8654,-26.6623,IK_W_REFLECTED
G0028,R1,13.5000,81.0000,121.5000,0.000000e+00,-7.629395e-06,7.629395e-06,5.651403e-05,-49.0490,-11.7756,-30.1875,-50.4427,IK_W_REFLECTED
G0028,R2,-13.5000,54.0000,121.5000,0.000000e+00,-7.629395e-06,7.629395e-06,5.651403e-05,-25.9256,6.2242,-68.8654,-26.6623,IK_W_REFLECTED
G0028,R3,13.5000,81.0000,121.5000,0.000000e+00,-7.629395e-06,7.629395e-06,5.651403e-05,-49.0490,-11.7756,-30.1875,-50.4427,IK_W_REFLECTED
G0028,L1,-13.5000,54.0000,121.5000,0.000000e+00,-7.629395e-06,7.629395e-06,5.651403e-05,-25.9256,6.2242,-68.8654,-26.6623,IK_W_REFLECTED
G0028,L2,13.5000,81.0000,121.5000,0.000000e+00,-7.629395e-06,7.629395e-06,5.651403e-05,-49.0490,-11.7756,-30.1875,-50.4427,IK_W_REFLECTED
G0028,L3,-13.5000,54.0000,121.5000,0.000000e+00,-7.629395e-06,7.629395e-06,5.651403e-05,-25.9256,6.2242,-68.8654,-26.6623,IK_W_REFLECTED
G0029,R1,13.5000,54.0000,121.5000,0.000000e+00,-7.629395e-06,7.629395e-06,5.651403e-05,-25.9256,-6.2242,-68.8654,-26.6623,IK_W_REFLECTED
G0029,R2,-13.5000,54.0000,121.5000,0.000000e+00,-7.629395e-06,7.629395e-06,5.651403e-05,-25.9256,6.2242,-68.8654,-26.6623,IK_W_REFLECTED
G0029,R3,13.5000,54.0000,121.5000,0.000000e+00,-7.629395e-06,7.629395e-06,5.651403e-05,-25.9256,-6.2242,-68.8654,-26.6623,IK_W_REFLECTED
G0029,L1,-13.5000,54.0000,121.5000,0.000000e+00,-7.629395e-06,7.629395e-06,5.651403e-05,-25.9256,6.2242,-68.8654,-26.6623,IK_W_REFLECTED
G0029,L2,13.5000,54.0000,121.5000,0.000000e+00,-7.629395e-06,7.629395e-06,5.651403e-05,-25.9256,-6.2242,-68.8654,-26.6623,IK_W_REFLECTED
G0029,L3,-13.5000,54.0000,121.5000,0.000000e+00,-7.629395e-06,7.629395e-06,5.651403e-05,-25.9256,6.2242,-68.8654,-26.6623,IK_W_REFLECTED
G0030,R1,-13.5000,54.0000,121.5000,0.000000e+00,-7.629395e-06,7.629395e-06,5.651403e-05,-25.9256,6.2242,-68.8654,-26.6623,IK_W_REFLECTED
G0030,R2,13.5000,81.0000,121.5000,0.000000e+00,-7.629395e-06,7.629395e-06,5.651403e-05,-49.0490,-11.7756,-30.1875,-50.4427,IK_W_REFLECTED
G0030,R3,-13.5000,54.0000,121.5000,0.000000e+00,-7.629395e-06,7.629395e-06,5.651403e-05,-25.9256,6.2242,-68.8654,-26.6623,IK_W_REFLECTED
G0030,L1,13.5000,81.0000,121.5000,0.000000e+00,-7.629395e-06,7.629395e-06,5.651403e-05,-49.0490,-11.7756,-30.1875,-50.4427,IK_W_REFLECTED
G0030,L2,-13.5000,54.0000,121.5000,0.000000e+00,-7.629395e-06,7.629395e-06,5.651403e-05,-25.9256,6.2242,-68.8654,-26.6623,IK_W_REFLECTED
G0030,L3,13.5000,81.0000,121.5000,0.000000e+00,-7.629395e-06,7.629395e-06,5.651403e-05,-49.0490,-11.7756,-30.1875,-50.4427,IK_W_REFLECTED
G0031,R1,-13.5000,54.0000,121.5000,0.000000e+00,-7.629395e-06,7.629395e-06,5.651403e-05,-25.9256,6.2242,-68.8654,-26.6623,IK_W_REFLECTED
G0031,R2,13.5000,54.0000,121.5000,0.000000e+00,-7.629395e-06,7.629395e-06,5.651403e-05,-25.9256,-6.2242,-68.8654,-26.6623,IK_W_REFLECTED
G0031,R3,-13.5000,54.0000,121.5000,0.000000e+00,-7.629395e-06,7.629395e-06,5.651403e-05,-25.9256,6.2242,-68.8654,-26.6623,IK_W_REFLECTED
G0031,L1,13.5000,54.0000,121.5000,0.000000e+00,-7.629395e-06,7.629395e-06,5.651403e-05,-25.9256,-6.2242,-68.8654,-26.6623,IK_W_REFLECTED
G0031,L2,-13.5000,54.0000,121.5000,0.000000e+00,-7.629395e-06,7.629395e-06,5.651403e-05,-25.9256,6.2242,-68.8654,-26.6623,IK_W_REFLECTED
G0031,L3,13.5000,54.0000,121.5000,0.000000e+00,-7.629395e-06,7.629395e-06,5.651403e-05,-25.9256,-6.2242,-68.8654,-26.6623,IK_W_REFLECTED
G0032,R1,-13.5000,81.0000,121.5000,0.000000e+00,-7.629395e-06,7.629395e-06,5.651403e-05,-49.0490,11.7756,-30.1875,-50.4427,IK_W_REFLECTED
G0032,R2,13.5000,54.0000,121.5000,0.000000e+00,-7.629395e-06,7.629395e-06,5.651403e-05,-25.9256,-6.2242,-68.8654,-26.6623,IK_W_REFLECTED
G0032,R3,-13.5000,81.0000,121.5000,0.000000e+00,-7.629395e-06,7.629395e-06,5.651403e-05,-49.0490,11.7756,-30.1875,-50.4427,IK_W_REFLECTED
G0032,L1,13.5000,54.0000,121.5000,0.000000e+00,-7.629395e-06,7.629395e-06,5.651403e-05,-25.9256,-6.2242,-68.8654,-26.6623,IK_W_REFLECTED
G0032,L2,-13.5000,81.0000,121.5000,0.000000e+00,-7.629395e-06,7.629395e-06,5.651403e-05,-49.0490,11.7756,-30.1875,-50.4427,IK_W_REFLECTED
G0032,L3,13.5000,54.0000,121.5000,0.000000e+00,-7.629395e-06,7.629395e-06,5.651403e-05,-25.9256,-6.2242,-68.8654,-26.6623,IK_W_REFLECTED
G0033,R1,-13.5000,54.0000,121.5000,0.000000e+00,-7.629395e-06,7.629395e-06,5.651403e-05,-25.9256,6.2242,-68.8654,-26.6623,IK_W_REFLECTED
G0033,R2,13.5000,54.0000,121.5000,0.000000e+00,-7.629395e-06,7.629395e-06,5.651403e-05,-25.9256,-6.2242,-68.8654,-26.6623,IK_W_REFLECTED
G0033,R3,-13.5000,54.0000,121.5000,0.000000e+00,-7.629395e-06,7.629395e-06,5.651403e-05,-25.9256,6.2242,-68.8654,-26.6623,IK_W_REFLECTED
G0033,L1,13.5000,54.0000,121.5000,0.000000e+00,-7.629395e-06,7.629395e-06,5.651403e-05,-25.9256,-6.2242,-68.8654,-26.6623,IK_W_REFLECTED
G0033,L2,-13.5000,54.0000,121.5000,0.000000e+00,-7.629395e-06,7.629395e-06,5.651403e-05,-25.9256,6.2242,-68.8654,-26.6623,IK_W_REFLECTED
G0033,L3,13.5000,54.0000,121.5000,0.000000e+00,-7.629395e-06,7.629395e-06,5.651403e-05,-25.9256,-6.2242,-68.8654,-26.6623,IK_W_REFLECTED
G0034,R1,13.5000,54.0000,121.5000,0.000000e+00,-7.629395e-06,7.629395e-06,5.651403e-05,-25.9256,-6.2242,-68.8654,-26.6623,IK_W_REFLECTED
G0034,R2,-13.5000,81.0000,121.5000,0.000000e+00,-7.629395e-06,7.629395e-06,5.651403e-05,-49.0490,11.7756,-30.1875,-50.4427,IK_W_REFLECTED
G0034,R3,13.5000,54.0000,121.5000,0.000000e+00,-7.629395e-06,7.629395e-06,5.651403e-05,-25.9256,-6.2242,-68.8654,-26.6623,IK_W_REFLECTED
G0034,L1,-13.5000,81.0000,121.5000,0.000000e+00,-7.629395e-06,7.629395e-06,5.651403e-05,-49.0490,11.7756,-30.1875,-50.4427,IK_W_REFLECTED
G0034,L2,13.5000,54.0000,121.5000,0.000000e+00,-7.629395e-06,7.629395e-06,5.651403e-05,-25.9256,-6.2242,-68.8654,-26.6623,IK_W_REFLECTED
G0034,L3,-13.5000,81.0000,121.5000,0.000000e+00,-7.629395e-06,7.629395e-06,5.651403e-05,-49.0490,11.7756,-30.1875,-50.4427,IK_W_REFLECTED
G0035,R1,13.5000,54.0000,121.5000,0.000000e+00,-7.629395e-06,7.629395e-06,5.651403e-05,-25.9256,-6.2242,-68.8654,-26.6623,IK_W_REFLECTED
G0035,R2,-13.5000,54.0000,121.5000,0.000000e+00,-7.629395e-06,7.629395e-06,5.651403e-05,-25.9256,6.2242,-68.8654,-26.6623,IK_W_REFLECTED
G0035,R3,13.5000,54.0000,121.5000,0.000000e+00,-7.629395e-06,7.629395e-06,5.651403e-05,-25.9256,-6.2242,-68.8654,-26.6623,IK_W_REFLECTED
G0035,L1,-13.5000,54.0000,121.5000,0.000000e+00,-7.629395e-06,7.629395e-06,5.651403e-05,-25.9256,6.2242,-68.8654,-26.6623,IK_W_REFLECTED
G0035,L2,13.5000,54.0000,121.5000,0.000000e+00,-7.629395e-06,7.629395e-06,5.651403e-05,-25.9256,-6.2242,-68.8654,-26.6623,IK_W_REFLECTED
G0035,L3,-13.5000,54.0000,121.5000,0.000000e+00,-7.629395e-06,7.629395e-06,5.651403e-05,-25.9256,6.2242,-68.8654,-26.6623,IK_W_REFLECTED
G0036,R1,13.5000,27.0000,94.5000,9.536743e-07,3.814697e-06,3.814697e-06,2.825702e-05,47.9060,11.5012,-129.7131,49.2673,IK_OK
G0036,R2,-13.5000,0.0000,94.5000,-9.536743e-07,0.000000e+00,9.536743e-07,7.064254e-06,104.3972,-25.0636,-112.2759,107.3637,IK_OK
G0036,R3,13.5000,27.0000,94.5000,9.536743e-07,3.814697e-06,3.814697e-06,2.825702e-05,47.9060,11.5012,-129.7131,49.2673,IK_OK
G0036,L1,13.5000,0.0000,94.5000,9.536743e-07,0.000000e+00,9.536743e-07,7.064254e-06,104.3972,25.0636,-112.2759,107.3637,IK_OK
G0036,L2,-13.5000,27.0000,94.5000,-9.536743e-07,3.814697e-06,3.814697e-06,2.825702e-05,47.9060,-11.5012,-129.7131,49.2673,IK_OK
G0036,L3,13.5000,0.0000,94.5000,9.536743e-07,0.000000e+00,9.536743e-07,7.064254e-06,104.3972,25.0636,-112.2759,107.3637,IK_OK
G0037,R1,13.5000,0.0000,94.5000,9.536743e-07,0.000000e+00,9.536743e-07,7.064254e-06,104.3972,25.0636,-112.2759,107.3637,IK_OK
G0037,R2,-13.5000,0.0000,94.5000,-9.536743e-07,0.000000e+00,9.536743e-07,7.064254e-06,104.3972,-25.0636,-112.2759,107.3637,IK_OK
G0037,R3,13.5000,0.0000,94.5000,9.536743e-07,0.000000e+00,9.536743e-07,7.064254e-06,104.3972,25.0636,-112.2759,107.3637,IK_OK
G0037,L1,13.5000,0.0000,94.5000,9.536743e-07,0.000000e+00,9.536743e-07,7.064254e-06,104.3972,25.0636,-112.2759,107.3637,IK_OK
G0037,L2,-13.5000,0.0000,94.5000,-9.536743e-07,0.000000e+00,9.536743e-07,7.064254e-06,104.3972,-25.0636,-112.2759,107.3637,IK_OK
G0037,L3,13.5000,0.0000,94.5000,9.536743e-07,0.000000e+00,9.536743e-07,7.064254e-06,104.3972,25.0636,-112.2759,107.3637,IK_OK
G0038,R1,-13.5000,0.0000,94.5000,-9.536743e-07,0.000000e+00,9.536743e-07,7.064254e-06,104.3972,-25.0636,-112.2759,107.3637,IK_OK
G0038,R2,13.5000,27.0000,94.5000,9.536743e-07,3.814697e-06,3.814697e-06,2.825702e-05,47.9060,11.5012,-129.7131,49.2673,IK_OK
G0038,R3,-13.5000,0.0000,94.5000,-9.536743e-07,0.000000e+00,9.536743e-07,7.064254e-06,104.3972,-25.0636,-112.2759,107.3637,IK_OK
G0038,L1,-13.5000,27.0000,94.5000,-9.536743e-07,3.814697e-06,3.814697e-06,2.825702e-05,47.9060,-11.5012,-129.7131,49.2673,IK_OK
G0038,L2,13.5000,0.0000,94.5000,9.536743e-07,0.000000e+00,9.536743e-07,7.064254e-06,104.3972,25.0636,-112.2759,107.3637,IK_OK
G0038,L3,-13.5000,27.0000,94.5000,-9.536743e-07,3.814697e-06,3.814697e-06,2.825702e-05,47.9060,-11.5012,-129.7131,49.2673,IK_OK
G0039,R1,-13.5000,0.0000,94.5000,-9.536743e-07,0.000000e+00,9.536743e-07,7.064254e-06,104.3972,-25.0636,-112.2759,107.3637,IK_OK
G0039,R2,13.5000,0.0000,94.5000,9.536743e-07,0.000000e+00,9.536743e-07,7.064254e-06,104.3972,25.0636,-112.2759,107.3637,IK_OK
G0039,R3,-13.5000,0.0000,94.5000,-9.536743e-07,0.000000e+00,9.536743e-07,7.064254e-06,104.3972,-25.0636,-112.2759,107.3637,IK_OK
G0039,L1,-13.5000,0.0000,94.5000,-9.536743e-07,0.000000e+00,9.536743e-07,7.064254e-06,104.3972,-25.0636,-112.2759,107.3637,IK_OK
G0039,L2,13.5000,0.0000,94.5000,9.536743e-07,0.000000e+00,9.536743e-07,7.064254e-06,104.3972,25.0636,-112.2759,107.3637,IK_OK
G0039,L3,-13.5000,0.0000,94.5000,-9.536743e-07,0.000000e+00,9.536743e-07,7.064254e-06,104.3972,-25.0636,-112.2759,107.3637,IK_OK
G0040,R1,-13.5000,27.0000,94.5000,-9.536743e-07,3.814697e-06,3.814697e-06,2.825702e-05,47.9060,-11.5012,-129.7131,49.2673,IK_OK
G0040,R2,13.5000,0.0000,94.5000,9.536743e-07,0.000000e+00,9.536743e-07,7.064254e-06,104.3972,25.0636,-112.2759,107.3637,IK_OK
G0040,R3,-13.5000,27.0000,94.5000,-9.536743e-07,3.814697e-06,3.814697e-06,2.825702e-05,47.9060,-11.5012,-129.7131,49.2673,IK_OK
G0040,L1,-13.5000,0.0000,94.5000,-9.536743e-07,0.000000e+00,9.536743e-07,7.064254e-06,104.3972,-25.0636,-112.2759,107.3637,IK_OK
G0040,L2,13.5000,27.0000,94.5000,9.536743e-07,3.814697e-06,3.814697e-06,2.825702e-05,47.9060,11.5012,-129.7131,49.2673,IK_OK
G0040,L3,-13.5000,0.0000,94.5000,-9.536743e-07,0.000000e+00,9.536743e-07,7.064254e-06,104.3972,-25.0636,-112.2759,107.3637,IK_OK
G0041,R1,-13.5000,0.0000,94.5000,-9.536743e-07,0.000000e+00,9.536743e-07,7.064254e-06,104.3972,-25.0636,-112.2759,107.3637,IK_OK
G0041,R2,13.5000,0.0000,94.5000,9.536743e-07,0.000000e+00,9.536743e-07,7.064254e-06,104.3972,25.0636,-112.2759,107.3637,IK_OK
G0041,R3,-13.5000,0.0000,94.5000,-9.536743e-07,0.000000e+00,9.536743e-07,7.064254e-06,104.3972,-25.0636,-112.2759,107.3637,IK_OK
G0041,L1,-13.5000,0.0000,94.5000,-9.536743e-07,0.000000e+00,9.536743e-07,7.064254e-06,104.3972,-25.0636,-112.2759,107.3637,IK_OK
G0041,L2,13.5000,0.0000,94.5000,9.536743e-07,0.000000e+00,9.536743e-07,7.064254e-06,104.3972,25.0636,-112.2759,107.3637,IK_OK
G0041,L3,-13.5000,0.0000,94.5000,-9.536743e-07,0.000000e+00,9.536743e-07,7.064254e-06,104.3972,-25.0636,-112.2759,107.3637,IK_OK
G0042,R1,13.5000,0.0000,94.5000,9.536743e-07,0.000000e+00,9.536743e-07,7.064254e-06,104.3972,25.0636,-112.2759,107.3637,IK_OK
G0042,R2,-13.5000,27.0000,94.5000,-9.536743e-07,3.814697e-06,3.814697e-06,2.825702e-05,47.9060,-11.5012,-129.7131,49.2673,IK_OK
G0042,R3,13.5000,0.0000,94.5000,9.536743e-07,0.000000e+00,9.536743e-07,7.064254e-06,104.3972,25.0636,-112.2759,107.3637,IK_OK
G0042,L1,13.5000,27.0000,94.5000,9.536743e-07,3.814697e-06,3.814697e-06,2.825702e-05,47.9060,11.5012,-129.7131,49.2673,IK_OK
G0042,L2,-13.5000,0.0000,94.5000,-9.536743e-07,0.000000e+00,9.536743e-07,7.064254e-06,104.3972,-25.0636,-112.2759,107.3637,IK_OK
G0042,L3,13.5000,27.0000,94.5000,9.536743e-07,3.814697e-06,3.814697e-06,2.825702e-05,47.9060,11.5012,-129.7131,49.2673,IK_OK
G0043,R1,13.5000,0.0000,94.5000,9.536743e-07,0.000000e+00,9.536743e-07,7.064254e-06,104.3972,25.0636,-112.2759,107.3637,IK_OK
G0043,R2,-13.5000,0.0000,94.5000,-9.536743e-07,0.000000e+00,9.536743e-07,7.064254e-06,104.3972,-25.0636,-112.2759,107.3637,IK_OK
G0043,R3,13.5000,0.0000,94.5000,9.536743e-07,0.000000e+00,9.536743e-07,7.064254e-06,104.3972,25.0636,-112.2759,107.3637,IK_OK
G0043,L1,13.5000,0.0000,94.5000,9.536743e-07,0.000000e+00,9.536743e-07,7.064254e-06,104.3972,25.0636,-112.2759,107.3637,IK_OK
G0043,L2,-13.5000,0.0000,94.5000,-9.536743e-07,0.000000e+00,9.536743e-07,7.064254e-06,104.3972,-25.0636,-112.2759,107.3637,IK_OK
G0043,L3,13.5000,0.0000,94.5000,9.536743e-07,0.000000e+00,9.536743e-07,7.064254e-06,104.3972,25.0636,-112.2759,107.3637,IK_OK
G0044,R1,13.5000,27.0000,94.5000,9.536743e-07,3.814697e-06,3.814697e-06,2.825702e-05,47.9060,11.5012,-129.7131,49.2673,IK_OK
G0044,R2,-13.5000,0.0000,94.5000,-9.536743e-07,0.000000e+00,9.536743e-07,7.064254e-06,104.3972,-25.0636,-112.2759,107.3637,IK_OK
G0044,R3,13.5000,27.0000,94.5000,9.536743e-07,3.814697e-06,3.814697e-06,2.825702e-05,47.9060,11.5012,-129.7131,49.2673,IK_OK
G0044,L1,-13.5000,0.0000,94.5000,-9.536743e-07,0.000000e+00,9.536743e-07,7.064254e-06,104.3972,-25.0636,-112.2759,107.3637,IK_OK
G0044,L2,13.5000,27.0000,94.5000,9.536743e-07,3.814697e-06,3.814697e-06,2.825702e-05,47.9060,11.5012,-129.7131,49.2673,IK_OK
G0044,L3,-13.5000,0.0000,94.5000,-9.536743e-07,0.000000e+00,9.536743e-07,7.064254e-06,104.3972,-25.0636,-112.2759,107.3637,IK_OK
G0045,R1,13.5000,0.0000,94.5000,9.536743e-07,0.000000e+00,9.536743e-07,7.064254e-06,104.3972,25.0636,-112.2759,107.3637,IK_OK
G0045,R2,-13.5000,0.0000,94.5000,-9.536743e-07,0.000000e+00,9.536743e-07,7.064254e-06,104.3972,-25.0636,-112.2759,107.3637,IK_OK
G0045,R3,13.5000,0.0000,94.5000,9.536743e-07,0.000000e+00,9.536743e-07,7.064254e-06,104.3972,25.0636,-112.2759,107.3637,IK_OK
G0045,L1,-13.5000,0.0000,94.5000,-9.536743e-07,0.000000e+00,9.536743e-07,7.064254e-06,104.3972,-25.0636,-112.2759,107.3637,IK_OK
G0045,L2,13.5000,0.0000,94.5000,9.536743e-07,0.000000e+00,9.536743e-07,7.064254e-06,104.3972,25.0636,-112.2759,107.3637,IK_OK
G0045,L3,-13.5000,0.0000,94.5000,-9.536743e-07,0.000000e+00,9.536743e-07,7.064254e-06,104.3972,-25.0636,-112.2759,107.3637,IK_OK
G0046,R1,-13.5000,0.0000,94.5000,-9.536743e-07,0.000000e+00,9.536743e-07,7.064254e-06,104.3972,-25.0636,-112.2759,107.3637,IK_OK
G0046,R2,13.5000,27.0000,94.5000,9.536743e-07,3.814697e-06,3.814697e-06,2.825702e-05,47.9060,11.5012,-129.7131,49.2673,IK_OK
G0046,R3,-13.5000,0.0000,94.5000,-9.536743e-07,0.000000e+00,9.536743e-07,7.064254e-06,104.3972,-25.0636,-112.2759,107.3637,IK_OK
G0046,L1,13.5000,27.0000,94.5000,9.536743e-07,3.814697e-06,3.814697e-06,2.825702e-05,47.9060,11.5012,-129.7131,49.2673,IK_OK
G0046,L2,-13.5000,0.0000,94.5000,-9.536743e-07,0.000000e+00,9.536743e-07,7.064254e-06,104.3972,-25.0636,-112.2759,107.3637,IK_OK
G0046,L3,13.5000,27.0000,94.5000,9.536743e-07,3.814697e-06,3.814697e-06,2.825702e-05,47.9060,11.5012,-129.7131,49.2673,IK_OK
G0047,R1,-13.5000,0.0000,94.5000,-9.536743e-07,0.000000e+00,9.536743e-07,7.064254e-06,104.3972,-25.0636,-112.2759,107.3637,IK_OK
G0047,R2,13.5000,0.0000,94.5000,9.536743e-07,0.000000e+00,9.536743e-07,7.064254e-06,104.3972,25.0636,-112.2759,107.3637,IK_OK
G0047,R3,-13.5000,0.0000,94.5000,-9.536743e-07,0.000000e+00,9.536743e-07,7.064254e-06,104.3972,-25.0636,-112.2759,107.3637,IK_OK
G0047,L1,13.5000,0.0000,94.5000,9.536743e-07,0.000000e+00,9.536743e-07,7.064254e-06,104.3972,25.0636,-112.2759,107.3637,IK_OK
G0047,L2,-13.5000,0.0000,94.5000,-9.536743e-07,0.000000e+00,9.536743e-07,7.064254e-06,104.3972,-25.0636,-112.2759,107.3637,IK_OK
G0047,L3,13.5000,0.0000,94.5000,9.536743e-07,0.000000e+00,9.536743e-07,7.064254e-06,104.3972,25.0636,-112.2759,107.3637,IK_OK
G0048,R1,-13.5000,27.0000,94.5000,-9.536743e-07,3.814697e-06,3.814697e-06,2.825702e-05,47.9060,-11.5012,-129.7131,49.2673,IK_OK
G0048,R2,13.5000,0.0000,94.5000,9.536743e-07,0.000000e+00,9.536743e-07,7.064254e-06,104.3972,25.0636,-112.2759,107.3637,IK_OK
G0048,R3,-13.5000,27.0000,94.5000,-9.536743e-07,3.814697e-06,3.814697e-06,2.825702e-05,47.9060,-11.5012,-129.7131,49.2673,IK_OK
G0048,L1,13.5000,0.0000,94.5000,9.536743e-07,0.000000e+00,9.536743e-07,7.064254e-06,104.3972,25.0636,-112.2759,107.3637,IK_OK
G0048,L2,-13.5000,27.0000,94.5000,-9.536743e-07,3.814697e-06,3.814697e-06,2.825702e-05,47.9060,-11.5012,-129.7131,49.2673,IK_OK
G0048,L3,13.5000,0.0000,94.5000,9.536743e-07,0.000000e+00,9.536743e-07,7.064254e-06,104.3972,25.0636,-112.2759,107.3637,IK_OK
G0049,R1,-13.5000,0.0000,94.5000,-9.536743e-07,0.000000e+00,9.536743e-07,7.064254e-06,104.3972,-25.0636,-112.2759,107.3637,IK_OK
G0049,R2,13.5000,0.0000,94.5000,9.536743e-07,0.000000e+00,9.536743e-07,7.064254e-06,104.3972,25.0636,-112.2759,107.3637,IK_OK
G0049,R3,-13.5000,0.0000,94.5000,-9.536743e-07,0.000000e+00,9.536743e-07,7.064254e-06,104.3972,-25.0636,-112.2759,107.3637,IK_OK
G0049,L1,13.5000,0.0000,94.5000,9.536743e-07,0.000000e+00,9.536743e-07,7.064254e-06,104.3972,25.0636,-112.2759,107.3637,IK_OK
G0049,L2,-13.5000,0.0000,94.5000,-9.536743e-07,0.000000e+00,9.536743e-07,7.064254e-06,104.3972,-25.0636,-112.2759,107.3637,IK_OK
G0049,L3,13.5000,0.0000,94.5000,9.536743e-07,0.000000e+00,9.536743e-07,7.064254e-06,104.3972,25.0636,-112.2759,107.3637,IK_OK
G0050,R1,13.5000,0.0000,94.5000,9.536743e-07,0.000000e+00,9.536743e-07,7.064254e-06,104.3972,25.0636,-112.2759,107.3637,IK_OK
G0050,R2,-13.5000,27.0000,94.5000,-9.536743e-07,3.814697e-06,3.814697e-06,2.825702e-05,47.9060,-11.5012,-129.7131,49.2673,IK_OK
G0050,R3,13.5000,0.0000,94.5000,9.536743e-07,0.000000e+00,9.536743e-07,7.064254e-06,104.3972,25.0636,-112.2759,107.3637,IK_OK
G0050,L1,-13.5000,27.0000,94.5000,-9.536743e-07,3.814697e-06,3.814697e-06,2.825702e-05,47.9060,-11.5012,-129.7131,49.2673,IK_OK
G0050,L2,13.5000,0.0000,94.5000,9.536743e-07,0.000000e+00,9.536743e-07,7.064254e-06,104.3972,25.0636,-112.2759,107.3637,IK_OK
G0050,L3,-13.5000,27.0000,94.5000,-9.536743e-07,3.814697e-06,3.814697e-06,2.825702e-05,47.9060,-11.5012,-129.7131,49.2673,IK_OK
G0051,R1,13.5000,0.0000,94.5000,9.536743e-07,0.000000e+00,9.536743e-07,7.064254e-06,104.3972,25.0636,-112.2759,107.3637,IK_OK
G0051,R2,-13.5000,0.0000,94.5000,-9.536743e-07,0.000000e+00,9.536743e-07,7.064254e-06,104.3972,-25.0636,-112.2759,107.3637,IK_OK
G0051,R3,13.5000,0.0000,94.5000,9.536743e-07,0.000000e+00,9.536743e-07,7.064254e-06,104.3972,25.0636,-112.2759,107.3637,IK_OK
G0051,L1,-13.5000,0.0000,94.5000,-9.536743e-07,0.000000e+00,9.536743e-07,7.064254e-06,104.3972,-25.0636,-112.2759,107.3637,IK_OK
G0051,L2,13.5000,0.0000,94.5000,9.536743e-07,0.000000e+00,9.536743e-07,7.064254e-06,104.3972,25.0636,-112.2759,107.3637,IK_OK
G0051,L3,-13.5000,0.0000,94.5000,-9.536743e-07,0.000000e+00,9.536743e-07,7.064254e-06,104.3972,-25.0636,-112.2759,107.3637,IK_OK
G0052,R1,13.5000,27.0000,94.5000,9.536743e-07,3.814697e-06,3.814697e-06,2.825702e-05,47.9060,11.5012,-129.7131,49.2673,IK_OK
G0052,R2,-13.5000,0.0000,94.5000,-9.536743e-07,0.000000e+00,9.536743e-07,7.064254e-06,104.3972,-25.0636,-112.2759,107.3637,IK_OK
G0052,R3,13.5000,27.0000,94.5000,9.536743e-07,3.814697e-06,3.814697e-06,2.825702e-05,47.9060,11.5012,-129.7131,49.2673,IK_OK
G0052,L1,13.5000,0.0000,94.5000,9.536743e-07,0.000000e+00,9.536743e-07,7.064254e-06,104.3972,25.0636,-112.2759,107.3637,IK_OK
G0052,L2,-13.5000,27.0000,94.5000,-9.536743e-07,3.814697e-06,3.814697e-06,2.825702e-05,47.9060,-11.5012,-129.7131,49.2673,IK_OK
G0052,L3,13.5000,0.0000,94.5000,9.536743e-07,0.000000e+00,9.536743e-07,7.064254e-06,104.3972,25.0636,-112.2759,107.3637,IK_OK
G0053,R1,13.5000,0.0000,94.5000,9.536743e-07,0.000000e+00,9.536743e-07,7.064254e-06,104.3972,25.0636,-112.2759,107.3637,IK_OK
G0053,R2,-13.5000,0.0000,94.5000,-9.536743e-07,0.000000e+00,9.536743e-07,7.064254e-06,104.3972,-25.0636,-112.2759,107.3637,IK_OK
G0053,R3,13.5000,0.0000,94.5000,9.536743e-07,0.000000e+00,9.536743e-07,7.064254e-06,104.3972,25.0636,-112.2759,107.3637,IK_OK
G0053,L1,13.5000,0.0000,94.5000,9.536743e-07,0.000000e+00,9.536743e-07,7.064254e-06,104.3972,25.0636,-112.2759,107.3637,IK_OK
G0053,L2,-13.5000,0.0000,94.5000,-9.536743e-07,0.000000e+00,9.536743e-07,7.064254e-06,104.3972,-25.0636,-112.2759,107.3637,IK_OK
G0053,L3,13.5000,0.0000,94.5000,9.536743e-07,0.000000e+00,9.536743e-07,7.064254e-06,104.3972,25.0636,-112.2759,107.3637,IK_OK
G0054,R1,-13.5000,0.0000,94.5000,-9.536743e-07,0.000000e+00,9.536743e-07,7.064254e-06,104.3972,-25.0636,-112.2759,107.3637,IK_OK
G0054,R2,13.5000,27.0000,94.5000,9.536743e-07,3.814697e-06,3.814697e-06,2.825702e-05,47.9060,11.5012,-129.7131,49.2673,IK_OK
G0054,R3,-13.5000,0.0000,94.5000,-9.536743e-07,0.000000e+00,9.536743e-07,7.064254e-06,104.3972,-25.0636,-112.2759,107.3637,IK_OK
G0054,L1,-13.5000,27.0000,94.5000,-9.536743e-07,3.814697e-06,3.814697e-06,2.825702e-05,47.9060,-11.5012,-129.7131,49.2673,IK_OK
G0054,L2,13.5000,0.0000,94.5000,9.536743e-07,0.000000e+00,9.536743e-07,7.064254e-06,104.3972,25.0636,-112.2759,107.3637,IK_OK
G0054,L3,-13.5000,27.0000,94.5000,-9.536743e-07,3.814697e-06,3.814697e-06,2.825702e-05,47.9060,-11.5012,-129.7131,49.2673,IK_OK
G0055,R1,-13.5000,0.0000,94.5000,-9.536743e-07,0.000000e+00,9.536743e-07,7.064254e-06,104.3972,-25.0636,-112.2759,107.3637,IK_OK
G0055,R2,13.5000,0.0000,94.5000,9.536743e-07,0.000000e+00,9.536743e-07,7.064254e-06,104.3972,25.0636,-112.2759,107.3637,IK_OK
G0055,R3,-13.5000,0.0000,94.5000,-9.536743e-07,0.000000e+00,9.536743e-07,7.064254e-06,104.3972,-25.0636,-112.2759,107.3637,IK_OK
G0055,L1,-13.5000,0.0000,94.5000,-9.536743e-07,0.000000e+00,9.536743e-07,7.064254e-06,104.3972,-25.0636,-112.2759,107.3637,IK_OK
G0055,L2,13.5000,0.0000,94.5000,9.536743e-07,0.000000e+00,9.536743e-07,7.064254e-06,104.3972,25.0636,-112.2759,107.3637,IK_OK
G0055,L3,-13.5000,0.0000,94.5000,-9.536743e-07,0.000000e+00,9.536743e-07,7.064254e-06,104.3972,-25.0636,-112.2759,107.3637,IK_OK
G0056,R1,-13.5000,27.0000,94.5000,-9.536743e-07,3.814697e-06,3.814697e-06,2.825702e-05,47.9060,-11.5012,-129.7131,49.2673,IK_OK
G0056,R2,13.5000,0.0000,94.5000,9.536743e-07,0.000000e+00,9.536743e-07,7.064254e-06,104.3972,25.0636,-112.2759,107.3637,IK_OK
G0056,R3,-13.5000,27.0000,94.5000,-9.536743e-07,3.814697e-06,3.814697e-06,2.825702e-05,47.9060,-11.5012,-129.7131,49.2673,IK_OK
G0056,L1,-13.5000,0.0000,94.5000,-9.536743e-07,0.000000e+00,9.536743e-07,7.064254e-06,104.3972,-25.0636,-112.2759,107.3637,IK_OK
G0056,L2,13.5000,27.0000,94.5000,9.536743e-07,3.814697e-06,3.814697e-06,2.825702e-05,47.9060,11.5012,-129.7131,49.2673,IK_OK
G0056,L3,-13.5000,0.0000,94.5000,-9.536743e-07,0.000000e+00,9.536743e-07,7.064254e-06,104.3972,-25.0636,-112.2759,107.3637,IK_OK
G0057,R1,-13.5000,0.0000,94.5000,-9.536743e-07,0.000000e+00,9.536743e-07,7.064254e-06,104.3972,-25.0636,-112.2759,107.3637,IK_OK
G0057,R2,13.5000,0.0000,94.5000,9.536743e-07,0.000000e+00,9.536743e-07,7.064254e-06,104.3972,25.0636,-112.2759,107.3637,IK_OK
G0057,R3,-13.5000,0.0000,94.5000,-9.536743e-07,0.000000e+00,9.536743e-07,7.064254e-06,104.3972,-25.0636,-112.2759,107.3637,IK_OK
G0057,L1,-13.5000,0.0000,94.5000,-9.536743e-07,0.000000e+00,9.536743e-07,7.064254e-06,104.3972,-25.0636,-112.2759,107.3637,IK_OK
G0057,L2,13.5000,0.0000,94.5000,9.536743e-07,0.000000e+00,9.536743e-07,7.064254e-06,104.3972,25.0636,-112.2759,107.3637,IK_OK
G0057,L3,-13.5000,0.0000,94.5000,-9.536743e-07,0.000000e+00,9.536743e-07,7.064254e-06,104.3972,-25.0636,-112.2759,107.3637,IK_OK
G0058,R1,13.5000,0.0000,94.5000,9.536743e-07,0.000000e+00,9.536743e-07,7.064254e-06,104.3972,25.0636,-112.2759,107.3637,IK_OK
G0058,R2,-13.5000,27.0000,94.5000,-9.536743e-07,3.814697e-06,3.814697e-06,2.825702e-05,47.9060,-11.5012,-129.7131,49.2673,IK_OK
G0058,R3,13.5000,0.0000,94.5000,9.536743e-07,0.000000e+00,9.536743e-07,7.064254e-06,104.3972,25.0636,-112.2759,107.3637,IK_OK
G0058,L1,13.5000,27.0000,94.5000,9.536743e-07,3.814697e-06,3.814697e-06,2.825702e-05,47.9060,11.5012,-129.7131,49.2673,IK_OK
G0058,L2,-13.5000,0.0000,94.5000,-9.536743e-07,0.000000e+00,9.536743e-07,7.064254e-06,104.3972,-25.0636,-112.2759,107.3637,IK_OK
G0058,L3,13.5000,27.0000,94.5000,9.536743e-07,3.814697e-06,3.814697e-06,2.825702e-05,47.9060,11.5012,-129.7131,49.2673,IK_OK
G0059,R1,13.5000,0.0000,94.5000,9.536743e-07,0.000000e+00,9.536743e-07,7.064254e-06,104.3972,25.0636,-112.2759,107.3637,IK_OK
G0059,R2,-13.5000,0.0000,94.5000,-9.536743e-07,0.000000e+00,9.536743e-07,7.064254e-06,104.3972,-25.0636,-112.2759,107.3637,IK_OK
G0059,R3,13.5000,0.0000,94.5000,9.536743e-07,0.000000e+00,9.536743e-07,7.064254e-06,104.3972,25.0636,-112.2759,107.3637,IK_OK
G0059,L1,13.5000,0.0000,94.5000,9.536743e-07,0.000000e+00,9.536743e-07,7.064254e-06,104.3972,25.0636,-112.2759,107.3637,IK_OK
G0059,L2,-13.5000,0.0000,94.5000,-9.536743e-07,0.000000e+00,9.536743e-07,7.064254e-06,104.3972,-25.0636,-112.2759,107.3637,IK_OK
G0059,L3,13.5000,0.0000,94.5000,9.536743e-07,0.000000e+00,9.536743e-07,7.064254e-06,104.3972,25.0636,-112.2759,107.3637,IK_OK
G0060,R1,13.5000,27.0000,94.5000,9.536743e-07,3.814697e-06,3.814697e-06,2.825702e-05,47.9060,11.5012,-129.7131,49.2673,IK_OK
G0060,R2,-13.5000,0.0000,94.5000,-9.536743e-07,0.000000e+00,9.536743e-07,7.064254e-06,104.3972,-25.0636,-112.2759,107.3637,IK_OK
G0060,R3,13.5000,27.0000,94.5000,9.536743e-07,3.814697e-06,3.814697e-06,2.825702e-05,47.9060,11.5012,-129.7131,49.2673,IK_OK
G0060,L1,-13.5000,0.0000,94.5000,-9.536743e-07,0.000000e+00,9.536743e-07,7.064254e-06,104.3972,-25.0636,-112.2759,107.3637,IK_OK
G0060,L2,13.5000,27.0000,94.5000,9.536743e-07,3.814697e-06,3.814697e-06,2.825702e-05,47.9060,11.5012,-129.7131,49.2673,IK_OK
G0060,L3,-13.5000,0.0000,94.5000,-9.536743e-07,0.000000e+00,9.536743e-07,7.064254e-06,104.3972,-25.0636,-112.2759,107.3637,IK_OK
G0061,R1,13.5000,0.0000,94.5000,9.536743e-07,0.000000e+00,9.536743e-07,7.064254e-06,104.3972,25.0636,-112.2759,107.3637,IK_OK
G0061,R2,-13.5000,0.0000,94.5000,-9.536743e-07,0.000000e+00,9.536743e-07,7.064254e-06,104.3972,-25.0636,-112.2759,107.3637,IK_OK
G0061,R3,13.5000,0.0000,94.5000,9.536743e-07,0.000000e+00,9.536743e-07,7.064254e-06,104.3972,25.0636,-112.2759,107.3637,IK_OK
G0061,L1,-13.5000,0.0000,94.5000,-9.536743e-07,0.000000e+00,9.536743e-07,7.064254e-06,104.3972,-25.0636,-112.2759,107.3637,IK_OK
G0061,L2,13.5000,0.0000,94.5000,9.536743e-07,0.000000e+00,9.536743e-07,7.064254e-06,104.3972,25.0636,-112.2759,107.3637,IK_OK
G0061,L3,-13.5000,0.0000,94.5000,-9.536743e-07,0.000000e+00,9.536743e-07,7.064254e-06,104.3972,-25.0636,-112.2759,107.3637,IK_OK
G0062,R1,-13.5000,0.0000,94.5000,-9.536743e-07,0.000000e+00,9.536743e-07,7.064254e-06,104.3972,-25.0636,-112.2759,107.3637,IK_OK
G0062,R2,13.5000,27.0000,94.5000,9.536743e-07,3.814697e-06,3.814697e-06,2.825702e-05,47.9060,11.5012,-129.7131,49.2673,IK_OK
G0062,R3,-13.5000,0.0000,94.5000,-9.536743e-07,0.000000e+00,9.536743e-07,7.064254e-06,104.3972,-25.0636,-112.2759,107.3637,IK_OK
G0062,L1,13.5000,27.0000,94.5000,9.536743e-07,3.814697e-06,3.814697e-06,2.825702e-05,47.9060,11.5012,-129.7131,49.2673,IK_OK
G0062,L2,-13.5000,0.0000,94.5000,-9.536743e-07,0.000000e+00,9.536743e-07,7.064254e-06,104.3972,-25.0636,-112.2759,107.3637,IK_OK
G0062,L3,13.5000,27.0000,94.5000,9.536743e-07,3.814697e-06,3.814697e-06,2.825702e-05,47.9060,11.5012,-129.7131,49.2673,IK_OK
G0063,R1,-13.5000,0.0000,94.5000,-9.536743e-07,0.000000e+00,9.536743e-07,7.064254e-06,104.3972,-25.0636,-112.2759,107.3637,IK_OK
G0063,R2,13.5000,0.0000,94.5000,9.536743e-07,0.000000e+00,9.536743e-07,7.064254e-06,104.3972,25.0636,-112.2759,107.3637,IK_OK
G0063,R3,-13.5000,0.0000,94.5000,-9.536743e-07,0.000000e+00,9.536743e-07,7.064254e-06,104.3972,-25.0636,-112.2759,107.3637,IK_OK
G0063,L1,13.5000,0.0000,94.5000,9.536743e-07,0.000000e+00,9.536743e-07,7.064254e-06,104.3972,25.0636,-112.2759,107.3637,IK_OK
G0063,L2,-13.5000,0.0000,94.5000,-9.536743e-07,0.000000e+00,9.536743e-07,7.064254e-06,104.3972,-25.0636,-112.2759,107.3637,IK_OK
G0063,L3,13.5000,0.0000,94.5000,9.536743e-07,0.000000e+00,9.536743e-07,7.064254e-06,104.3972,25.0636,-112.2759,107.3637,IK_OK
G0064,R1,-13.5000,27.0000,94.5000,-9.536743e-07,3.814697e-06,3.814697e-06,2.825702e-05,47.9060,-11.5012,-129.7131,49.2673,IK_OK
G0064,R2,13.5000,0.0000,94.5000,9.536743e-07,0.000000e+00,9.536743e-07,7.064254e-06,104.3972,25.0636,-112.2759,107.3637,IK_OK
G0064,R3,-13.5000,27.0000,94.5000,-9.536743e-07,3.814697e-06,3.814697e-06,2.825702e-05,47.9060,-11.5012,-129.7131,49.2673,IK_OK
G0064,L1,13.5000,0.0000,94.5000,9.536743e-07,0.000000e+00,9.536743e-07,7.064254e-06,104.3972,25.0636,-112.2759,107.3637,IK_OK
G0064,L2,-13.5000,27.0000,94.5000,-9.536743e-07,3.814697e-06,3.814697e-06,2.825702e-05,47.9060,-11.5012,-129.7131,49.2673,IK_OK
G0064,L3,13.5000,0.0000,94.5000,9.536743e-07,0.000000e+00,9.536743e-07,7.064254e-06,104.3972,25.0636,-112.2759,107.3637,IK_OK
G0065,R1,-13.5000,0.0000,94.5000,-9.536743e-07,0.000000e+00,9.536743e-07,7.064254e-06,104.3972,-25.0636,-112.2759,107.3637,IK_OK
G0065,R2,13.5000,0.0000,94.5000,9.536743e-07,0.000000e+00,9.536743e-07,7.064254e-06,104.3972,25.0636,-112.2759,107.3637,IK_OK
G0065,R3,-13.5000,0.0000,94.5000,-9.536743e-07,0.000000e+00,9.536743e-07,7.064254e-06,104.3972,-25.0636,-112.2759,107.3637,IK_OK
G0065,L1,13.5000,0.0000,94.5000,9.536743e-07,0.000000e+00,9.536743e-07,7.064254e-06,104.3972,25.0636,-112.2759,107.3637,IK_OK
G0065,L2,-13.5000,0.0000,94.5000,-9.536743e-07,0.000000e+00,9.536743e-07,7.064254e-06,104.3972,-25.0636,-112.2759,107.3637,IK_OK
G0065,L3,13.5000,0.0000,94.5000,9.536743e-07,0.000000e+00,9.536743e-07,7.064254e-06,104.3972,25.0636,-112.2759,107.3637,IK_OK
G0066,R1,13.5000,0.0000,94.5000,9.536743e-07,0.000000e+00,9.536743e-07,7.064254e-06,104.3972,25.0636,-112.2759,107.3637,IK_OK
G0066,R2,-13.5000,27.0000,94.5000,-9.536743e-07,3.814697e-06,3.814697e-06,2.825702e-05,47.9060,-11.5012,-129.7131,49.2673,IK_OK
G0066,R3,13.5000,0.0000,94.5000,9.536743e-07,0.000000e+00,9.536743e-07,7.064254e-06,104.3972,25.0636,-112.2759,107.3637,IK_OK
G0066,L1,-13.5000,27.0000,94.5000,-9.536743e-07,3.814697e-06,3.814697e-06,2.825702e-05,47.9060,-11.5012,-129.7131,49.2673,IK_OK
G0066,L2,13.5000,0.0000,94.5000,9.536743e-07,0.000000e+00,9.536743e-07,7.064254e-06,104.3972,25.0636,-112.2759,107.3637,IK_OK
G0066,L3,-13.5000,27.0000,94.5000,-9.536743e-07,3.814697e-06,3.814697e-06,2.825702e-05,47.9060,-11.5012,-129.7131,49.2673,IK_OK
G0067,R1,13.5000,0.0000,94.5000,9.536743e-07,0.000000e+00,9.536743e-07,7.064254e-06,104.3972,25.0636,-112.2759,107.3637,IK_OK
G0067,R2,-13.5000,0.0000,94.5000,-9.536743e-07,0.000000e+00,9.536743e-07,7.064254e-06,104.3972,-25.0636,-112.2759,107.3637,IK_OK
G0067,R3,13.5000,0.0000,94.5000,9.536743e-07,0.000000e+00,9.536743e-07,7.064254e-06,104.3972,25.0636,-112.2759,107.3637,IK_OK
G0067,L1,-13.5000,0.0000,94.5000,-9.536743e-07,0.000000e+00,9.536743e-07,7.064254e-06,104.3972,-25.0636,-112.2759,107.3637,IK_OK
G0067,L2,13.5000,0.0000,94.5000,9.536743e-07,0.000000e+00,9.536743e-07,7.064254e-06,104.3972,25.0636,-112.2759,107.3637,IK_OK
G0067,L3,-13.5000,0.0000,94.5000,-9.536743e-07,0.000000e+00,9.536743e-07,7.064254e-06,104.3972,-25.0636,-112.2759,107.3637,IK_OK
G0068,R1,13.5000,-20.2500,47.2500,9.536743e-07,0.000000e+00,9.536743e-07,7.064254e-06,206.1052,49.4815,-25.4479,211.9617,IK_OK
G0068,R2,-13.5000,-47.2500,47.2500,-9.536743e-07,0.000000e+00,9.536743e-07,7.064254e-06,199.3262,-47.8540,54.4867,204.9901,IK_OK
G0068,R3,13.5000,-20.2500,47.2500,9.536743e-07,0.000000e+00,9.536743e-07,7.064254e-06,206.1052,49.4815,-25.4479,211.9617,IK_OK
G0068,L1,13.5000,-47.2500,47.2500,9.536743e-07,0.000000e+00,9.536743e-07,7.064254e-06,199.3262,47.8540,54.4867,204.9901,IK_OK
G0068,L2,-13.5000,-20.2500,47.2500,-9.536743e-07,0.000000e+00,9.536743e-07,7.064254e-06,206.1052,-49.4815,-25.4479,211.9617,IK_OK
G0068,L3,13.5000,-47.2500,47.2500,9.536743e-07,0.000000e+00,9.536743e-07,7.064254e-06,199.3262,47.8540,54.4867,204.9901,IK_OK
G0069,R1,13.5000,-47.2500,47.2500,9.536743e-07,0.000000e+00,9.536743e-07,7.064254e-06,199.3262,47.8540,54.4867,204.9901,IK_OK
G0069,R2,-13.5000,-47.2500,47.2500,-9.536743e-07,0.000000e+00,9.536743e-07,7.064254e-06,199.3262,-47.8540,54.4867,204.9901,IK_OK
G0069,R3,13.5000,-47.2500,47.2500,9.536743e-07,0.000000e+00,9.536743e-07,7.064254e-06,199.3262,47.8540,54.4867,204.9901,IK_OK
G0069,L1,13.5000,-47.2500,47.2500,9.536743e-07,0.000000e+00,9.536743e-07,7.064254e-06,199.3262,47.8540,54.4867,204.9901,IK_OK
G0069,L2,-13.5000,-47.2500,47.2500,-9.536743e-07,0.000000e+00,9.536743e-07,7.064254e-06,199.3262,-47.8540,54.4867,204.9901,IK_OK
G0069,L3,13.5000,-47.2500,47.2500,9.536743e-07,0.000000e+00,9.536743e-07,7.064254e-06,199.3262,47.8540,54.4867,204.9901,IK_OK
G0070,R1,-13.5000,-47.2500,47.2500,-9.536743e-07,0.000000e+00,9.536743e-07,7.064254e-06,199.3262,-47.8540,54.4867,204.9901,IK_OK
G0070,R2,13.5000,-20.2500,47.2500,9.536743e-07,0.000000e+00,9.536743e-07,7.064254e-06,206.1052,49.4815,-25.4479,211.9617,IK_OK
G0070,R3,-13.5000,-47.2500,47.2500,-9.536743e-07,0.000000e+00,9.536743e-07,7.064254e-06,199.3262,-47.8540,54.4867,204.9901,IK_OK
G0070,L1,-13.5000,-20.2500,47.2500,-9.536743e-07,0.000000e+00,9.536743e-07,7.064254e-06,206.1052,-49.4815,-25.4479,211.9617,IK_OK
G0070,L2,13.5000,-47.2500,47.2500,9.536743e-07,0.000000e+00,9.536743e-07,7.064254e-06,199.3262,47.8540,54.4867,204.9901,IK_OK
G0070,L3,-13.5000,-20.2500,47.2500,-9.536743e-07,0.000000e+00,9.536743e-07,7.064254e-06,206.1052,-49.4815,-25.4479,211.9617,IK_OK
G0071,R1,-13.5000,-47.2500,47.2500,-9.536743e-07,0.000000e+00,9.536743e-07,7.064254e-06,199.3262,-47.8540,54.4867,204.9901,IK_OK
G0071,R2,13.5000,-47.2500,47.2500,9.536743e-07,0.000000e+00,9.536743e-07,7.064254e-06,199.3262,47.8540,54.4867,204.9901,IK_OK
G0071,R3,-13.5000,-47.2500,47.2500,-9.536743e-07,0.000000e+00,9.536743e-07,7.064254e-06,199.3262,-47.8540,54.4867,204.9901,IK_OK
G0071,L1,-13.5000,-47.2500,47.2500,-9.536743e-07,0.000000e+00,9.536743e-07,7.064254e-06,199.3262,-47.8540,54.4867,204.9901,IK_OK
G0071,L2,13.5000,-47.2500,47.2500,9.536743e-07,0.000000e+00,9.536743e-07,7.064254e-06,199.3262,47.8540,54.4867,204.9901,IK_OK
G0071,L3,-13.5000,-47.2500,47.2500,-9.536743e-07,0.000000e+00,9.536743e-07,7.064254e-06,199.3262,-47.8540,54.4867,204.9901,IK_OK
G0072,R1,-13.5000,-20.2500,47.2500,-9.536743e-07,0.000000e+00,9.536743e-07,7.064254e-06,206.1052,-49.4815,-25.4479,211.9617,IK_OK
G0072,R2,13.5000,-47.2500,47.2500,9.536743e-07,0.000000e+00,9.536743e-07,7.064254e-06,199.3262,47.8540,54.4867,204.9901,IK_OK
G0072,R3,-13.5000,-20.2500,47.2500,-9.536743e-07,0.000000e+00,9.536743e-07,7.064254e-06,206.1052,-49.4815,-25.4479,211.9617,IK_OK
G0072,L1,-13.5000,-47.2500,47.2500,-9.536743e-07,0.000000e+00,9.536743e-07,7.064254e-06,199.3262,-47.8540,54.4867,204.9901,IK_OK
G0072,L2,13.5000,-20.2500,47.2500,9.536743e-07,0.000000e+00,9.536743e-07,7.064254e-06,206.1052,49.4815,-25.4479,211.9617,IK_OK
G0072,L3,-13.5000,-47.2500,47.2500,-9.536743e-07,0.000000e+00,9.536743e-07,7.064254e-06,199.3262,-47.8540,54.4867,204.9901,IK_OK
G0073,R1,-13.5000,-47.2500,47.2500,-9.536743e-07,0.000000e+00,9.536743e-07,7.064254e-06,199.3262,-47.8540,54.4867,204.9901,IK_OK
G0073,R2,13.5000,-47.2500,47.2500,9.536743e-07,0.000000e+00,9.536743e-07,7.064254e-06,199.3262,47.8540,54.4867,204.9901,IK_OK
G0073,R3,-13.5000,-47.2500,47.2500,-9.536743e-07,0.000000e+00,9.536743e-07,7.064254e-06,199.3262,-47.8540,54.4867,204.9901,IK_OK
G0073,L1,-13.5000,-47.2500,47.2500,-9.536743e-07,0.000000e+00,9.536743e-07,7.064254e-06,199.3262,-47.8540,54.4867,204.9901,IK_OK
G0073,L2,13.5000,-47.2500,47.2500,9.536743e-07,0.000000e+00,9.536743e-07,7.064254e-06,199.3262,47.8540,54.4867,204.9901,IK_OK
G0073,L3,-13.5000,-47.2500,47.2500,-9.536743e-07,0.000000e+00,9.536743e-07,7.064254e-06,199.3262,-47.8540,54.4867,204.9901,IK_OK
G0074,R1,13.5000,-47.2500,47.2500,9.536743e-07,0.000000e+00,9.536743e-07,7.064254e-06,199.3262,47.8540,54.4867,204.9901,IK_OK
G0074,R2,-13.5000,-20.2500,47.2500,-9.536743e-07,0.000000e+00,9.536743e-07,7.064254e-06,206.1052,-49.4815,-25.4479,211.9617,IK_OK
G0074,R3,13.5000,-47.2500,47.2500,9.536743e-07,0.000000e+00,9.536743e-07,7.064254e-06,199.3262,47.8540,54.4867,204.9901,IK_OK
G0074,L1,13.5000,-20.2500,47.2500,9.536743e-07,0.000000e+00,9.536743e-07,7.064254e-06,206.1052,49.4815,-25.4479,211.9617,IK_OK
G0074,L2,-13.5000,-47.2500,47.2500,-9.536743e-07,0.000000e+00,9.536743e-07,7.064254e-06,199.3262,-47.8540,54.4867,204.9901,IK_OK
G0074,L3,13.5000,-20.2500,47.2500,9.536743e-07,0.000000e+00,9.536743e-07,7.064254e-06,206.1052,49.4815,-25.4479,211.9617,IK_OK
G0075,R1,13.5000,-47.2500,47.2500,9.536743e-07,0.000000e+00,9.536743e-07,7.064254e-06,199.3262,47.8540,54.4867,204.9901,IK_OK
G0075,R2,-13.5000,-47.2500,47.2500,-9.536743e-07,0.000000e+00,9.536743e-07,7.064254e-06,199.3262,-47.8540,54.4867,204.9901,IK_OK
G0075,R3,13.5000,-47.2500,47.2500,9.536743e-07,0.000000e+00,9.536743e-07,7.064254e-06,199.3262,47.8540,54.4867,204.9901,IK_OK
G0075,L1,13.5000,-47.2500,47.2500,9.536743e-07,0.000000e+00,9.536743e-07,7.064254e-06,199.3262,47.8540,54.4867,204.9901,IK_OK
G0075,L2,-13.5000,-47.2500,47.2500,-9.536743e-07,0.000000e+00,9.536743e-07,7.064254e-06,199.3262,-47.8540,54.4867,204.9901,IK_OK
G0075,L3,13.5000,-47.2500,47.2500,9.536743e-07,0.000000e+00,9.536743e-07,7.064254e-06,199.3262,47.8540,54.4867,204.9901,IK_OK
G0076,R1,13.5000,-20.2500,47.2500,9.536743e-07,0.000000e+00,9.536743e-07,7.064254e-06,206.1052,49.4815,-25.4479,211.9617,IK_OK
G0076,R2,-13.5000,-47.2500,47.2500,-9.536743e-07,0.000000e+00,9.536743e-07,7.064254e-06,199.3262,-47.8540,54.4867,204.9901,IK_OK
G0076,R3,13.5000,-20.2500,47.2500,9.536743e-07,0.000000e+00,9.536743e-07,7.064254e-06,206.1052,49.4815,-25.4479,211.9617,IK_OK
G0076,L1,-13.5000,-47.2500,47.2500,-9.536743e-07,0.000000e+00,9.536743e-07,7.064254e-06,199.3262,-47.8540,54.4867,204.9901,IK_OK
G0076,L2,13.5000,-20.2500,47.2500,9.536743e-07,0.000000e+00,9.536743e-07,7.064254e-06,206.1052,49.4815,-25.4479,211.9617,IK_OK
G0076,L3,-13.5000,-47.2500,47.2500,-9.536743e-07,0.000000e+00,9.536743e-07,7.064254e-06,199.3262,-47.8540,54.4867,204.9901,IK_OK
G0077,R1,13.5000,-47.2500,47.2500,9.536743e-07,0.000000e+00,9.536743e-07,7.064254e-06,199.3262,47.8540,54.4867,204.9901,IK_OK
G0077,R2,-13.5000,-47.2500,47.2500,-9.536743e-07,0.000000e+00,9.536743e-07,7.064254e-06,199.3262,-47.8540,54.4867,204.9901,IK_OK
G0077,R3,13.5000,-47.2500,47.2500,9.536743e-07,0.000000e+00,9.536743e-07,7.064254e-06,199.3262,47.8540,54.4867,204.9901,IK_OK
G0077,L1,-13.5000,-47.2500,47.2500,-9.536743e-07,0.000000e+00,9.536743e-07,7.064254e-06,199.3262,-47.8540,54.4867,204.9901,IK_OK
G0077,L2,13.5000,-47.2500,47.2500,9.536743e-07,0.000000e+00,9.536743e-07,7.064254e-06,199.3262,47.8540,54.4867,204.9901,IK_OK
G0077,L3,-13.5000,-47.2500,47.2500,-9.536743e-07,0.000000e+00,9.536743e-07,7.064254e-06,199.3262,-47.8540,54.4867,204.9901,IK_OK
G0078,R1,-13.5000,-47.2500,47.2500,-9.536743e-07,0.000000e+00,9.536743e-07,7.064254e-06,199.3262,-47.8540,54.4867,204.9901,IK_OK
G0078,R2,13.5000,-20.2500,47.2500,9.536743e-07,0.000000e+00,9.536743e-07,7.064254e-06,206.1052,49.4815,-25.4479,211.9617,IK_OK
G0078,R3,-13.5000,-47.2500,47.2500,-9.536743e-07,0.000000e+00,9.536743e-07,7.064254e-06,199.3262,-47.8540,54.4867,204.9901,IK_OK
G0078,L1,13.5000,-20.2500,47.2500,9.536743e-07,0.000000e+00,9.536743e-07,7.064254e-06,206.1052,49.4815,-25.4479,211.9617,IK_OK
G0078,L2,-13.5000,-47.2500,47.2500,-9.536743e-07,0.000000e+00,9.536743e-07,7.064254e-06,199.3262,-47.8540,54.4867,204.9901,IK_OK
G0078,L3,13.5000,-20.2500,47.2500,9.536743e-07,0.000000e+00,9.536743e-07,7.064254e-06,206.1052,49.4815,-25.4479,211.9617,IK_OK
G0079,R1,-13.5000,-47.2500,47.2500,-9.536743e-07,0.000000e+00,9.536743e-07,7.064254e-06,199.3262,-47.8540,54.4867,204.9901,IK_OK
G0079,R2,13.5000,-47.2500,47.2500,9.536743e-07,0.000000e+00,9.536743e-07,7.064254e-06,199.3262,47.8540,54.4867,204.9901,IK_OK
G0079,R3,-13.5000,-47.2500,47.2500,-9.536743e-07,0.000000e+00,9.536743e-07,7.064254e-06,199.3262,-47.8540,54.4867,204.9901,IK_OK
G0079,L1,13.5000,-47.2500,47.2500,9.536743e-07,0.000000e+00,9.536743e-07,7.064254e-06,199.3262,47.8540,54.4867,204.9901,IK_OK
G0079,L2,-13.5000,-47.2500,47.2500,-9.536743e-07,0.000000e+00,9.536743e-07,7.064254e-06,199.3262,-47.8540,54.4867,204.9901,IK_OK
G0079,L3,13.5000,-47.2500,47.2500,9.536743e-07,0.000000e+00,9.536743e-07,7.064254e-06,199.3262,47.8540,54.4867,204.9901,IK_OK
G0080,R1,-13.5000,-20.2500,47.2500,-9.536743e-07,0.000000e+00,9.536743e-07,7.064254e-06,206.1052,-49.4815,-25.4479,211.9617,IK_OK
G0080,R2,13.5000,-47.2500,47.2500,9.536743e-07,0.000000e+00,9.536743e-07,7.064254e-06,199.3262,47.8540,54.4867,204.9901,IK_OK
G0080,R3,-13.5000,-20.2500,47.2500,-9.536743e-07,0.000000e+00,9.536743e-07,7.064254e-06,206.1052,-49.4815,-25.4479,211.9617,IK_OK
G0080,L1,13.5000,-47.2500,47.2500,9.536743e-07,0.000000e+00,9.536743e-07,7.064254e-06,199.3262,47.8540,54.4867,204.9901,IK_OK
G0080,L2,-13.5000,-20.2500,47.2500,-9.536743e-07,0.000000e+00,9.536743e-07,7.064254e-06,206.1052,-49.4815,-25.4479,211.9617,IK_OK
G0080,L3,13.5000,-47.2500,47.2500,9.536743e-07,0.000000e+00,9.536743e-07,7.064254e-06,199.3262,47.8540,54.4867,204.9901,IK_OK
G0081,R1,-13.5000,-47.2500,47.2500,-9.536743e-07,0.000000e+00,9.536743e-07,7.064254e-06,199.3262,-47.8540,54.4867,204.9901,IK_OK
G0081,R2,13.5000,-47.2500,47.2500,9.536743e-07,0.000000e+00,9.536743e-07,7.064254e-06,199.3262,47.8540,54.4867,204.9901,IK_OK
G0081,R3,-13.5000,-47.2500,47.2500,-9.536743e-07,0.000000e+00,9.536743e-07,7.064254e-06,199.3262,-47.8540,54.4867,204.9901,IK_OK
G0081,L1,13.5000,-47.2500,47.2500,9.536743e-07,0.000000e+00,9.536743e-07,7.064254e-06,199.3262,47.8540,54.4867,204.9901,IK_OK
G0081,L2,-13.5000,-47.2500,47.2500,-9.536743e-07,0.000000e+00,9.536743e-07,7.064254e-06,199.3262,-47.8540,54.4867,204.9901,IK_OK
G0081,L3,13.5000,-47.2500,47.2500,9.536743e-07,0.000000e+00,9.536743e-07,7.064254e-06,199.3262,47.8540,54.4867,204.9901,IK_OK
G0082,R1,13.5000,-47.2500,47.2500,9.536743e-07,0.000000e+00,9.536743e-07,7.064254e-06,199.3262,47.8540,54.4867,204.9901,IK_OK
G0082,R2,-13.5000,-20.2500,47.2500,-9.536743e-07,0.000000e+00,9.536743e-07,7.064254e-06,206.1052,-49.4815,-25.4479,211.9617,IK_OK
G0082,R3,13.5000,-47.2500,47.2500,9.536743e-07,0.000000e+00,9.536743e-07,7.064254e-06,199.3262,47.8540,54.4867,204.9901,IK_OK
G0082,L1,-13.5000,-20.2500,47.2500,-9.536743e-07,0.000000e+00,9.536743e-07,7.064254e-06,206.1052,-49.4815,-25.4479,211.9617,IK_OK
G0082,L2,13.5000,-47.2500,47.2500,9.536743e-07,0.000000e+00,9.536743e-07,7.064254e-06,199.3262,47.8540,54.4867,204.9901,IK_OK
G0082,L3,-13.5000,-20.2500,47.2500,-9.536743e-07,0.000000e+00,9.536743e-07,7.064254e-06,206.1052,-49.4815,-25.4479,211.9617,IK_OK
G0083,R1,13.5000,-47.2500,47.2500,9.536743e-07,0.000000e+00,9.536743e-07,7.064254e-06,199.3262,47.8540,54.4867,204.9901,IK_OK
G0083,R2,-13.5000,-47.2500,47.2500,-9.536743e-07,0.000000e+00,9.536743e-07,7.064254e-06,199.3262,-47.8540,54.4867,204.9901,IK_OK
G0083,R3,13.5000,-47.2500,47.2500,9.536743e-07,0.000000e+00,9.536743e-07,7.064254e-06,199.3262,47.8540,54.4867,204.9901,IK_OK
G0083,L1,-13.5000,-47.2500,47.2500,-9.536743e-07,0.000000e+00,9.536743e-07,7.064254e-06,199.3262,-47.8540,54.4867,204.9901,IK_OK
G0083,L2,13.5000,-47.2500,47.2500,9.536743e-07,0.000000e+00,9.536743e-07,7.064254e-06,199.3262,47.8540,54.4867,204.9901,IK_OK
G0083,L3,-13.5000,-47.2500,47.2500,-9.536743e-07,0.000000e+00,9.536743e-07,7.064254e-06,199.3262,-47.8540,54.4867,204.9901,IK_OK
G0084,R1,13.5000,-20.2500,47.2500,9.536743e-07,0.000000e+00,9.536743e-07,7.064254e-06,206.1052,49.4815,-25.4479,211.9617,IK_OK
G0084,R2,-13.5000,-47.2500,47.2500,-9.536743e-07,0.000000e+00,9.536743e-07,7.064254e-06,199.3262,-47.8540,54.4867,204.9901,IK_OK
G0084,R3,13.5000,-20.2500,47.2500,9.536743e-07,0.000000e+00,9.536743e-07,7.064254e-06,206.1052,49.4815,-25.4479,211.9617,IK_OK
G0084,L1,13.5000,-47.2500,47.2500,9.536743e-07,0.000000e+00,9.536743e-07,7.064254e-06,199.3262,47.8540,54.4867,204.9901,IK_OK
G0084,L2,-13.5000,-20.2500,47.2500,-9.536743e-07,0.000000e+00,9.536743e-07,7.064254e-06,206.1052,-49.4815,-25.4479,211.9617,IK_OK
G0084,L3,13.5000,-47.2500,47.2500,9.536743e-07,0.000000e+00,9.536743e-07,7.064254e-06,199.3262,47.8540,54.4867,204.9901,IK_OK
G0085,R1,13.5000,-47.2500,47.2500,9.536743e-07,0.000000e+00,9.536743e-07,7.064254e-06,199.3262,47.8540,54.4867,204.9901,IK_OK
G0085,R2,-13.5000,-47.2500,47.2500,-9.536743e-07,0.000000e+00,9.536743e-07,7.064254e-06,199.3262,-47.8540,54.4867,204.9901,IK_OK
G0085,R3,13.5000,-47.2500,47.2500,9.536743e-07,0.000000e+00,9.536743e-07,7.064254e-06,199.3262,47.8540,54.4867,204.9901,IK_OK
G0085,L1,13.5000,-47.2500,47.2500,9.536743e-07,0.000000e+00,9.536743e-07,7.064254e-06,199.3262,47.8540,54.4867,204.9901,IK_OK
G0085,L2,-13.5000,-47.2500,47.2500,-9.536743e-07,0.000000e+00,9.536743e-07,7.064254e-06,199.3262,-47.8540,54.4867,204.9901,IK_OK
G0085,L3,13.5000,-47.2500,47.2500,9.536743e-07,0.000000e+00,9.536743e-07,7.064254e-06,199.3262,47.8540,54.4867,204.9901,IK_OK
G0086,R1,-13.5000,-47.2500,47.2500,-9.536743e-07,0.000000e+00,9.536743e-07,7.064254e-06,199.3262,-47.8540,54.4867,204.9901,IK_OK
G0086,R2,13.5000,-20.2500,47.2500,9.536743e-07,0.000000e+00,9.536743e-07,7.064254e-06,206.1052,49.4815,-25.4479,211.9617,IK_OK
G0086,R3,-13.5000,-47.2500,47.2500,-9.536743e-07,0.000000e+00,9.536743e-07,7.064254e-06,199.3262,-47.8540,54.4867,204.9901,IK_OK
G0086,L1,-13.5000,-20.2500,47.2500,-9.536743e-07,0.000000e+00,9.536743e-07,7.064254e-06,206.1052,-49.4815,-25.4479,211.9617,IK_OK
G0086,L2,13.5000,-47.2500,47.2500,9.536743e-07,0.000000e+00,9.536743e-07,7.064254e-06,199.3262,47.8540,54.4867,204.9901,IK_OK
G0086,L3,-13.5000,-20.2500,47.2500,-9.536743e-07,0.000000e+00,9.536743e-07,7.064254e-06,206.1052,-49.4815,-25.4479,211.9617,IK_OK
G0087,R1,-13.5000,-47.2500,47.2500,-9.536743e-07,0.000000e+00,9.536743e-07,7.064254e-06,199.3262,-47.8540,54.4867,204.9901,IK_OK
G0087,R2,13.5000,-47.2500,47.2500,9.536743e-07,0.000000e+00,9.536743e-07,7.064254e-06,199.3262,47.8540,54.4867,204.9901,IK_OK
G0087,R3,-13.5000,-47.2500,47.2500,-9.536743e-07,0.000000e+00,9.536743e-07,7.064254e-06,199.3262,-47.8540,54.4867,204.9901,IK_OK
G0087,L1,-13.5000,-47.2500,47.2500,-9.536743e-07,0.000000e+00,9.536743e-07,7.064254e-06,199.3262,-47.8540,54.4867,204.9901,IK_OK
G0087,L2,13.5000,-47.2500,47.2500,9.536743e-07,0.000000e+00,9.536743e-07,7.064254e-06,199.3262,47.8540,54.4867,204.9901,IK_OK
G0087,L3,-13.5000,-47.2500,47.2500,-9.536743e-07,0.000000e+00,9.536743e-07,7.064254e-06,199.3262,-47.8540,54.4867,204.9901,IK_OK
G0088,R1,-13.5000,-20.2500,47.2500,-9.536743e-07,0.000000e+00,9.536743e-07,7.064254e-06,206.1052,-49.4815,-25.4479,211.9617,IK_OK
G0088,R2,13.5000,-47.2500,47.2500,9.536743e-07,0.000000e+00,9.536743e-07,7.064254e-06,199.3262,47.8540,54.4867,204.9901,IK_OK
G0088,R3,-13.5000,-20.2500,47.2500,-9.536743e-07,0.000000e+00,9.536743e-07,7.064254e-06,206.1052,-49.4815,-25.4479,211.9617,IK_OK
G0088,L1,-13.5000,-47.2500,47.2500,-9.536743e-07,0.000000e+00,9.536743e-07,7.064254e-06,199.3262,-47.8540,54.4867,204.9901,IK_OK
G0088,L2,13.5000,-20.2500,47.2500,9.536743e-07,0.000000e+00,9.536743e-07,7.064254e-06,206.1052,49.4815,-25.4479,211.9617,IK_OK
G0088,L3,-13.5000,-47.2500,47.2500,-9.536743e-07,0.000000e+00,9.536743e-07,7.064254e-06,199.3262,-47.8540,54.4867,204.9901,IK_OK
G0089,R1,-13.5000,-47.2500,47.2500,-9.536743e-07,0.000000e+00,9.536743e-07,7.064254e-06,199.3262,-47.8540,54.4867,204.9901,IK_OK
G0089,R2,13.5000,-47.2500,47.2500,9.536743e-07,0.000000e+00,9.536743e-07,7.064254e-06,199.3262,47.8540,54.4867,204.9901,IK_OK
G0089,R3,-13.5000,-47.2500,47.2500,-9.536743e-07,0.000000e+00,9.536743e-07,7.064254e-06,199.3262,-47.8540,54.4867,204.9901,IK_OK
G0089,L1,-13.5000,-47.2500,47.2500,-9.536743e-07,0.000000e+00,9.536743e-07,7.064254e-06,199.3262,-47.8540,54.4867,204.9901,IK_OK
G0089,L2,13.5000,-47.2500,47.2500,9.536743e-07,0.000000e+00,9.536743e-07,7.064254e-06,199.3262,47.8540,54.4867,204.9901,IK_OK
G0089,L3,-13.5000,-47.2500,47.2500,-9.536743e-07,0.000000e+00,9.536743e-07,7.064254e-06,199.3262,-47.8540,54.4867,204.9901,IK_OK
G0090,R1,13.5000,-47.2500,47.2500,9.536743e-07,0.000000e+00,9.536743e-07,7.064254e-06,199.3262,47.8540,54.4867,204.9901,IK_OK
G0090,R2,-13.5000,-20.2500,47.2500,-9.536743e-07,0.000000e+00,9.536743e-07,7.064254e-06,206.1052,-49.4815,-25.4479,211.9617,IK_OK
G0090,R3,13.5000,-47.2500,47.2500,9.536743e-07,0.000000e+00,9.536743e-07,7.064254e-06,199.3262,47.8540,54.4867,204.9901,IK_OK
G0090,L1,13.5000,-20.2500,47.2500,9.536743e-07,0.000000e+00,9.536743e-07,7.064254e-06,206.1052,49.4815,-25.4479,211.9617,IK_OK
G0090,L2,-13.5000,-47.2500,47.2500,-9.536743e-07,0.000000e+00,9.536743e-07,7.064254e-06,199.3262,-47.8540,54.4867,204.9901,IK_OK
G0090,L3,13.5000,-20.2500,47.2500,9.536743e-07,0.000000e+00,9.536743e-07,7.064254e-06,206.1052,49.4815,-25.4479,211.9617,IK_OK
G0091,R1,13.5000,-47.2500,47.2500,9.536743e-07,0.000000e+00,9.536743e-07,7.064254e-06,199.3262,47.8540,54.4867,204.9901,IK_OK
G0091,R2,-13.5000,-47.2500,47.2500,-9.536743e-07,0.000000e+00,9.536743e-07,7.064254e-06,199.3262,-47.8540,54.4867,204.9901,IK_OK
G0091,R3,13.5000,-47.2500,47.2500,9.536743e-07,0.000000e+00,9.536743e-07,7.064254e-06,199.3262,47.8540,54.4867,204.9901,IK_OK
G0091,L1,13.5000,-47.2500,47.2500,9.536743e-07,0.000000e+00,9.536743e-07,7.064254e-06,199.3262,47.8540,54.4867,204.9901,IK_OK
G0091,L2,-13.5000,-47.2500,47.2500,-9.536743e-07,0.000000e+00,9.536743e-07,7.064254e-06,199.3262,-47.8540,54.4867,204.9901,IK_OK
G0091,L3,13.5000,-47.2500,47.2500,9.536743e-07,0.000000e+00,9.536743e-07,7.064254e-06,199.3262,47.8540,54.4867,204.9901,IK_OK
G0092,R1,13.5000,-20.2500,47.2500,9.536743e-07,0.000000e+00,9.536743e-07,7.064254e-06,206.1052,49.4815,-25.4479,211.9617,IK_OK
G0092,R2,-13.5000,-47.2500,47.2500,-9.536743e-07,0.000000e+00,9.536743e-07,7.064254e-06,199.3262,-47.8540,54.4867,204.9901,IK_OK
G0092,R3,13.5000,-20.2500,47.2500,9.536743e-07,0.000000e+00,9.536743e-07,7.064254e-06,206.1052,49.4815,-25.4479,211.9617,IK_OK
G0092,L1,-13.5000,-47.2500,47.2500,-9.536743e-07,0.000000e+00,9.536743e-07,7.064254e-06,199.3262,-47.8540,54.4867,204.9901,IK_OK
G0092,L2,13.5000,-20.2500,47.2500,9.536743e-07,0.000000e+00,9.536743e-07,7.064254e-06,206.1052,49.4815,-25.4479,211.9617,IK_OK
G0092,L3,-13.5000,-47.2500,47.2500,-9.536743e-07,0.000000e+00,9.536743e-07,7.064254e-06,199.3262,-47.8540,54.4867,204.9901,IK_OK
G0093,R1,13.5000,-47.2500,47.2500,9.536743e-07,0.000000e+00,9.536743e-07,7.064254e-06,199.3262,47.8540,54.4867,204.9901,IK_OK
G0093,R2,-13.5000,-47.2500,47.2500,-9.536743e-07,0.000000e+00,9.536743e-07,7.064254e-06,199.3262,-47.8540,54.4867,204.9901,IK_OK
G0093,R3,13.5000,-47.2500,47.2500,9.536743e-07,0.000000e+00,9.536743e-07,7.064254e-06,199.3262,47.8540,54.4867,204.9901,IK_OK
G0093,L1,-13.5000,-47.2500,47.2500,-9.536743e-07,0.000000e+00,9.536743e-07,7.064254e-06,199.3262,-47.8540,54.4867,204.9901,IK_OK
G0093,L2,13.5000,-47.2500,47.2500,9.536743e-07,0.000000e+00,9.536743e-07,7.064254e-06,199.3262,47.8540,54.4867,204.9901,IK_OK
G0093,L3,-13.5000,-47.2500,47.2500,-9.536743e-07,0.000000e+00,9.536743e-07,7.064254e-06,199.3262,-47.8540,54.4867,204.9901,IK_OK
G0094,R1,-13.5000,-47.2500,47.2500,-9.536743e-07,0.000000e+00,9.536743e-07,7.064254e-06,199.3262,-47.8540,54.4867,204.9901,IK_OK
G0094,R2,13.5000,-20.2500,47.2500,9.536743e-07,0.000000e+00,9.536743e-07,7.064254e-06,206.1052,49.4815,-25.4479,211.9617,IK_OK
G0094,R3,-13.5000,-47.2500,47.2500,-9.536743e-07,0.000000e+00,9.536743e-07,7.064254e-06,199.3262,-47.8540,54.4867,204.9901,IK_OK
G0094,L1,13.5000,-20.2500,47.2500,9.536743e-07,0.000000e+00,9.536743e-07,7.064254e-06,206.1052,49.4815,-25.4479,211.9617,IK_OK
G0094,L2,-13.5000,-47.2500,47.2500,-9.536743e-07,0.000000e+00,9.536743e-07,7.064254e-06,199.3262,-47.8540,54.4867,204.9901,IK_OK
G0094,L3,13.5000,-20.2500,47.2500,9.536743e-07,0.000000e+00,9.536743e-07,7.064254e-06,206.1052,49.4815,-25.4479,211.9617,IK_OK
G0095,R1,-13.5000,-47.2500,47.2500,-9.536743e-07,0.000000e+00,9.536743e-07,7.064254e-06,199.3262,-47.8540,54.4867,204.9901,IK_OK
G0095,R2,13.5000,-47.2500,47.2500,9.536743e-07,0.000000e+00,9.536743e-07,7.064254e-06,199.3262,47.8540,54.4867,204.9901,IK_OK
G0095,R3,-13.5000,-47.2500,47.2500,-9.536743e-07,0.000000e+00,9.536743e-07,7.064254e-06,199.3262,-47.8540,54.4867,204.9901,IK_OK
G0095,L1,13.5000,-47.2500,47.2500,9.536743e-07,0.000000e+00,9.536743e-07,7.064254e-06,199.3262,47.8540,54.4867,204.9901,IK_OK
G0095,L2,-13.5000,-47.2500,47.2500,-9.536743e-07,0.000000e+00,9.536743e-07,7.064254e-06,199.3262,-47.8540,54.4867,204.9901,IK_OK
G0095,L3,13.5000,-47.2500,47.2500,9.536743e-07,0.000000e+00,9.536743e-07,7.064254e-06,199.3262,47.8540,54.4867,204.9901,IK_OK
G0096,R1,-13.5000,-20.2500,47.2500,-9.536743e-07,0.000000e+00,9.536743e-07,7.064254e-06,206.1052,-49.4815,-25.4479,211.9617,IK_OK
G0096,R2,13.5000,-47.2500,47.2500,9.536743e-07,0.000000e+00,9.536743e-07,7.064254e-06,199.3262,47.8540,54.4867,204.9901,IK_OK
G0096,R3,-13.5000,-20.2500,47.2500,-9.536743e-07,0.000000e+00,9.536743e-07,7.064254e-06,206.1052,-49.4815,-25.4479,211.9617,IK_OK
G0096,L1,13.5000,-47.2500,47.2500,9.536743e-07,0.000000e+00,9.536743e-07,7.064254e-06,199.3262,47.8540,54.4867,204.9901,IK_OK
G0096,L2,-13.5000,-20.2500,47.2500,-9.536743e-07,0.000000e+00,9.536743e-07,7.064254e-06,206.1052,-49.4815,-25.4479,211.9617,IK_OK
G0096,L3,13.5000,-47.2500,47.2500,9.536743e-07,0.000000e+00,9.536743e-07,7.064254e-06,199.3262,47.8540,54.4867,204.9901,IK_OK
G0097,R1,-13.5000,-47.2500,47.2500,-9.536743e-07,0.000000e+00,9.536743e-07,7.064254e-06,199.3262,-47.8540,54.4867,204.9901,IK_OK
G0097,R2,13.5000,-47.2500,47.2500,9.536743e-07,0.000000e+00,9.536743e-07,7.064254e-06,199.3262,47.8540,54.4867,204.9901,IK_OK
G0097,R3,-13.5000,-47.2500,47.2500,-9.536743e-07,0.000000e+00,9.536743e-07,7.064254e-06,199.3262,-47.8540,54.4867,204.9901,IK_OK
G0097,L1,13.5000,-47.2500,47.2500,9.536743e-07,0.000000e+00,9.536743e-07,7.064254e-06,199.3262,47.8540,54.4867,204.9901,IK_OK
G0097,L2,-13.5000,-47.2500,47.2500,-9.536743e-07,0.000000e+00,9.536743e-07,7.064254e-06,199.3262,-47.8540,54.4867,204.9901,IK_OK
G0097,L3,13.5000,-47.2500,47.2500,9.536743e-07,0.000000e+00,9.536743e-07,7.064254e-06,199.3262,47.8540,54.4867,204.9901,IK_OK
G0098,R1,13.5000,-47.2500,47.2500,9.536743e-07,0.000000e+00,9.536743e-07,7.064254e-06,199.3262,47.8540,54.4867,204.9901,IK_OK
G0098,R2,-13.5000,-20.2500,47.2500,-9.536743e-07,0.000000e+00,9.536743e-07,7.064254e-06,206.1052,-49.4815,-25.4479,211.9617,IK_OK
G0098,R3,13.5000,-47.2500,47.2500,9.536743e-07,0.000000e+00,9.536743e-07,7.064254e-06,199.3262,47.8540,54.4867,204.9901,IK_OK
G0098,L1,-13.5000,-20.2500,47.2500,-9.536743e-07,0.000000e+00,9.536743e-07,7.064254e-06,206.1052,-49.4815,-25.4479,211.9617,IK_OK
G0098,L2,13.5000,-47.2500,47.2500,9.536743e-07,0.000000e+00,9.536743e-07,7.064254e-06,199.3262,47.8540,54.4867,204.9901,IK_OK
G0098,L3,-13.5000,-20.2500,47.2500,-9.536743e-07,0.000000e+00,9.536743e-07,7.064254e-06,206.1052,-49.4815,-25.4479,211.9617,IK_OK
G0099,R1,13.5000,-47.2500,47.2500,9.536743e-07,0.000000e+00,9.536743e-07,7.064254e-06,199.3262,47.8540,54.4867,204.9901,IK_OK
G0099,R2,-13.5000,-47.2500,47.2500,-9.536743e-07,0.000000e+00,9.536743e-07,7.064254e-06,199.3262,-47.8540,54.4867,204.9901,IK_OK
G0099,R3,13.5000,-47.2500,47.2500,9.536743e-07,0.000000e+00,9.536743e-07,7.064254e-06,199.3262,47.8540,54.4867,204.9901,IK_OK
G0099,L1,-13.5000,-47.2500,47.2500,-9.536743e-07,0.000000e+00,9.536743e-07,7.064254e-06,199.3262,-47.8540,54.4867,204.9901,IK_OK
G0099,L2,13.5000,-47.2500,47.2500,9.536743e-07,0.000000e+00,9.536743e-07,7.064254e-06,199.3262,47.8540,54.4867,204.9901,IK_OK
G0099,L3,-13.5000,-47.2500,47.2500,-9.536743e-07,0.000000e+00,9.536743e-07,7.064254e-06,199.3262,-47.8540,54.4867,204.9901,IK_OK
G0100,R1,-47.2500,0.0000,67.5000,0.000000e+00,3.814697e-06,3.814697e-06,2.825702e-05,108.1323,-116.9768,-104.0502,159.2990,IK_OK
G0100,R2,0.0000,27.0000,67.5000,0.000000e+00,0.000000e+00,0.000000e+00,0.000000e+00,99.2764,0.0000,-145.9620,99.2764,IK_OK
G0100,R3,47.2500,0.0000,67.5000,0.000000e+00,3.814697e-06,3.814697e-06,2.825702e-05,108.1323,116.9768,-104.0502,159.2990,IK_OK
G0100,L1,47.2500,27.0000,67.5000,-3.814697e-06,0.000000e+00,3.814697e-06,2.825702e-05,67.3889,72.9009,-145.9620,99.2764,IK_OK
G0100,L2,0.0000,27.0000,114.7500,0.000000e+00,-7.629395e-06,7.629395e-06,5.651403e-05,19.6679,0.0000,-103.4104,19.6679,IK_OK
G0100,L3,-47.2500,27.0000,67.5000,3.814697e-06,0.000000e+00,3.814697e-06,2.825702e-05,67.3889,-72.9009,-145.9620,99.2764,IK_OK
G0101,R1,-47.2500,0.0000,67.5000,0.000000e+00,3.814697e-06,3.814697e-06,2.825702e-05,108.1323,-116.9768,-104.0502,159.2990,IK_OK
G0101,R2,0.0000,27.0000,114.7500,0.000000e+00,-7.629395e-06,7.629395e-06,5.651403e-05,19.6679,0.0000,-103.4104,19.6679,IK_OK
G0101,R3,47.2500,0.0000,67.5000,0.000000e+00,3.814697e-06,3.814697e-06,2.825702e-05,108.1323,116.9768,-104.0502,159.2990,IK_OK
G0101,L1,47.2500,0.0000,67.5000,0.000000e+00,3.814697e-06,3.814697e-06,2.825702e-05,108.1323,116.9768,-104.0502,159.2990,IK_OK
G0101,L2,0.0000,27.0000,114.7500,0.000000e+00,-7.629395e-06,7.629395e-06,5.651403e-05,19.6679,0.0000,-103.4104,19.6679,IK_OK
G0101,L3,-47.2500,0.0000,67.5000,0.000000e+00,3.814697e-06,3.814697e-06,2.825702e-05,108.1323,-116.9768,-104.0502,159.2990,IK_OK
G0102,R1,-47.2500,27.0000,67.5000,3.814697e-06,0.000000e+00,3.814697e-06,2.825702e-05,67.3889,-72.9009,-145.9620,99.2764,IK_OK
G0102,R2,0.0000,0.0000,67.5000,0.000000e+00,3.814697e-06,3.814697e-06,2.825702e-05,159.2990,0.0000,-104.0502,159.2990,IK_OK
G0102,R3,47.2500,27.0000,67.5000,-3.814697e-06,0.000000e+00,3.814697e-06,2.825702e-05,67.3889,72.9009,-145.9620,99.2764,IK_OK
G0102,L1,47.2500,27.0000,114.7500,0.000000e+00,-7.629395e-06,7.629395e-06,5.651403e-05,13.3506,14.4425,-103.4104,19.6679,IK_OK
G0102,L2,0.0000,27.0000,67.5000,0.000000e+00,0.000000e+00,0.000000e+00,0.000000e+00,99.2764,0.0000,-145.9620,99.2764,IK_OK
G0102,L3,-47.2500,27.0000,114.7500,0.000000e+00,-7.629395e-06,7.629395e-06,5.651403e-05,13.3506,-14.4425,-103.4104,19.6679,IK_OK
G0103,R1,-47.2500,27.0000,114.7500,0.000000e+00,-7.629395e-06,7.629395e-06,5.651403e-05,13.3506,-14.4425,-103.4104,19.6679,IK_OK
G0103,R2,0.0000,0.0000,67.5000,0.000000e+00,3.814697e-06,3.814697e-06,2.825702e-05,159.2990,0.0000,-104.0502,159.2990,IK_OK
G0103,R3,47.2500,27.0000,114.7500,0.000000e+00,-7.629395e-06,7.629395e-06,5.651403e-05,13.3506,14.4425,-103.4104,19.6679,IK_OK
G0103,L1,47.2500,27.0000,114.7500,0.000000e+00,-7.629395e-06,7.629395e-06,5.651403e-05,13.3506,14.4425,-103.4104,19.6679,IK_OK
G0103,L2,0.0000,0.0000,67.5000,0.000000e+00,3.814697e-06,3.814697e-06,2.825702e-05,159.2990,0.0000,-104.0502,159.2990,IK_OK
G0103,L3,-47.2500,27.0000,114.7500,0.000000e+00,-7.629395e-06,7.629395e-06,5.651403e-05,13.3506,-14.4425,-103.4104,19.6679,IK_OK
G0104,R1,-47.2500,27.0000,114.7500,0.000000e+00,-7.629395e-06,7.629395e-06,5.651403e-05,13.3506,-14.4425,-103.4104,19.6679,IK_OK
G0104,R2,0.0000,27.0000,67.5000,0.000000e+00,0.000000e+00,0.000000e+00,0.000000e+00,99.2764,0.0000,-145.9620,99.2764,IK_OK
G0104,R3,47.2500,27.0000,114.7500,0.000000e+00,-7.629395e-06,7.629395e-06,5.651403e-05,13.3506,14.4425,-103.4104,19.6679,IK_OK
G0104,L1,47.2500,27.0000,67.5000,-3.814697e-06,0.000000e+00,3.814697e-06,2.825702e-05,67.3889,72.9009,-145.9620,99.2764,IK_OK
G0104,L2,0.0000,0.0000,67.5000,0.000000e+00,3.814697e-06,3.814697e-06,2.825702e-05,159.2990,0.0000,-104.0502,159.2990,IK_OK
G0104,L3,-47.2500,27.0000,67.5000,3.814697e-06,0.000000e+00,3.814697e-06,2.825702e-05,67.3889,-72.9009,-145.9620,99.2764,IK_OK
G0105,R1,-47.2500,27.0000,114.7500,0.000000e+00,-7.629395e-06,7.629395e-06,5.651403e-05,13.3506,-14.4425,-103.4104,19.6679,IK_OK
G0105,R2,0.0000,0.0000,67.5000,0.000000e+00,3.814697e-06,3.814697e-06,2.825702e-05,159.2990,0.0000,-104.0502,159.2990,IK_OK
G0105,R3,47.2500,27.0000,114.7500,0.000000e+00,-7.629395e-06,7.629395e-06,5.651403e-05,13.3506,14.4425,-103.4104,19.6679,IK_OK
G0105,L1,47.2500,27.0000,114.7500,0.000000e+00,-7.629395e-06,7.629395e-06,5.651403e-05,13.3506,14.4425,-103.4104,19.6679,IK_OK
G0105,L2,0.0000,0.0000,67.5000,0.000000e+00,3.814697e-06,3.814697e-06,2.825702e-05,159.2990,0.0000,-104.0502,159.2990,IK_OK
G0105,L3,-47.2500,27.0000,114.7500,0.000000e+00,-7.629395e-06,7.629395e-06,5.651403e-05,13.3506,-14.4425,-103.4104,19.6679,IK_OK
G0106,R1,-47.2500,27.0000,67.5000,3.814697e-06,0.000000e+00,3.814697e-06,2.825702e-05,67.3889,-72.9009,-145.9620,99.2764,IK_OK
G0106,R2,0.0000,27.0000,114.7500,0.000000e+00,-7.629395e-06,7.629395e-06,5.651403e-05,19.6679,0.0000,-103.4104,19.6679,IK_OK
G0106,R3,47.2500,27.0000,67.5000,-3.814697e-06,0.000000e+00,3.814697e-06,2.825702e-05,67.3889,72.9009,-145.9620,99.2764,IK_OK
G0106,L1,47.2500,0.0000,67.5000,0.000000e+00,3.814697e-06,3.814697e-06,2.825702e-05,108.1323,116.9768,-104.0502,159.2990,IK_OK
G0106,L2,0.0000,27.0000,67.5000,0.000000e+00,0.000000e+00,0.000000e+00,0.000000e+00,99.2764,0.0000,-145.9620,99.2764,IK_OK
G0106,L3,-47.2500,0.0000,67.5000,0.000000e+00,3.814697e-06,3.814697e-06,2.825702e-05,108.1323,-116.9768,-104.0502,159.2990,IK_OK
G0107,R1,-47.2500,0.0000,67.5000,0.000000e+00,3.814697e-06,3.814697e-06,2.825702e-05,108.1323,-116.9768,-104.0502,159.2990,IK_OK
G0107,R2,0.0000,27.0000,114.7500,0.000000e+00,-7.629395e-06,7.629395e-06,5.651403e-05,19.6679,0.0000,-103.4104,19.6679,IK_OK
G0107,R3,47.2500,0.0000,67.5000,0.000000e+00,3.814697e-06,3.814697e-06,2.825702e-05,108.1323,116.9768,-104.0502,159.2990,IK_OK
G0107,L1,47.2500,0.0000,67.5000,0.000000e+00,3.814697e-06,3.814697e-06,2.825702e-05,108.1323,116.9768,-104.0502,159.2990,IK_OK
G0107,L2,0.0000,27.0000,114.7500,0.000000e+00,-7.629395e-06,7.629395e-06,5.651403e-05,19.6679,0.0000,-103.4104,19.6679,IK_OK
G0107,L3,-47.2500,0.0000,67.5000,0.000000e+00,3.814697e-06,3.814697e-06,2.825702e-05,108.1323,-116.9768,-104.0502,159.2990,IK_OK
G0108,R1,-47.2500,0.0000,67.5000,0.000000e+00,3.814697e-06,3.814697e-06,2.825702e-05,108.1323,-116.9768,-104.0502,159.2990,IK_OK
G0108,R2,0.0000,27.0000,67.5000,0.000000e+00,0.000000e+00,0.000000e+00,0.000000e+00,99.2764,0.0000,-145.9620,99.2764,IK_OK
G0108,R3,47.2500,0.0000,67.5000,0.000000e+00,3.814697e-06,3.814697e-06,2.825702e-05,108.1323,116.9768,-104.0502,159.2990,IK_OK
G0108,L1,47.2500,27.0000,67.5000,-3.814697e-06,0.000000e+00,3.814697e-06,2.825702e-05,67.3889,72.9009,-145.9620,99.2764,IK_OK
G0108,L2,0.0000,27.0000,114.7500,0.000000e+00,-7.629395e-06,7.629395e-06,5.651403e-05,19.6679,0.0000,-103.4104,19.6679,IK_OK
G0108,L3,-47.2500,27.0000,67.5000,3.814697e-06,0.000000e+00,3.814697e-06,2.825702e-05,67.3889,-72.9009,-145.9620,99.2764,IK_OK
G0109,R1,-47.2500,0.0000,67.5000,0.000000e+00,3.814697e-06,3.814697e-06,2.825702e-05,108.1323,-116.9768,-104.0502,159.2990,IK_OK
G0109,R2,0.0000,27.0000,114.7500,0.000000e+00,-7.629395e-06,7.629395e-06,5.651403e-05,19.6679,0.0000,-103.4104,19.6679,IK_OK
G0109,R3,47.2500,0.0000,67.5000,0.000000e+00,3.814697e-06,3.814697e-06,2.825702e-05,108.1323,116.9768,-104.0502,159.2990,IK_OK
G0109,L1,47.2500,0.0000,67.5000,0.000000e+00,3.814697e-06,3.814697e-06,2.825702e-05,108.1323,116.9768,-104.0502,159.2990,IK_OK
G0109,L2,0.0000,27.0000,114.7500,0.000000e+00,-7.629395e-06,7.629395e-06,5.651403e-05,19.6679,0.0000,-103.4104,19.6679,IK_OK
G0109,L3,-47.2500,0.0000,67.5000,0.000000e+00,3.814697e-06,3.814697e-06,2.825702e-05,108.1323,-116.9768,-104.0502,159.2990,IK_OK
G0110,R1,-47.2500,27.0000,67.5000,3.814697e-06,0.000000e+00,3.814697e-06,2.825702e-05,67.3889,-72.9009,-145.9620,99.2764,IK_OK
G0110,R2,0.0000,0.0000,67.5000,0.000000e+00,3.814697e-06,3.814697e-06,2.825702e-05,159.2990,0.0000,-104.0502,159.2990,IK_OK
G0110,R3,47.2500,27.0000,67.5000,-3.814697e-06,0.000000e+00,3.814697e-06,2.825702e-05,67.3889,72.9009,-145.9620,99.2764,IK_OK
G0110,L1,47.2500,27.0000,114.7500,0.000000e+00,-7.629395e-06,7.629395e-06,5.651403e-05,13.3506,14.4425,-103.4104,19.6679,IK_OK
G0110,L2,0.0000,27.0000,67.5000,0.000000e+00,0.000000e+00,0.000000e+00,0.000000e+00,99.2764,0.0000,-145.9620,99.2764,IK_OK
G0110,L3,-47.2500,27.0000,114.7500,0.000000e+00,-7.629395e-06,7.629395e-06,5.651403e-05,13.3506,-14.4425,-103.4104,19.6679,IK_OK
G0111,R1,-47.2500,27.0000,114.7500,0.000000e+00,-7.629395e-06,7.629395e-06,5.651403e-05,13.3506,-14.4425,-103.4104,19.6679,IK_OK
G0111,R2,0.0000,0.0000,67.5000,0.000000e+00,3.814697e-06,3.814697e-06,2.825702e-05,159.2990,0.0000,-104.0502,159.2990,IK_OK
G0111,R3,47.2500,27.0000,114.7500,0.000000e+00,-7.629395e-06,7.629395e-06,5.651403e-05,13.3506,14.4425,-103.4104,19.6679,IK_OK
G0111,L1,47.2500,27.0000,114.7500,0.000000e+00,-7.629395e-06,7.629395e-06,5.651403e-05,13.3506,14.4425,-103.4104,19.6679,IK_OK
G0111,L2,0.0000,0.0000,67.5000,0.000000e+00,3.814697e-06,3.814697e-06,2.825702e-05,159.2990,0.0000,-104.0502,159.2990,IK_OK
G0111,L3,-47.2500,27.0000,114.7500,0.000000e+00,-7.629395e-06,7.629395e-06,5.651403e-05,13.3506,-14.4425,-103.4104,19.6679,IK_OK
G0112,R1,-47.2500,27.0000,114.7500,0.000000e+00,-7.629395e-06,7.629395e-06,5.651403e-05,13.3506,-14.4425,-103.4104,19.6679,IK_OK
G0112,R2,0.0000,27.0000,67.5000,0.000000e+00,0.000000e+00,0.000000e+00,0.000000e+00,99.2764,0.0000,-145.9620,99.2764,IK_OK
G0112,R3,47.2500,27.0000,114.7500,0.000000e+00,-7.629395e-06,7.629395e-06,5.651403e-05,13.3506,14.4425,-103.4104,19.6679,IK_OK
G0112,L1,47.2500,27.0000,67.5000,-3.814697e-06,0.000000e+00,3.814697e-06,2.825702e-05,67.3889,72.9009,-145.9620,99.2764,IK_OK
G0112,L2,0.0000,0.0000,67.5000,0.000000e+00,3.814697e-06,3.814697e-06,2.825702e-05,159.2990,0.0000,-104.0502,159.2990,IK_OK
G0112,L3,-47.2500,27.0000,67.5000,3.814697e-06,0.000000e+00,3.814697e-06,2.825702e-05,67.3889,-72.9009,-145.9620,99.2764,IK_OK
G0113,R1,-47.2500,27.0000,114.7500,0.000000e+00,-7.629395e-06,7.629395e-06,5.651403e-05,13.3506,-14.4425,-103.4104,19.6679,IK_OK
G0113,R2,0.0000,0.0000,67.5000,0.000000e+00,3.814697e-06,3.814697e-06,2.825702e-05,159.2990,0.0000,-104.0502,159.2990,IK_OK
G0113,R3,47.2500,27.0000,114.7500,0.000000e+00,-7.629395e-06,7.629395e-06,5.651403e-05,13.3506,14.4425,-103.4104,19.6679,IK_OK
G0113,L1,47.2500,27.0000,114.7500,0.000000e+00,-7.629395e-06,7.629395e-06,5.651403e-05,13.3506,14.4425,-103.4104,19.6679,IK_OK
G0113,L2,0.0000,0.0000,67.5000,0.000000e+00,3.814697e-06,3.814697e-06,2.825702e-05,159.2990,0.0000,-104.0502,159.2990,IK_OK
G0113,L3,-47.2500,27.0000,114.7500,0.000000e+00,-7.629395e-06,7.629395e-06,5.651403e-05,13.3506,-14.4425,-103.4104,19.6679,IK_OK
G0114,R1,-47.2500,27.0000,67.5000,3.814697e-06,0.000000e+00,3.814697e-06,2.825702e-05,67.3889,-72.9009,-145.9620,99.2764,IK_OK
G0114,R2,0.0000,27.0000,114.7500,0.000000e+00,-7.629395e-06,7.629395e-06,5.651403e-05,19.6679,0.0000,-103.4104,19.6679,IK_OK
G0114,R3,47.2500,27.0000,67.5000,-3.814697e-06,0.000000e+00,3.814697e-06,2.825702e-05,67.3889,72.9009,-145.9620,99.2764,IK_OK
G0114,L1,47.2500,0.0000,67.5000,0.000000e+00,3.814697e-06,3.814697e-06,2.825702e-05,108.1323,116.9768,-104.0502,159.2990,IK_OK
G0114,L2,0.0000,27.0000,67.5000,0.000000e+00,0.000000e+00,0.000000e+00,0.000000e+00,99.2764,0.0000,-145.9620,99.2764,IK_OK
G0114,L3,-47.2500,0.0000,67.5000,0.000000e+00,3.814697e-06,3.814697e-06,2.825702e-05,108.1323,-116.9768,-104.0502,159.2990,IK_OK
G0115,R1,-47.2500,0.0000,67.5000,0.000000e+00,3.814697e-06,3.814697e-06,2.825702e-05,108.1323,-116.9768,-104.0502,159.2990,IK_OK
G0115,R2,0.0000,27.0000,114.7500,0.000000e+00,-7.629395e-06,7.629395e-06,5.651403e-05,19.6679,0.0000,-103.4104,19.6679,IK_OK
G0115,R3,47.2500,0.0000,67.5000,0.000000e+00,3.814697e-06,3.814697e-06,2.825702e-05,108.1323,116.9768,-104.0502,159.2990,IK_OK
G0115,L1,47.2500,0.0000,67.5000,0.000000e+00,3.814697e-06,3.814697e-06,2.825702e-05,108.1323,116.9768,-104.0502,159.2990,IK_OK
G0115,L2,0.0000,27.0000,114.7500,0.000000e+00,-7.629395e-06,7.629395e-06,5.651403e-05,19.6679,0.0000,-103.4104,19.6679,IK_OK
G0115,L3,-47.2500,0.0000,67.5000,0.000000e+00,3.814697e-06,3.814697e-06,2.825702e-05,108.1323,-116.9768,-104.0502,159.2990,IK_OK
G0116,R1,-47.2500,0.0000,94.5000,3.814697e-06,0.000000e+00,3.814697e-06,2.825702e-05,72.8786,-78.8396,-112.2759,107.3637,IK_OK
G0116,R2,0.0000,0.0000,94.5000,0.000000e+00,0.000000e+00,0.000000e+00,0.000000e+00,107.3637,0.0000,-112.2759,107.3637,IK_OK
G0116,R3,47.2500,0.0000,94.5000,-3.814697e-06,0.000000e+00,3.814697e-06,2.825702e-05,72.8786,78.8396,-112.2759,107.3637,IK_OK
G0116,L1,47.2500,0.0000,94.5000,-3.814697e-06,0.000000e+00,3.814697e-06,2.825702e-05,72.8786,78.8396,-112.2759,107.3637,IK_OK
G0116,L2,0.0000,0.0000,94.5000,0.000000e+00,0.000000e+00,0.000000e+00,0.000000e+00,107.3637,0.0000,-112.2759,107.3637,IK_OK
G0116,L3,-47.2500,0.0000,94.5000,3.814697e-06,0.000000e+00,3.814697e-06,2.825702e-05,72.8786,-78.8396,-112.2759,107.3637,IK_OK
G0117,R1,27.0000,67.5000,67.5000,-1.525879e-05,0.000000e+00,1.525879e-05,1.130281e-04,-8.2342,-4.1955,-148.1884,-9.2414,IK_W_REFLECTED
G0117,R2,27.0000,0.0000,81.0000,1.907349e-06,3.814697e-06,3.814697e-06,2.825702e-05,119.2328,60.7522,-111.2365,133.8181,IK_OK
G0117,R3,0.0000,40.5000,135.0000,0.000000e+00,0.000000e+00,0.000000e+00,0.000000e+00,-13.8538,-0.0000,-57.0253,-13.8538,IK_W_REFLECTED
G0117,L1,-27.0000,67.5000,67.5000,0.000000e+00,0.000000e+00,0.000000e+00,0.000000e+00,-8.2342,4.1955,-148.1884,-9.2414,IK_W_REFLECTED
G0117,L2,-27.0000,0.0000,81.0000,-1.907349e-06,3.814697e-06,3.814697e-06,2.825702e-05,119.2328,-60.7522,-111.2365,133.8181,IK_OK
G0117,L3,0.0000,40.5000,135.0000,0.000000e+00,0.000000e+00,0.000000e+00,0.000000e+00,-13.8538,-0.0000,-57.0253,-13.8538,IK_W_REFLECTED
G0118,R1,0.0000,0.0000,0.0000,0.000000e+00,0.000000e+00,0.000000e+00,0.000000e+00,228.8231,0.0000,-0.0000,228.8231,IK_OK
G0118,R2,0.0000,0.0000,0.0000,0.000000e+00,0.000000e+00,0.000000e+00,0.000000e+00,228.8231,0.0000,-0.0000,228.8231,IK_OK
G0118,R3,0.0000,0.0000,0.0000,0.000000e+00,0.000000e+00,0.000000e+00,0.000000e+00,228.8231,0.0000,-0.0000,228.8231,IK_OK
G0118,L1,0.0000,0.0000,0.0000,0.000000e+00,0.000000e+00,0.000000e+00,0.000000e+00,228.8231,0.0000,-0.0000,228.8231,IK_OK
G0118,L2,0.0000,0.0000,0.0000,0.000000e+00,0.000000e+00,0.000000e+00,0.000000e+00,228.8231,0.0000,-0.0000,228.8231,IK_OK
G0118,L3,0.0000,0.0000,0.0000,0.000000e+00,0.000000e+00,0.000000e+00,0.000000e+00,228.8231,0.0000,-0.0000,228.8231,IK_OK
G0119,R1,0.0000,81.0000,-67.5000,0.000000e+00,0.000000e+00,0.000000e+00,0.000000e+00,163.1187,0.0000,-99.5778,163.1187,IK_OK
G0119,R2,0.0000,81.0000,-67.5000,0.000000e+00,0.000000e+00,0.000000e+00,0.000000e+00,163.1187,0.0000,-99.5778,163.1187,IK_OK
G0119,R3,0.0000,81.0000,-67.5000,0.000000e+00,0.000000e+00,0.000000e+00,0.000000e+00,163.1187,0.0000,-99.5778,163.1187,IK_OK
G0119,L1,0.0000,81.0000,-67.5000,0.000000e+00,0.000000e+00,0.000000e+00,0.000000e+00,163.1187,0.0000,-99.5778,163.1187,IK_OK
G0119,L2,0.0000,81.0000,-67.5000,0.000000e+00,0.000000e+00,0.000000e+00,0.000000e+00,163.1187,0.0000,-99.5778,163.1187,IK_OK
G0119,L3,0.0000,81.0000,-67.5000,0.000000e+00,0.000000e+00,0.000000e+00,0.000000e+00,163.1187,0.0000,-99.5778,163.1187,IK_OK
G0120,R1,-13.5000,40.5000,121.5000,0.000000e+00,0.000000e+00,0.000000e+00,0.000000e+00,-8.4487,2.0284,-82.9915,-8.6888,IK_W_REFLECTED
G0120,R2,-13.5000,40.5000,121.5000,0.000000e+00,0.000000e+00,0.000000e+00,0.000000e+00,-8.4487,2.0284,-82.9915,-8.6888,IK_W_REFLECTED
G0120,R3,-13.5000,40.5000,121.5000,0.000000e+00,0.000000e+00,0.000000e+00,0.000000e+00,-8.4487,2.0284,-82.9915,-8.6888,IK_W_REFLECTED
G0120,L1,-13.5000,40.5000,121.5000,0.000000e+00,0.000000e+00,0.000000e+00,0.000000e+00,-8.4487,2.0284,-82.9915,-8.6888,IK_W_REFLECTED
G0120,L2,-13.5000,40.5000,121.5000,0.000000e+00,0.000000e+00,0.000000e+00,0.000000e+00,-8.4487,2.0284,-82.9915,-8.6888,IK_W_REFLECTED
G0120,L3,-13.5000,40.5000,121.5000,0.000000e+00,0.000000e+00,0.000000e+00,0.000000e+00,-8.4487,2.0284,-82.9915,-8.6888,IK_W_REFLECTED
G0121,R1,13.5000,40.5000,121.5000,0.000000e+00,0.000000e+00,0.000000e+00,0.000000e+00,-8.4487,-2.0284,-82.9915,-8.6888,IK_W_REFLECTED
G0121,R2,13.5000,40.5000,121.5000,0.000000e+00,0.000000e+00,0.000000e+00,0.000000e+00,-8.4487,-2.0284,-82.9915,-8.6888,IK_W_REFLECTED
G0121,R3,13.5000,40.5000,121.5000,0.000000e+00,0.000000e+00,0.000000e+00,0.000000e+00,-8.4487,-2.0284,-82.9915,-8.6888,IK_W_REFLECTED
G0121,L1,13.5000,40.5000,121.5000,0.000000e+00,0.000000e+00,0.000000e+00,0.000000e+00,-8.4487,-2.0284,-82.9915,-8.6888,IK_W_REFLECTED
G0121,L2,13.5000,40.5000,121.5000,0.000000e+00,0.000000e+00,0.000000e+00,0.000000e+00,-8.4487,-2.0284,-82.9915,-8.6888,IK_W_REFLECTED
G0121,L3,13.5000,40.5000,121.5000,0.000000e+00,0.000000e+00,0.000000e+00,0.000000e+00,-8.4487,-2.0284,-82.9915,-8.6888,IK_W_REFLECTED
G0122,R1,0.0000,40.5000,121.5000,0.000000e+00,0.000000e+00,0.000000e+00,0.000000e+00,-8.6888,-0.0000,-82.9915,-8.6888,IK_W_REFLECTED
G0122,R2,0.0000,40.5000,121.5000,0.000000e+00,0.000000e+00,0.000000e+00,0.000000e+00,-8.6888,-0.0000,-82.9915,-8.6888,IK_W_REFLECTED
G0122,R3,0.0000,40.5000,121.5000,0.000000e+00,0.000000e+00,0.000000e+00,0.000000e+00,-8.6888,-0.0000,-82.9915,-8.6888,IK_W_REFLECTED
G0122,L1,0.0000,40.5000,121.5000,0.000000e+00,0.000000e+00,0.000000e+00,0.000000e+00,-8.6888,-0.0000,-82.9915,-8.6888,IK_W_REFLECTED
G0122,L2,0.0000,40.5000,121.5000,0.000000e+00,0.000000e+00,0.000000e+00,0.000000e+00,-8.6888,-0.0000,-82.9915,-8.6888,IK_W_REFLECTED
G0122,L3,0.0000,40.5000,121.5000,0.000000e+00,0.000000e+00,0.000000e+00,0.000000e+00,-8.6888,-0.0000,-82.9915,-8.6888,IK_W_REFLECTED
G0123,R1,0.0000,67.5000,67.5000,0.000000e+00,0.000000e+00,0.000000e+00,0.000000e+00,-9.2414,-0.0000,-148.1884,-9.2414,IK_W_REFLECTED
G0123,R2,13.5000,27.0000,121.5000,9.536743e-07,0.000000e+00,9.536743e-07,7.064254e-06,11.7518,2.8214,-92.5315,12.0857,IK_OK
G0123,R3,0.0000,47.2500,94.5000,0.000000e+00,3.814697e-06,3.814697e-06,2.825702e-05,3.9222,0.0000,-124.2110,3.9222,IK_OK
G0123,L1,0.0000,67.5000,67.5000,0.000000e+00,0.000000e+00,0.000000e+00,0.000000e+00,-9.2414,-0.0000,-148.1884,-9.2414,IK_W_REFLECTED
G0123,L2,-13.5000,27.0000,121.5000,-9.536743e-07,0.000000e+00,9.536743e-07,7.064254e-06,11.7518,-2.8214,-92.5315,12.0857,IK_OK
G0123,L3,0.0000,47.2500,94.5000,0.000000e+00,3.814697e-06,3.814697e-06,2.825702e-05,3.9222,0.0000,-124.2110,3.9222,IK_OK
G0124,R1,27.0000,67.5000,67.5000,-1.525879e-05,0.000000e+00,1.525879e-05,1.130281e-04,-8.2342,-4.1955,-148.1884,-9.2414,IK_W_REFLECTED
G0124,R2,27.0000,27.0000,121.5000,1.907349e-06,0.000000e+00,1.907349e-06,1.412851e-05,10.7684,5.4868,-92.5315,12.0857,IK_OK
G0124,R3,0.0000,47.2500,121.5000,0.000000e+00,-7.629395e-06,7.629395e-06,5.651403e-05,-18.0921,-0.0000,-76.4584,-18.0921,IK_W_REFLECTED
G0124,L1,-27.0000,67.5000,67.5000,0.000000e+00,0.000000e+00,0.000000e+00,0.000000e+00,-8.2342,4.1955,-148.1884,-9.2414,IK_W_REFLECTED
G0124,L2,-27.0000,27.0000,121.5000,-1.907349e-06,0.000000e+00,1.907349e-06,1.412851e-05,10.7684,-5.4868,-92.5315,12.0857,IK_OK
G0124,L3,0.0000,47.2500,121.5000,0.000000e+00,-7.629395e-06,7.629395e-06,5.651403e-05,-18.0921,-0.0000,-76.4584,-18.0921,IK_W_REFLECTED
G0125,R1,0.0000,67.5000,67.5000,0.000000e+00,0.000000e+00,0.000000e+00,0.000000e+00,-9.2414,-0.0000,-148.1884,-9.2414,IK_W_REFLECTED
G0125,R2,27.0000,27.0000,121.5000,1.907349e-06,0.000000e+00,1.907349e-06,1.412851e-05,10.7684,5.4868,-92.5315,12.0857,IK_OK
G0125,R3,0.0000,47.2500,121.5000,0.000000e+00,-7.629395e-06,7.629395e-06,5.651403e-05,-18.0921,-0.0000,-76.4584,-18.0921,IK_W_REFLECTED
G0125,L1,0.0000,67.5000,67.5000,0.000000e+00,0.000000e+00,0.000000e+00,0.000000e+00,-9.2414,-0.0000,-148.1884,-9.2414,IK_W_REFLECTED
G0125,L2,-27.0000,27.0000,121.5000,-1.907349e-06,0.000000e+00,1.907349e-06,1.412851e-05,10.7684,-5.4868,-92.5315,12.0857,IK_OK
G0125,L3,0.0000,47.2500,121.5000,0.000000e+00,-7.629395e-06,7.629395e-06,5.651403e-05,-18.0921,-0.0000,-76.4584,-18.0921,IK_W_REFLECTED
G0126,R1,27.0000,67.5000,67.5000,-1.525879e-05,0.000000e+00,1.525879e-05,1.130281e-04,-8.2342,-4.1955,-148.1884,-9.2414,IK_W_REFLECTED
G0126,R2,27.0000,27.0000,121.5000,1.907349e-06,0.000000e+00,1.907349e-06,1.412851e-05,10.7684,5.4868,-92.5315,12.0857,IK_OK
G0126,R3,0.0000,47.2500,121.5000,0.000000e+00,-7.629395e-06,7.629395e-06,5.651403e-05,-18.0921,-0.0000,-76.4584,-18.0921,IK_W_REFLECTED
G0126,L1,-27.0000,67.5000,67.5000,0.000000e+00,0.000000e+00,0.000000e+00,0.000000e+00,-8.2342,4.1955,-148.1884,-9.2414,IK_W_REFLECTED
G0126,L2,-27.0000,27.0000,121.5000,-1.907349e-06,0.000000e+00,1.907349e-06,1.412851e-05,10.7684,-5.4868,-92.5315,12.0857,IK_OK
G0126,L3,0.0000,47.2500,121.5000,0.000000e+00,-7.629395e-06,7.629395e-06,5.651403e-05,-18.0921,-0.0000,-76.4584,-18.0921,IK_W_REFLECTED
G0127,R1,0.0000,67.5000,67.5000,0.000000e+00,0.000000e+00,0.000000e+00,0.000000e+00,-9.2414,-0.0000,-148.1884,-9.2414,IK_W_REFLECTED
G0127,R2,27.0000,27.0000,121.5000,1.907349e-06,0.000000e+00,1.907349e-06,1.412851e-05,10.7684,5.4868,-92.5315,12.0857,IK_OK
G0127,R3,0.0000,47.2500,121.5000,0.000000e+00,-7.629395e-06,7.629395e-06,5.651403e-05,-18.0921,-0.0000,-76.4584,-18.0921,IK_W_REFLECTED
G0127,L1,0.0000,67.5000,67.5000,0.000000e+00,0.000000e+00,0.000000e+00,0.000000e+00,-9.2414,-0.0000,-148.1884,-9.2414,IK_W_REFLECTED
G0127,L2,-27.0000,27.0000,121.5000,-1.907349e-06,0.000000e+00,1.907349e-06,1.412851e-05,10.7684,-5.4868,-92.5315,12.0857,IK_OK
G0127,L3,0.0000,47.2500,121.5000,0.000000e+00,-7.629395e-06,7.629395e-06,5.651403e-05,-18.0921,-0.0000,-76.4584,-18.0921,IK_W_REFLECTED
G0128,R1,27.0000,67.5000,67.5000,-1.525879e-05,0.000000e+00,1.525879e-05,1.130281e-04,-8.2342,-4.1955,-148.1884,-9.2414,IK_W_REFLECTED
G0128,R2,27.0000,27.0000,121.5000,1.907349e-06,0.000000e+00,1.907349e-06,1.412851e-05,10.7684,5.4868,-92.5315,12.0857,IK_OK
G0128,R3,0.0000,47.2500,121.5000,0.000000e+00,-7.629395e-06,7.629395e-06,5.651403e-05,-18.0921,-0.0000,-76.4584,-18.0921,IK_W_REFLECTED
G0128,L1,-27.0000,67.5000,67.5000,0.000000e+00,0.000000e+00,0.000000e+00,0.000000e+00,-8.2342,4.1955,-148.1884,-9.2414,IK_W_REFLECTED
G0128,L2,-27.0000,27.0000,121.5000,-1.907349e-06,0.000000e+00,1.907349e-06,1.412851e-05,10.7684,-5.4868,-92.5315,12.0857,IK_OK
G0128,L3,0.0000,47.2500,121.5000,0.000000e+00,-7.629395e-06,7.629395e-06,5.651403e-05,-18.0921,-0.0000,-76.4584,-18.0921,IK_W_REFLECTED
G0129,R1,0.0000,67.5000,67.5000,0.000000e+00,0.000000e+00,0.000000e+00,0.000000e+00,-9.2414,-0.0000,-148.1884,-9.2414,IK_W_REFLECTED
G0129,R2,27.0000,27.0000,121.5000,1.907349e-06,0.000000e+00,1.907349e-06,1.412851e-05,10.7684,5.4868,-92.5315,12.0857,IK_OK
G0129,R3,0.0000,47.2500,121.5000,0.000000e+00,-7.629395e-06,7.629395e-06,5.651403e-05,-18.0921,-0.0000,-76.4584,-18.0921,IK_W_REFLECTED
G0129,L1,0.0000,67.5000,67.5000,0.000000e+00,0.000000e+00,0.000000e+00,0.000000e+00,-9.2414,-0.0000,-148.1884,-9.2414,IK_W_REFLECTED
G0129,L2,-27.0000,27.0000,121.5000,-1.907349e-06,0.000000e+00,1.907349e-06,1.412851e-05,10.7684,-5.4868,-92.5315,12.0857,IK_OK
G0129,L3,0.0000,47.2500,121.5000,0.000000e+00,-7.629395e-06,7.629395e-06,5.651403e-05,-18.0921,-0.0000,-76.4584,-18.0921,IK_W_REFLECTED
G0130,R1,40.5000,67.5000,67.5000,0.000000e+00,0.000000e+00,0.000000e+00,0.000000e+00,-7.0272,-6.0018,-148.1884,-9.2414,IK_W_REFLECTED
G0130,R2,27.0000,27.0000,121.5000,1.907349e-06,0.000000e+00,1.907349e-06,1.412851e-05,10.7684,5.4868,-92.5315,12.0857,IK_OK
G0130,R3,0.0000,47.2500,121.5000,0.000000e+00,-7.629395e-06,7.629395e-06,5.651403e-05,-18.0921,-0.0000,-76.4584,-18.0921,IK_W_REFLECTED
G0130,L1,-40.5000,67.5000,67.5000,0.000000e+00,0.000000e+00,0.000000e+00,0.000000e+00,-7.0272,6.0018,-148.1884,-9.2414,IK_W_REFLECTED
G0130,L2,-27.0000,27.0000,121.5000,-1.907349e-06,0.000000e+00,1.907349e-06,1.412851e-05,10.7684,-5.4868,-92.5315,12.0857,IK_OK
G0130,L3,0.0000,47.2500,121.5000,0.000000e+00,-7.629395e-06,7.629395e-06,5.651403e-05,-18.0921,-0.0000,-76.4584,-18.0921,IK_W_REFLECTED
G0131,R1,40.5000,67.5000,0.0000,0.000000e+00,0.000000e+00,0.000000e+00,0.000000e+00,86.3016,73.7085,-172.6020,113.4941,IK_OK
G0131,R2,27.0000,27.0000,121.5000,1.907349e-06,0.000000e+00,1.907349e-06,1.412851e-05,10.7684,5.4868,-92.5315,12.0857,IK_OK
G0131,R3,0.0000,47.2500,121.5000,0.000000e+00,-7.629395e-06,7.629395e-06,5.651403e-05,-18.0921,-0.0000,-76.4584,-18.0921,IK_W_REFLECTED
G0131,L1,-40.5000,67.5000,0.0000,0.000000e+00,0.000000e+00,0.000000e+00,0.000000e+00,86.3016,-73.7085,-172.6020,113.4941,IK_OK
G0131,L2,-27.0000,27.0000,121.5000,-1.907349e-06,0.000000e+00,1.907349e-06,1.412851e-05,10.7684,-5.4868,-92.5315,12.0857,IK_OK
G0131,L3,0.0000,47.2500,121.5000,0.000000e+00,-7.629395e-06,7.629395e-06,5.651403e-05,-18.0921,-0.0000,-76.4584,-18.0921,IK_W_REFLECTED
G0132,R1,40.5000,67.5000,67.5000,0.000000e+00,0.000000e+00,0.000000e+00,0.000000e+00,-7.0272,-6.0018,-148.1884,-9.2414,IK_W_REFLECTED
G0132,R2,54.0000,27.0000,121.5000,0.000000e+00,0.000000e+00,0.000000e+00,0.000000e+00,7.1038,9.7775,-92.5315,12.0857,IK_OK
G0132,R3,0.0000,47.2500,121.5000,0.000000e+00,-7.629395e-06,7.629395e-06,5.651403e-05,-18.0921,-0.0000,-76.4584,-18.0921,IK_W_REFLECTED
G0132,L1,-40.5000,67.5000,67.5000,0.000000e+00,0.000000e+00,0.000000e+00,0.000000e+00,-7.0272,6.0018,-148.1884,-9.2414,IK_W_REFLECTED
G0132,L2,-54.0000,27.0000,121.5000,0.000000e+00,0.000000e+00,0.000000e+00,0.000000e+00,7.1038,-9.7775,-92.5315,12.0857,IK_OK
G0132,L3,0.0000,47.2500,121.5000,0.000000e+00,-7.629395e-06,7.629395e-06,5.651403e-05,-18.0921,-0.0000,-76.4584,-18.0921,IK_W_REFLECTED
G0133,R1,40.5000,67.5000,67.5000,0.000000e+00,0.000000e+00,0.000000e+00,0.000000e+00,-7.0272,-6.0018,-148.1884,-9.2414,IK_W_REFLECTED
G0133,R2,54.0000,27.0000,121.5000,0.000000e+00,0.000000e+00,0.000000e+00,0.000000e+00,7.1038,9.7775,-92.5315,12.0857,IK_OK
G0133,R3,0.0000,47.2500,121.5000,0.000000e+00,-7.629395e-06,7.629395e-06,5.651403e-05,-18.0921,-0.0000,-76.4584,-18.0921,IK_W_REFLECTED
G0133,L1,-40.5000,67.5000,67.5000,0.000000e+00,0.000000e+00,0.000000e+00,0.000000e+00,-7.0272,6.0018,-148.1884,-9.2414,IK_W_REFLECTED
G0133,L2,-54.0000,27.0000,121.5000,0.000000e+00,0.000000e+00,0.000000e+00,0.000000e+00,7.1038,-9.7775,-92.5315,12.0857,IK_OK
G0133,L3,0.0000,47.2500,121.5000,0.000000e+00,-7.629395e-06,7.629395e-06,5.651403e-05,-18.0921,-0.0000,-76.4584,-18.0921,IK_W_REFLECTED
G0134,R1,40.5000,67.5000,0.0000,0.000000e+00,0.000000e+00,0.000000e+00,0.000000e+00,86.3016,73.7085,-172.6020,113.4941,IK_OK
G0134,R2,54.0000,27.0000,121.5000,0.000000e+00,0.000000e+00,0.000000e+00,0.000000e+00,7.1038,9.7775,-92.5315,12.0857,IK_OK
G0134,R3,0.0000,47.2500,121.5000,0.000000e+00,-7.629395e-06,7.629395e-06,5.651403e-05,-18.0921,-0.0000,-76.4584,-18.0921,IK_W_REFLECTED
G0134,L1,-40.5000,67.5000,0.0000,0.000000e+00,0.000000e+00,0.000000e+00,0.000000e+00,86.3016,-73.7085,-172.6020,113.4941,IK_OK
G0134,L2,-54.0000,27.0000,121.5000,0.000000e+00,0.000000e+00,0.000000e+00,0.000000e+00,7.1038,-9.7775,-92.5315,12.0857,IK_OK
G0134,L3,0.0000,47.2500,121.5000,0.000000e+00,-7.629395e-06,7.629395e-06,5.651403e-05,-18.0921,-0.0000,-76.4584,-18.0921,IK_W_REFLECTED
G0135,R1,40.5000,67.5000,67.5000,0.000000e+00,0.000000e+00,0.000000e+00,0.000000e+00,-7.0272,-6.0018,-148.1884,-9.2414,IK_W_REFLECTED
G0135,R2,54.0000,27.0000,121.5000,0.000000e+00,0.000000e+00,0.000000e+00,0.000000e+00,7.1038,9.7775,-92.5315,12.0857,IK_OK
G0135,R3,0.0000,47.2500,121.5000,0.000000e+00,-7.629395e-06,7.629395e-06,5.651403e-05,-18.0921,-0.0000,-76.4584,-18.0921,IK_W_REFLECTED
G0135,L1,-40.5000,67.5000,67.5000,0.000000e+00,0.000000e+00,0.000000e+00,0.000000e+00,-7.0272,6.0018,-148.1884,-9.2414,IK_W_REFLECTED
G0135,L2,-54.0000,27.0000,121.5000,0.000000e+00,0.000000e+00,0.000000e+00,0.000000e+00,7.1038,-9.7775,-92.5315,12.0857,IK_OK
G0135,L3,0.0000,47.2500,121.5000,0.000000e+00,-7.629395e-06,7.629395e-06,5.651403e-05,-18.0921,-0.0000,-76.4584,-18.0921,IK_W_REFLECTED
G0136,R1,40.5000,67.5000,0.0000,0.000000e+00,0.000000e+00,0.000000e+00,0.000000e+00,86.3016,73.7085,-172.6020,113.4941,IK_OK
G0136,R2,54.0000,27.0000,121.5000,0.000000e+00,0.000000e+00,0.000000e+00,0.000000e+00,7.1038,9.7775,-92.5315,12.0857,IK_OK
G0136,R3,0.0000,47.2500,121.5000,0.000000e+00,-7.629395e-06,7.629395e-06,5.651403e-05,-18.0921,-0.0000,-76.4584,-18.0921,IK_W_REFLECTED
G0136,L1,-40.5000,67.5000,0.0000,0.000000e+00,0.000000e+00,0.000000e+00,0.000000e+00,86.3016,-73.7085,-172.6020,113.4941,IK_OK
G0136,L2,-54.0000,27.0000,121.5000,0.000000e+00,0.000000e+00,0.000000e+00,0.000000e+00,7.1038,-9.7775,-92.5315,12.0857,IK_OK
G0136,L3,0.0000,47.2500,121.5000,0.000000e+00,-7.629395e-06,7.629395e-06,5.651403e-05,-18.0921,-0.0000,-76.4584,-18.0921,IK_W_REFLECTED
G0137,R1,40.5000,67.5000,67.5000,0.000000e+00,0.000000e+00,0.000000e+00,0.000000e+00,-7.0272,-6.0018,-148.1884,-9.2414,IK_W_REFLECTED
G0137,R2,54.0000,27.0000,121.5000,0.000000e+00,0.000000e+00,0.000000e+00,0.000000e+00,7.1038,9.7775,-92.5315,12.0857,IK_OK
G0137,R3,0.0000,47.2500,121.5000,0.000000e+00,-7.629395e-06,7.629395e-06,5.651403e-05,-18.0921,-0.0000,-76.4584,-18.0921,IK_W_REFLECTED
G0137,L1,-40.5000,67.5000,67.5000,0.000000e+00,0.000000e+00,0.000000e+00,0.000000e+00,-7.0272,6.0018,-148.1884,-9.2414,IK_W_REFLECTED
G0137,L2,-54.0000,27.0000,121.5000,0.000000e+00,0.000000e+00,0.000000e+00,0.000000e+00,7.1038,-9.7775,-92.5315,12.0857,IK_OK
G0137,L3,0.0000,47.2500,121.5000,0.000000e+00,-7.629395e-06,7.629395e-06,5.651403e-05,-18.0921,-0.0000,-76.4584,-18.0921,IK_W_REFLECTED
G0138,R1,40.5000,67.5000,0.0000,0.000000e+00,0.000000e+00,0.000000e+00,0.000000e+00,86.3016,73.7085,-172.6020,113.4941,IK_OK
G0138,R2,54.0000,27.0000,121.5000,0.000000e+00,0.000000e+00,0.000000e+00,0.000000e+00,7.1038,9.7775,-92.5315,12.0857,IK_OK
G0138,R3,0.0000,47.2500,121.5000,0.000000e+00,-7.629395e-06,7.629395e-06,5.651403e-05,-18.0921,-0.0000,-76.4584,-18.0921,IK_W_REFLECTED
G0138,L1,-40.5000,67.5000,0.0000,0.000000e+00,0.000000e+00,0.000000e+00,0.000000e+00,86.3016,-73.7085,-172.6020,113.4941,IK_OK
G0138,L2,-54.0000,27.0000,121.5000,0.000000e+00,0.000000e+00,0.000000e+00,0.000000e+00,7.1038,-9.7775,-92.5315,12.0857,IK_OK
G0138,L3,0.0000,47.2500,121.5000,0.000000e+00,-7.629395e-06,7.629395e-06,5.651403e-05,-18.0921,-0.0000,-76.4584,-18.0921,IK_W_REFLECTED
G0139,R1,40.5000,67.5000,67.5000,0.000000e+00,0.000000e+00,0.000000e+00,0.000000e+00,-7.0272,-6.0018,-148.1884,-9.2414,IK_W_REFLECTED
G0139,R2,54.0000,27.0000,121.5000,0.000000e+00,0.000000e+00,0.000000e+00,0.000000e+00,7.1038,9.7775,-92.5315,12.0857,IK_OK
G0139,R3,0.0000,47.2500,121.5000,0.000000e+00,-7.629395e-06,7.629395e-06,5.651403e-05,-18.0921,-0.0000,-76.4584,-18.0921,IK_W_REFLECTED
G0139,L1,-40.5000,67.5000,67.5000,0.000000e+00,0.000000e+00,0.000000e+00,0.000000e+00,-7.0272,6.0018,-148.1884,-9.2414,IK_W_REFLECTED
G0139,L2,-54.0000,27.0000,121.5000,0.000000e+00,0.000000e+00,0.000000e+00,0.000000e+00,7.1038,-9.7775,-92.5315,12.0857,IK_OK
G0139,L3,0.0000,47.2500,121.5000,0.000000e+00,-7.629395e-06,7.629395e-06,5.651403e-05,-18.0921,-0.0000,-76.4584,-18.0921,IK_W_REFLECTED
G0140,R1,13.5000,67.5000,67.5000,0.000000e+00,0.000000e+00,0.000000e+00,0.000000e+00,-8.9861,-2.1574,-148.1884,-9.2414,IK_W_REFLECTED
G0140,R2,54.0000,27.0000,121.5000,0.000000e+00,0.000000e+00,0.000000e+00,0.000000e+00,7.1038,9.7775,-92.5315,12.0857,IK_OK
G0140,R3,0.0000,47.2500,121.5000,0.000000e+00,-7.629395e-06,7.629395e-06,5.651403e-05,-18.0921,-0.0000,-76.4584,-18.0921,IK_W_REFLECTED
G0140,L1,-13.5000,67.5000,67.5000,0.000000e+00,0.000000e+00,0.000000e+00,0.000000e+00,-8.9861,2.1574,-148.1884,-9.2414,IK_W_REFLECTED
G0140,L2,-54.0000,27.0000,121.5000,0.000000e+00,0.000000e+00,0.000000e+00,0.000000e+00,7.1038,-9.7775,-92.5315,12.0857,IK_OK
G0140,L3,0.0000,47.2500,121.5000,0.000000e+00,-7.629395e-06,7.629395e-06,5.651403e-05,-18.0921,-0.0000,-76.4584,-18.0921,IK_W_REFLECTED
G0141,R1,13.5000,67.5000,121.5000,0.000000e+00,-7.629395e-06,7.629395e-06,5.651403e-05,-39.7130,-9.5342,-50.9337,-40.8414,IK_W_REFLECTED
G0141,R2,54.0000,27.0000,121.5000,0.000000e+00,0.000000e+00,0.000000e+00,0.000000e+00,7.1038,9.7775,-92.5315,12.0857,IK_OK
G0141,R3,0.0000,47.2500,121.5000,0.000000e+00,-7.629395e-06,7.629395e-06,5.651403e-05,-18.0921,-0.0000,-76.4584,-18.0921,IK_W_REFLECTED
G0141,L1,-13.5000,67.5000,121.5000,0.000000e+00,-7.629395e-06,7.629395e-06,5.651403e-05,-39.7130,9.5342,-50.9337,-40.8414,IK_W_REFLECTED
G0141,L2,-54.0000,27.0000,121.5000,0.000000e+00,0.000000e+00,0.000000e+00,0.000000e+00,7.1038,-9.7775,-92.5315,12.0857,IK_OK
G0141,L3,0.0000,47.2500,121.5000,0.000000e+00,-7.629395e-06,7.629395e-06,5.651403e-05,-18.0921,-0.0000,-76.4584,-18.0921,IK_W_REFLECTED
G0142,R1,0.0000,40.5000,121.5000,0.000000e+00,0.000000e+00,0.000000e+00,0.000000e+00,-8.6888,-0.0000,-82.9915,-8.6888,IK_W_REFLECTED
G0142,R2,0.0000,40.5000,121.5000,0.000000e+00,0.000000e+00,0.000000e+00,0.000000e+00,-8.6888,-0.0000,-82.9915,-8.6888,IK_W_REFLECTED
G0142,R3,0.0000,40.5000,121.5000,0.000000e+00,0.000000e+00,0.000000e+00,0.000000e+00,-8.6888,-0.0000,-82.9915,-8.6888,IK_W_REFLECTED
G0142,L1,0.0000,40.5000,121.5000,0.000000e+00,0.000000e+00,0.000000e+00,0.000000e+00,-8.6888,-0.0000,-82.9915,-8.6888,IK_W_REFLECTED
G0142,L2,0.0000,40.5000,121.5000,0.000000e+00,0.000000e+00,0.000000e+00,0.000000e+00,-8.6888,-0.0000,-82.9915,-8.6888,IK_W_REFLECTED
G0142,L3,0.0000,40.5000,121.5000,0.000000e+00,0.000000e+00,0.000000e+00,0.000000e+00,-8.6888,-0.0000,-82.9915,-8.6888,IK_W_REFLECTED
G0143,R1,0.0000,54.0000,121.5000,0.000000e+00,-7.629395e-06,7.629395e-06,5.651403e-05,-26.6622,-0.0000,-68.8654,-26.6623,IK_W_REFLECTED
G0143,R2,0.0000,54.0000,121.5000,0.000000e+00,-7.629395e-06,7.629395e-06,5.651403e-05,-26.6622,-0.0000,-68.8654,-26.6623,IK_W_REFLECTED
G0143,R3,0.0000,54.0000,121.5000,0.000000e+00,-7.629395e-06,7.629395e-06,5.651403e-05,-26.6622,-0.0000,-68.8654,-26.6623,IK_W_REFLECTED
G0143,L1,0.0000,54.0000,121.5000,0.000000e+00,-7.629395e-06,7.629395e-06,5.651403e-05,-26.6622,-0.0000,-68.8654,-26.6623,IK_W_REFLECTED
G0143,L2,0.0000,54.0000,121.5000,0.000000e+00,-7.629395e-06,7.629395e-06,5.651403e-05,-26.6622,-0.0000,-68.8654,-26.6623,IK_W_REFLECTED
G0143,L3,0.0000,54.0000,121.5000,0.000000e+00,-7.629395e-06,7.629395e-06,5.651403e-05,-26.6622,-0.0000,-68.8654,-26.6623,IK_W_REFLECTED
G0144,R1,47.2500,54.0000,121.5000,0.000000e+00,-7.629395e-06,7.629395e-06,5.651403e-05,-18.0984,-19.5787,-68.8654,-26.6623,IK_W_REFLECTED
G0144,R2,40.5000,0.0000,94.5000,0.000000e+00,0.000000e+00,0.000000e+00,0.000000e+00,81.6400,69.7271,-112.2759,107.3637,IK_OK
G0144,R3,0.0000,54.0000,121.5000,0.000000e+00,-7.629395e-06,7.629395e-06,5.651403e-05,-26.6622,-0.0000,-68.8654,-26.6623,IK_W_REFLECTED
G0144,L1,-47.2500,54.0000,121.5000,0.000000e+00,-7.629395e-06,7.629395e-06,5.651403e-05,-18.0984,19.5787,-68.8654,-26.6623,IK_W_REFLECTED
G0144,L2,-40.5000,0.0000,94.5000,0.000000e+00,0.000000e+00,0.000000e+00,0.000000e+00,81.6400,-69.7271,-112.2759,107.3637,IK_OK
G0144,L3,0.0000,54.0000,121.5000,0.000000e+00,-7.629395e-06,7.629395e-06,5.651403e-05,-26.6622,-0.0000,-68.8654,-26.6623,IK_W_REFLECTED
G0145,R1,47.2500,13.5000,27.0000,-3.814697e-06,-1.907349e-06,3.814697e-06,2.825702e-05,135.6170,146.7097,-90.4645,199.7891,IK_OK
G0145,R2,40.5000,0.0000,94.5000,0.000000e+00,0.000000e+00,0.000000e+00,0.000000e+00,81.6400,69.7271,-112.2759,107.3637,IK_OK
G0145,R3,0.0000,54.0000,121.5000,0.000000e+00,-7.629395e-06,7.629395e-06,5.651403e-05,-26.6622,-0.0000,-68.8654,-26.6623,IK_W_REFLECTED
G0145,L1,-47.2500,13.5000,27.0000,3.814697e-06,-1.907349e-06,3.814697e-06,2.825702e-05,135.6170,-146.7097,-90.4645,199.7891,IK_OK
G0145,L2,-40.5000,0.0000,94.5000,0.000000e+00,0.000000e+00,0.000000e+00,0.000000e+00,81.6400,-69.7271,-112.2759,107.3637,IK_OK
G0145,L3,0.0000,54.0000,121.5000,0.000000e+00,-7.629395e-06,7.629395e-06,5.651403e-05,-26.6622,-0.0000,-68.8654,-26.6623,IK_W_REFLECTED
G0146,R1,47.2500,67.5000,94.5000,0.000000e+00,0.000000e+00,0.000000e+00,0.000000e+00,-24.9227,-26.9613,-103.3543,-36.7158,IK_W_REFLECTED
G0146,R2,40.5000,0.0000,94.5000,0.000000e+00,0.000000e+00,0.000000e+00,0.000000e+00,81.6400,69.7271,-112.2759,107.3637,IK_OK
G0146,R3,0.0000,54.0000,121.5000,0.000000e+00,-7.629395e-06,7.629395e-06,5.651403e-05,-26.6622,-0.0000,-68.8654,-26.6623,IK_W_REFLECTED
G0146,L1,-47.2500,67.5000,94.5000,0.000000e+00,0.000000e+00,0.000000e+00,0.000000e+00,-24.9227,26.9613,-103.3543,-36.7158,IK_W_REFLECTED
G0146,L2,-40.5000,0.0000,94.5000,0.000000e+00,0.000000e+00,0.000000e+00,0.000000e+00,81.6400,-69.7271,-112.2759,107.3637,IK_OK
G0146,L3,0.0000,54.0000,121.5000,0.000000e+00,-7.629395e-06,7.629395e-06,5.651403e-05,-26.6622,-0.0000,-68.8654,-26.6623,IK_W_REFLECTED
G0147,R1,47.2500,13.5000,27.0000,-3.814697e-06,-1.907349e-06,3.814697e-06,2.825702e-05,135.6170,146.7097,-90.4645,199.7891,IK_OK
G0147,R2,40.5000,0.0000,94.5000,0.000000e+00,0.000000e+00,0.000000e+00,0.000000e+00,81.6400,69.7271,-112.2759,107.3637,IK_OK
G0147,R3,0.0000,54.0000,121.5000,0.000000e+00,-7.629395e-06,7.629395e-06,5.651403e-05,-26.6622,-0.0000,-68.8654,-26.6623,IK_W_REFLECTED
G0147,L1,-47.2500,13.5000,27.0000,3.814697e-06,-1.907349e-06,3.814697e-06,2.825702e-05,135.6170,-146.7097,-90.4645,199.7891,IK_OK
G0147,L2,-40.5000,0.0000,94.5000,0.000000e+00,0.000000e+00,0.000000e+00,0.000000e+00,81.6400,-69.7271,-112.2759,107.3637,IK_OK
G0147,L3,0.0000,54.0000,121.5000,0.000000e+00,-7.629395e-06,7.629395e-06,5.651403e-05,-26.6622,-0.0000,-68.8654,-26.6623,IK_W_REFLECTED
G0148,R1,47.2500,67.5000,94.5000,0.000000e+00,0.000000e+00,0.000000e+00,0.000000e+00,-24.9227,-26.9613,-103.3543,-36.7158,IK_W_REFLECTED
G0148,R2,40.5000,0.0000,94.5000,0.000000e+00,0.000000e+00,0.000000e+00,0.000000e+00,81.6400,69.7271,-112.2759,107.3637,IK_OK
G0148,R3,0.0000,54.0000,121.5000,0.000000e+00,-7.629395e-06,7.629395e-06,5.651403e-05,-26.6622,-0.0000,-68.8654,-26.6623,IK_W_REFLECTED
G0148,L1,-47.2500,67.5000,94.5000,0.000000e+00,0.000000e+00,0.000000e+00,0.000000e+00,-24.9227,26.9613,-103.3543,-36.7158,IK_W_REFLECTED
G0148,L2,-40.5000,0.0000,94.5000,0.000000e+00,0.000000e+00,0.000000e+00,0.000000e+00,81.6400,-69.7271,-112.2759,107.3637,IK_OK
G0148,L3,0.0000,54.0000,121.5000,0.000000e+00,-7.629395e-06,7.629395e-06,5.651403e-05,-26.6622,-0.0000,-68.8654,-26.6623,IK_W_REFLECTED
G0149,R1,47.2500,67.5000,54.0000,0.000000e+00,0.000000e+00,0.000000e+00,0.000000e+00,7.8399,8.4812,-164.5788,11.5497,IK_OK
G0149,R2,40.5000,0.0000,94.5000,0.000000e+00,0.000000e+00,0.000000e+00,0.000000e+00,81.6400,69.7271,-112.2759,107.3637,IK_OK
G0149,R3,0.0000,54.0000,121.5000,0.000000e+00,-7.629395e-06,7.629395e-06,5.651403e-05,-26.6622,-0.0000,-68.8654,-26.6623,IK_W_REFLECTED
G0149,L1,-47.2500,67.5000,108.0000,0.000000e+00,0.000000e+00,0.000000e+00,0.000000e+00,-28.4287,30.7540,-77.3882,-41.8808,IK_W_REFLECTED
G0149,L2,-40.5000,0.0000,94.5000,0.000000e+00,0.000000e+00,0.000000e+00,0.000000e+00,81.6400,-69.7271,-112.2759,107.3637,IK_OK
G0149,L3,0.0000,54.0000,121.5000,0.000000e+00,-7.629395e-06,7.629395e-06,5.651403e-05,-26.6622,-0.0000,-68.8654,-26.6623,IK_W_REFLECTED
G0150,R1,47.2500,67.5000,108.0000,0.000000e+00,0.000000e+00,0.000000e+00,0.000000e+00,-28.4287,-30.7540,-77.3882,-41.8808,IK_W_REFLECTED
G0150,R2,40.5000,0.0000,94.5000,0.000000e+00,0.000000e+00,0.000000e+00,0.000000e+00,81.6400,69.7271,-112.2759,107.3637,IK_OK
G0150,R3,0.0000,54.0000,121.5000,0.000000e+00,-7.629395e-06,7.629395e-06,5.651403e-05,-26.6622,-0.0000,-68.8654,-26.6623,IK_W_REFLECTED
G0150,L1,-47.2500,67.5000,54.0000,0.000000e+00,0.000000e+00,0.000000e+00,0.000000e+00,7.8399,-8.4812,-164.5788,11.5497,IK_OK
G0150,L2,-40.5000,0.0000,94.5000,0.000000e+00,0.000000e+00,0.000000e+00,0.000000e+00,81.6400,-69.7271,-112.2759,107.3637,IK_OK
G0150,L3,0.0000,54.0000,121.5000,0.000000e+00,-7.629395e-06,7.629395e-06,5.651403e-05,-26.6622,-0.0000,-68.8654,-26.6623,IK_W_REFLECTED
G0151,R1,47.2500,67.5000,54.0000,0.000000e+00,0.000000e+00,0.000000e+00,0.000000e+00,7.8399,8.4812,-164.5788,11.5497,IK_OK
G0151,R2,40.5000,0.0000,94.5000,0.000000e+00,0.000000e+00,0.000000e+00,0.000000e+00,81.6400,69.7271,-112.2759,107.3637,IK_OK
G0151,R3,0.0000,54.0000,121.5000,0.000000e+00,-7.629395e-06,7.629395e-06,5.651403e-05,-26.6622,-0.0000,-68.8654,-26.6623,IK_W_REFLECTED
G0151,L1,-47.2500,67.5000,108.0000,0.000000e+00,0.000000e+00,0.000000e+00,0.000000e+00,-28.4287,30.7540,-77.3882,-41.8808,IK_W_REFLECTED
G0151,L2,-40.5000,0.0000,94.5000,0.000000e+00,0.000000e+00,0.000000e+00,0.000000e+00,81.6400,-69.7271,-112.2759,107.3637,IK_OK
G0151,L3,0.0000,54.0000,121.5000,0.000000e+00,-7.629395e-06,7.629395e-06,5.651403e-05,-26.6622,-0.0000,-68.8654,-26.6623,IK_W_REFLECTED
G0152,R1,47.2500,67.5000,108.0000,0.000000e+00,0.000000e+00,0.000000e+00,0.000000e+00,-28.4287,-30.7540,-77.3882,-41.8808,IK_W_REFLECTED
G0152,R2,40.5000,0.0000,94.5000,0.000000e+00,0.000000e+00,0.000000e+00,0.000000e+00,81.6400,69.7271,-112.2759,107.3637,IK_OK
G0152,R3,0.0000,54.0000,121.5000,0.000000e+00,-7.629395e-06,7.629395e-06,5.651403e-05,-26.6622,-0.0000,-68.8654,-26.6623,IK_W_REFLECTED
G0152,L1,-47.2500,67.5000,54.0000,0.000000e+00,0.000000e+00,0.000000e+00,0.000000e+00,7.8399,-8.4812,-164.5788,11.5497,IK_OK
G0152,L2,-40.5000,0.0000,94.5000,0.000000e+00,0.000000e+00,0.000000e+00,0.000000e+00,81.6400,-69.7271,-112.2759,107.3637,IK_OK
G0152,L3,0.0000,54.0000,121.5000,0.000000e+00,-7.629395e-06,7.629395e-06,5.651403e-05,-26.6622,-0.0000,-68.8654,-26.6623,IK_W_REFLECTED
G0153,R1,47.2500,67.5000,54.0000,0.000000e+00,0.000000e+00,0.000000e+00,0.000000e+00,7.8399,8.4812,-164.5788,11.5497,IK_OK
G0153,R2,40.5000,0.0000,94.5000,0.000000e+00,0.000000e+00,0.000000e+00,0.000000e+00,81.6400,69.7271,-112.2759,107.3637,IK_OK
G0153,R3,0.0000,54.0000,121.5000,0.000000e+00,-7.629395e-06,7.629395e-06,5.651403e-05,-26.6622,-0.0000,-68.8654,-26.6623,IK_W_REFLECTED
G0153,L1,-47.2500,67.5000,108.0000,0.000000e+00,0.000000e+00,0.000000e+00,0.000000e+00,-28.4287,30.7540,-77.3882,-41.8808,IK_W_REFLECTED
G0153,L2,-40.5000,0.0000,94.5000,0.000000e+00,0.000000e+00,0.000000e+00,0.000000e+00,81.6400,-69.7271,-112.2759,107.3637,IK_OK
G0153,L3,0.0000,54.0000,121.5000,0.000000e+00,-7.629395e-06,7.629395e-06,5.651403e-05,-26.6622,-0.0000,-68.8654,-26.6623,IK_W_REFLECTED
G0154,R1,47.2500,67.5000,54.0000,0.000000e+00,0.000000e+00,0.000000e+00,0.000000e+00,7.8399,8.4812,-164.5788,11.5497,IK_OK
G0154,R2,40.5000,0.0000,94.5000,0.000000e+00,0.000000e+00,0.000000e+00,0.000000e+00,81.6400,69.7271,-112.2759,107.3637,IK_OK
G0154,R3,0.0000,54.0000,121.5000,0.000000e+00,-7.629395e-06,7.629395e-06,5.651403e-05,-26.6622,-0.0000,-68.8654,-26.6623,IK_W_REFLECTED
G0154,L1,-47.2500,67.5000,108.0000,0.000000e+00,0.000000e+00,0.000000e+00,0.000000e+00,-28.4287,30.7540,-77.3882,-41.8808,IK_W_REFLECTED
G0154,L2,-40.5000,0.0000,94.5000,0.000000e+00,0.000000e+00,0.000000e+00,0.000000e+00,81.6400,-69.7271,-112.2759,107.3637,IK_OK
G0154,L3,0.0000,54.0000,121.5000,0.000000e+00,-7.629395e-06,7.629395e-06,5.651403e-05,-26.6622,-0.0000,-68.8654,-26.6623,IK_W_REFLECTED
G0155,R1,47.2500,67.5000,67.5000,0.000000e+00,0.000000e+00,0.000000e+00,0.000000e+00,-6.2731,-6.7862,-148.1884,-9.2414,IK_W_REFLECTED
G0155,R2,40.5000,0.0000,94.5000,0.000000e+00,0.000000e+00,0.000000e+00,0.000000e+00,81.6400,69.7271,-112.2759,107.3637,IK_OK
G0155,R3,0.0000,54.0000,121.5000,0.000000e+00,-7.629395e-06,7.629395e-06,5.651403e-05,-26.6622,-0.0000,-68.8654,-26.6623,IK_W_REFLECTED
G0155,L1,-47.2500,67.5000,67.5000,0.000000e+00,0.000000e+00,0.000000e+00,0.000000e+00,-6.2731,6.7862,-148.1884,-9.2414,IK_W_REFLECTED
G0155,L2,-40.5000,0.0000,94.5000,0.000000e+00,0.000000e+00,0.000000e+00,0.000000e+00,81.6400,-69.7271,-112.2759,107.3637,IK_OK
G0155,L3,0.0000,54.0000,121.5000,0.000000e+00,-7.629395e-06,7.629395e-06,5.651403e-05,-26.6622,-0.0000,-68.8654,-26.6623,IK_W_REFLECTED
G0156,R1,47.2500,67.5000,67.5000,0.000000e+00,0.000000e+00,0.000000e+00,0.000000e+00,-6.2731,-6.7862,-148.1884,-9.2414,IK_W_REFLECTED
G0156,R2,40.5000,0.0000,94.5000,0.000000e+00,0.000000e+00,0.000000e+00,0.000000e+00,81.6400,69.7271,-112.2759,107.3637,IK_OK
G0156,R3,0.0000,54.0000,121.5000,0.000000e+00,-7.629395e-06,7.629395e-06,5.651403e-05,-26.6622,-0.0000,-68.8654,-26.6623,IK_W_REFLECTED
G0156,L1,-47.2500,67.5000,67.5000,0.000000e+00,0.000000e+00,0.000000e+00,0.000000e+00,-6.2731,6.7862,-148.1884,-9.2414,IK_W_REFLECTED
G0156,L2,-40.5000,0.0000,94.5000,0.000000e+00,0.000000e+00,0.000000e+00,0.000000e+00,81.6400,-69.7271,-112.2759,107.3637,IK_OK
G0156,L3,0.0000,54.0000,121.5000,0.000000e+00,-7.629395e-06,7.629395e-06,5.651403e-05,-26.6622,-0.0000,-68.8654,-26.6623,IK_W_REFLECTED
G0157,R1,0.0000,54.0000,121.5000,0.000000e+00,-7.629395e-06,7.629395e-06,5.651403e-05,-26.6622,-0.0000,-68.8654,-26.6623,IK_W_REFLECTED
G0157,R2,0.0000,54.0000,121.5000,0.000000e+00,-7.629395e-06,7.629395e-06,5.651403e-05,-26.6622,-0.0000,-68.8654,-26.6623,IK_W_REFLECTED
G0157,R3,0.0000,54.0000,121.5000,0.000000e+00,-7.629395e-06,7.629395e-06,5.651403e-05,-26.6622,-0.0000,-68.8654,-26.6623,IK_W_REFLECTED
G0157,L1,0.0000,54.0000,121.5000,0.000000e+00,-7.629395e-06,7.629395e-06,5.651403e-05,-26.6622,-0.0000,-68.8654,-26.6623,IK_W_REFLECTED
G0157,L2,0.0000,54.0000,121.5000,0.000000e+00,-7.629395e-06,7.629395e-06,5.651403e-05,-26.6622,-0.0000,-68.8654,-26.6623,IK_W_REFLECTED
G0157,L3,0.0000,54.0000,121.5000,0.000000e+00,-7.629395e-06,7.629395e-06,5.651403e-05,-26.6622,-0.0000,-68.8654,-26.6623,IK_W_REFLECTED
G0158,R1,0.0000,81.0000,81.0000,0.000000e+00,0.000000e+00,0.000000e+00,0.000000e+00,-53.5035,-0.0000,-108.0889,-53.5035,IK_W_REFLECTED
G0158,R2,0.0000,81.0000,81.0000,0.000000e+00,0.000000e+00,0.000000e+00,0.000000e+00,-53.5035,-0.0000,-108.0889,-53.5035,IK_W_REFLECTED
G0158,R3,0.0000,81.0000,81.0000,0.000000e+00,0.000000e+00,0.000000e+00,0.000000e+00,-53.5035,-0.0000,-108.0889,-53.5035,IK_W_REFLECTED
G0158,L1,0.0000,81.0000,81.0000,0.000000e+00,0.000000e+00,0.000000e+00,0.000000e+00,-53.5035,-0.0000,-108.0889,-53.5035,IK_W_REFLECTED
G0158,L2,0.0000,81.0000,81.0000,0.000000e+00,0.000000e+00,0.000000e+00,0.000000e+00,-53.5035,-0.0000,-108.0889,-53.5035,IK_W_REFLECTED
G0158,L3,0.0000,81.0000,81.0000,0.000000e+00,0.000000e+00,0.000000e+00,0.000000e+00,-53.5035,-0.0000,-108.0889,-53.5035,IK_W_REFLECTED
G0159,R1,0.0000,94.5000,81.0000,0.000000e+00,0.000000e+00,0.000000e+00,0.000000e+00,-76.0976,-0.0000,-82.8076,-76.0976,IK_W_REFLECTED
G0159,R2,0.0000,94.5000,81.0000,0.000000e+00,0.000000e+00,0.000000e+00,0.000000e+00,-76.0976,-0.0000,-82.8076,-76.0976,IK_W_REFLECTED
G0159,R3,0.0000,94.5000,81.0000,0.000000e+00,0.000000e+00,0.000000e+00,0.000000e+00,-76.0976,-0.0000,-82.8076,-76.0976,IK_W_REFLECTED
G0159,L1,0.0000,94.5000,81.0000,0.000000e+00,0.000000e+00,0.000000e+00,0.000000e+00,-76.0976,-0.0000,-82.8076,-76.0976,IK_W_REFLECTED
G0159,L2,0.0000,94.5000,81.0000,0.000000e+00,0.000000e+00,0.000000e+00,0.000000e+00,-76.0976,-0.0000,-82.8076,-76.0976,IK_W_REFLECTED
G0159,L3,0.0000,94.5000,81.0000,0.000000e+00,0.000000e+00,0.000000e+00,0.000000e+00,-76.0976,-0.0000,-82.8076,-76.0976,IK_W_REFLECTED
G0160,R1,0.0000,81.0000,81.0000,0.000000e+00,0.000000e+00,0.000000e+00,0.000000e+00,-53.5035,-0.0000,-108.0889,-53.5035,IK_W_REFLECTED
G0160,R2,0.0000,81.0000,81.0000,0.000000e+00,0.000000e+00,0.000000e+00,0.000000e+00,-53.5035,-0.0000,-108.0889,-53.5035,IK_W_REFLECTED
G0160,R3,0.0000,81.0000,81.0000,0.000000e+00,0.000000e+00,0.000000e+00,0.000000e+00,-53.5035,-0.0000,-108.0889,-53.5035,IK_W_REFLECTED
G0160,L1,0.0000,81.0000,81.0000,0.000000e+00,0.000000e+00,0.000000e+00,0.000000e+00,-53.5035,-0.0000,-108.0889,-53.5035,IK_W_REFLECTED
G0160,L2,0.0000,81.0000,81.0000,0.000000e+00,0.000000e+00,0.000000e+00,0.000000e+00,-53.5035,-0.0000,-108.0889,-53.5035,IK_W_REFLECTED
G0160,L3,0.0000,81.0000,81.0000,0.000000e+00,0.000000e+00,0.000000e+00,0.000000e+00,-53.5035,-0.0000,-108.0889,-53.5035,IK_W_REFLECTED
G0161,R1,0.0000,94.5000,81.0000,0.000000e+00,0.000000e+00,0.000000e+00,0.000000e+00,-76.0976,-0.0000,-82.8076,-76.0976,IK_W_REFLECTED
G0161,R2,0.0000,94.5000,81.0000,0.000000e+00,0.000000e+00,0.000000e+00,0.000000e+00,-76.0976,-0.0000,-82.8076,-76.0976,IK_W_REFLECTED
G0161,R3,0.0000,94.5000,81.0000,0.000000e+00,0.000000e+00,0.000000e+00,0.000000e+00,-76.0976,-0.0000,-82.8076,-76.0976,IK_W_REFLECTED
G0161,L1,0.0000,94.5000,81.0000,0.000000e+00,0.000000e+00,0.000000e+00,0.000000e+00,-76.0976,-0.0000,-82.8076,-76.0976,IK_W_REFLECTED
G0161,L2,0.0000,94.5000,81.0000,0.000000e+00,0.000000e+00,0.000000e+00,0.000000e+00,-76.0976,-0.0000,-82.8076,-76.0976,IK_W_REFLECTED
G0161,L3,0.0000,94.5000,81.0000,0.000000e+00,0.000000e+00,0.000000e+00,0.000000e+00,-76.0976,-0.0000,-82.8076,-76.0976,IK_W_REFLECTED
G0162,R1,0.0000,81.0000,81.0000,0.000000e+00,0.000000e+00,0.000000e+00,0.000000e+00,-53.5035,-0.0000,-108.0889,-53.5035,IK_W_REFLECTED
G0162,R2,0.0000,81.0000,81.0000,0.000000e+00,0.000000e+00,0.000000e+00,0.000000e+00,-53.5035,-0.0000,-108.0889,-53.5035,IK_W_REFLECTED
G0162,R3,0.0000,81.0000,81.0000,0.000000e+00,0.000000e+00,0.000000e+00,0.000000e+00,-53.5035,-0.0000,-108.0889,-53.5035,IK_W_REFLECTED
G0162,L1,0.0000,81.0000,81.0000,0.000000e+00,0.000000e+00,0.000000e+00,0.000000e+00,-53.5035,-0.0000,-108.0889,-53.5035,IK_W_REFLECTED
G0162,L2,0.0000,81.0000,81.0000,0.000000e+00,0.000000e+00,0.000000e+00,0.000000e+00,-53.5035,-0.0000,-108.0889,-53.5035,IK_W_REFLECTED
G0162,L3,0.0000,81.0000,81.0000,0.000000e+00,0.000000e+00,0.000000e+00,0.000000e+00,-53.5035,-0.0000,-108.0889,-53.5035,IK_W_REFLECTED
G0163,R1,0.0000,94.5000,81.0000,0.000000e+00,0.000000e+00,0.000000e+00,0.000000e+00,-76.0976,-0.0000,-82.8076,-76.0976,IK_W_REFLECTED
G0163,R2,0.0000,94.5000,81.0000,0.000000e+00,0.000000e+00,0.000000e+00,0.000000e+00,-76.0976,-0.0000,-82.8076,-76.0976,IK_W_REFLECTED
G0163,R3,0.0000,94.5000,81.0000,0.000000e+00,0.000000e+00,0.000000e+00,0.000000e+00,-76.0976,-0.0000,-82.8076,-76.0976,IK_W_REFLECTED
G0163,L1,0.0000,94.5000,81.0000,0.000000e+00,0.000000e+00,0.000000e+00,0.000000e+00,-76.0976,-0.0000,-82.8076,-76.0976,IK_W_REFLECTED
G0163,L2,0.0000,94.5000,81.0000,0.000000e+00,0.000000e+00,0.000000e+00,0.000000e+00,-76.0976,-0.0000,-82.8076,-76.0976,IK_W_REFLECTED
G0163,L3,0.0000,94.5000,81.0000,0.000000e+00,0.000000e+00,0.000000e+00,0.000000e+00,-76.0976,-0.0000,-82.8076,-76.0976,IK_W_REFLECTED
G0164,R1,0.0000,81.0000,81.0000,0.000000e+00,0.000000e+00,0.000000e+00,0.000000e+00,-53.5035,-0.0000,-108.0889,-53.5035,IK_W_REFLECTED
G0164,R2,0.0000,81.0000,81.0000,0.000000e+00,0.000000e+00,0.000000e+00,0.000000e+00,-53.5035,-0.0000,-108.0889,-53.5035,IK_W_REFLECTED
G0164,R3,0.0000,81.0000,81.0000,0.000000e+00,0.000000e+00,0.000000e+00,0.000000e+00,-53.5035,-0.0000,-108.0889,-53.5035,IK_W_REFLECTED
G0164,L1,0.0000,81.0000,81.0000,0.000000e+00,0.000000e+00,0.000000e+00,0.000000e+00,-53.5035,-0.0000,-108.0889,-53.5035,IK_W_REFLECTED
G0164,L2,0.0000,81.0000,81.0000,0.000000e+00,0.000000e+00,0.000000e+00,0.000000e+00,-53.5035,-0.0000,-108.0889,-53.5035,IK_W_REFLECTED
G0164,L3,0.0000,81.0000,81.0000,0.000000e+00,0.000000e+00,0.000000e+00,0.000000e+00,-53.5035,-0.0000,-108.0889,-53.5035,IK_W_REFLECTED
G0165,R1,0.0000,94.5000,81.0000,0.000000e+00,0.000000e+00,0.000000e+00,0.000000e+00,-76.0976,-0.0000,-82.8076,-76.0976,IK_W_REFLECTED
G0165,R2,0.0000,94.5000,81.0000,0.000000e+00,0.000000e+00,0.000000e+00,0.000000e+00,-76.0976,-0.0000,-82.8076,-76.0976,IK_W_REFLECTED
G0165,R3,0.0000,94.5000,81.0000,0.000000e+00,0.000000e+00,0.000000e+00,0.000000e+00,-76.0976,-0.0000,-82.8076,-76.0976,IK_W_REFLECTED
G0165,L1,0.0000,94.5000,81.0000,0.000000e+00,0.000000e+00,0.000000e+00,0.000000e+00,-76.0976,-0.0000,-82.8076,-76.0976,IK_W_REFLECTED
G0165,L2,0.0000,94.5000,81.0000,0.000000e+00,0.000000e+00,0.000000e+00,0.000000e+00,-76.0976,-0.0000,-82.8076,-76.0976,IK_W_REFLECTED
G0165,L3,0.0000,94.5000,81.0000,0.000000e+00,0.000000e+00,0.000000e+00,0.000000e+00,-76.0976,-0.0000,-82.8076,-76.0976,IK_W_REFLECTED
G0166,R1,0.0000,81.0000,81.0000,0.000000e+00,0.000000e+00,0.000000e+00,0.000000e+00,-53.5035,-0.0000,-108.0889,-53.5035,IK_W_REFLECTED
G0166,R2,0.0000,81.0000,81.0000,0.000000e+00,0.000000e+00,0.000000e+00,0.000000e+00,-53.5035,-0.0000,-108.0889,-53.5035,IK_W_REFLECTED
G0166,R3,0.0000,81.0000,81.0000,0.000000e+00,0.000000e+00,0.000000e+00,0.000000e+00,-53.5035,-0.0000,-108.0889,-53.5035,IK_W_REFLECTED
G0166,L1,0.0000,81.0000,81.0000,0.000000e+00,0.000000e+00,0.000000e+00,0.000000e+00,-53.5035,-0.0000,-108.0889,-53.5035,IK_W_REFLECTED
G0166,L2,0.0000,81.0000,81.0000,0.000000e+00,0.000000e+00,0.000000e+00,0.000000e+00,-53.5035,-0.0000,-108.0889,-53.5035,IK_W_REFLECTED
G0166,L3,0.0000,81.0000,81.0000,0.000000e+00,0.000000e+00,0.000000e+00,0.000000e+00,-53.5035,-0.0000,-108.0889,-53.5035,IK_W_REFLECTED
G0167,R1,0.0000,94.5000,81.0000,0.000000e+00,0.000000e+00,0.000000e+00,0.000000e+00,-76.0976,-0.0000,-82.8076,-76.0976,IK_W_REFLECTED
G0167,R2,0.0000,94.5000,81.0000,0.000000e+00,0.000000e+00,0.000000e+00,0.000000e+00,-76.0976,-0.0000,-82.8076,-76.0976,IK_W_REFLECTED
G0167,R3,0.0000,94.5000,81.0000,0.000000e+00,0.000000e+00,0.000000e+00,0.000000e+00,-76.0976,-0.0000,-82.8076,-76.0976,IK_W_REFLECTED
G0167,L1,0.0000,94.5000,81.0000,0.000000e+00,0.000000e+00,0.000000e+00,0.000000e+00,-76.0976,-0.0000,-82.8076,-76.0976,IK_W_REFLECTED
G0167,L2,0.0000,94.5000,81.0000,0.000000e+00,0.000000e+00,0.000000e+00,0.000000e+00,-76.0976,-0.0000,-82.8076,-76.0976,IK_W_REFLECTED
G0167,L3,0.0000,94.5000,81.0000,0.000000e+00,0.000000e+00,0.000000e+00,0.000000e+00,-76.0976,-0.0000,-82.8076,-76.0976,IK_W_REFLECTED
G0168,R1,0.0000,94.5000,121.5000,0.000000e+00,-7.629395e-06,7.629395e-06,5.651403e-05,-54.9357,-0.0000,-7.7731,-54.9357,IK_W_REFLECTED
G0168,R2,0.0000,94.5000,121.5000,0.000000e+00,-7.629395e-06,7.629395e-06,5.651403e-05,-54.9357,-0.0000,-7.7731,-54.9357,IK_W_REFLECTED
G0168,R3,0.0000,94.5000,121.5000,0.000000e+00,-7.629395e-06,7.629395e-06,5.651403e-05,-54.9357,-0.0000,-7.7731,-54.9357,IK_W_REFLECTED
G0168,L1,0.0000,94.5000,121.5000,0.000000e+00,-7.629395e-06,7.629395e-06,5.651403e-05,-54.9357,-0.0000,-7.7731,-54.9357,IK_W_REFLECTED
G0168,L2,0.0000,94.5000,121.5000,0.000000e+00,-7.629395e-06,7.629395e-06,5.651403e-05,-54.9357,-0.0000,-7.7731,-54.9357,IK_W_REFLECTED
G0168,L3,0.0000,94.5000,121.5000,0.000000e+00,-7.629395e-06,7.629395e-06,5.651403e-05,-54.9357,-0.0000,-7.7731,-54.9357,IK_W_REFLECTED
G0169,R1,0.0000,94.5000,81.0000,0.000000e+00,0.000000e+00,0.000000e+00,0.000000e+00,-76.0976,-0.0000,-82.8076,-76.0976,IK_W_REFLECTED
G0169,R2,0.0000,94.5000,81.0000,0.000000e+00,0.000000e+00,0.000000e+00,0.000000e+00,-76.0976,-0.0000,-82.8076,-76.0976,IK_W_REFLECTED
G0169,R3,0.0000,94.5000,81.0000,0.000000e+00,0.000000e+00,0.000000e+00,0.000000e+00,-76.0976,-0.0000,-82.8076,-76.0976,IK_W_REFLECTED
G0169,L1,0.0000,94.5000,81.0000,0.000000e+00,0.000000e+00,0.000000e+00,0.000000e+00,-76.0976,-0.0000,-82.8076,-76.0976,IK_W_REFLECTED
G0169,L2,0.0000,94.5000,81.0000,0.000000e+00,0.000000e+00,0.000000e+00,0.000000e+00,-76.0976,-0.0000,-82.8076,-76.0976,IK_W_REFLECTED
G0169,L3,0.0000,94.5000,81.0000,0.000000e+00,0.000000e+00,0.000000e+00,0.000000e+00,-76.0976,-0.0000,-82.8076,-76.0976,IK_W_REFLECTED
G0170,R1,0.0000,94.5000,121.5000,0.000000e+00,-7.629395e-06,7.629395e-06,5.651403e-05,-54.9357,-0.0000,-7.7731,-54.9357,IK_W_REFLECTED
G0170,R2,0.0000,94.5000,121.5000,0.000000e+00,-7.629395e-06,7.629395e-06,5.651403e-05,-54.9357,-0.0000,-7.7731,-54.9357,IK_W_REFLECTED
G0170,R3,0.0000,94.5000,121.5000,0.000000e+00,-7.629395e-06,7.629395e-06,5.651403e-05,-54.9357,-0.0000,-7.7731,-54.9357,IK_W_REFLECTED
G0170,L1,0.0000,94.5000,121.5000,0.000000e+00,-7.629395e-06,7.629395e-06,5.651403e-05,-54.9357,-0.0000,-7.7731,-54.9357,IK_W_REFLECTED
G0170,L2,0.0000,94.5000,121.5000,0.000000e+00,-7.629395e-06,7.629395e-06,5.651403e-05,-54.9357,-0.0000,-7.7731,-54.9357,IK_W_REFLECTED
G0170,L3,0.0000,94.5000,121.5000,0.000000e+00,-7.629395e-06,7.629395e-06,5.651403e-05,-54.9357,-0.0000,-7.7731,-54.9357,IK_W_REFLECTED
G0171,R1,0.0000,40.5000,121.5000,0.000000e+00,0.000000e+00,0.000000e+00,0.000000e+00,-8.6888,-0.0000,-82.9915,-8.6888,IK_W_REFLECTED
G0171,R2,0.0000,40.5000,121.5000,0.000000e+00,0.000000e+00,0.000000e+00,0.000000e+00,-8.6888,-0.0000,-82.9915,-8.6888,IK_W_REFLECTED
G0171,R3,0.0000,40.5000,121.5000,0.000000e+00,0.000000e+00,0.000000e+00,0.000000e+00,-8.6888,-0.0000,-82.9915,-8.6888,IK_W_REFLECTED
G0171,L1,0.0000,40.5000,121.5000,0.000000e+00,0.000000e+00,0.000000e+00,0.000000e+00,-8.6888,-0.0000,-82.9915,-8.6888,IK_W_REFLECTED
G0171,L2,0.0000,40.5000,121.5000,0.000000e+00,0.000000e+00,0.000000e+00,0.000000e+00,-8.6888,-0.0000,-82.9915,-8.6888,IK_W_REFLECTED
G0171,L3,0.0000,40.5000,121.5000,0.000000e+00,0.000000e+00,0.000000e+00,0.000000e+00,-8.6888,-0.0000,-82.9915,-8.6888,IK_W_REFLECTED
G0172,R1,0.0000,40.5000,121.5000,0.000000e+00,0.000000e+00,0.000000e+00,0.000000e+00,-8.6888,-0.0000,-82.9915,-8.6888,IK_W_REFLECTED
G0172,R2,0.0000,40.5000,121.5000,0.000000e+00,0.000000e+00,0.000000e+00,0.000000e+00,-8.6888,-0.0000,-82.9915,-8.6888,IK_W_REFLECTED
G0172,R3,0.0000,40.5000,121.5000,0.000000e+00,0.000000e+00,0.000000e+00,0.000000e+00,-8.6888,-0.0000,-82.9915,-8.6888,IK_W_REFLECTED
G0172,L1,0.0000,40.5000,121.5000,0.000000e+00,0.000000e+00,0.000000e+00,0.000000e+00,-8.6888,-0.0000,-82.9915,-8.6888,IK_W_REFLECTED
G0172,L2,0.0000,40.5000,121.5000,0.000000e+00,0.000000e+00,0.000000e+00,0.000000e+00,-8.6888,-0.0000,-82.9915,-8.6888,IK_W_REFLECTED
G0172,L3,0.0000,40.5000,121.5000,0.000000e+00,0.000000e+00,0.000000e+00,0.000000e+00,-8.6888,-0.0000,-82.9915,-8.6888,IK_W_REFLECTED
G0173,R1,0.0000,-47.2500,47.2500,0.000000e+00,0.000000e+00,0.000000e+00,0.000000e+00,204.9901,0.0000,54.4867,204.9901,IK_OK
G0173,R2,0.0000,-47.2500,47.2500,0.000000e+00,0.000000e+00,0.000000e+00,0.000000e+00,204.9901,0.0000,54.4867,204.9901,IK_OK
G0173,R3,0.0000,-47.2500,47.2500,0.000000e+00,0.000000e+00,0.000000e+00,0.000000e+00,204.9901,0.0000,54.4867,204.9901,IK_OK
G0173,L1,0.0000,-47.2500,47.2500,0.000000e+00,0.000000e+00,0.000000e+00,0.000000e+00,204.9901,0.0000,54.4867,204.9901,IK_OK
G0173,L2,0.0000,-47.2500,47.2500,0.000000e+00,0.000000e+00,0.000000e+00,0.000000e+00,204.9901,0.0000,54.4867,204.9901,IK_OK
G0173,L3,0.0000,-47.2500,47.2500,0.000000e+00,0.000000e+00,0.000000e+00,0.000000e+00,204.9901,0.0000,54.4867,204.9901,IK_OK
G0174,R1,0.0000,40.5000,121.5000,0.000000e+00,0.000000e+00,0.000000e+00,0.000000e+00,-8.6888,-0.0000,-82.9915,-8.6888,IK_W_REFLECTED
G0174,R2,0.0000,40.5000,121.5000,0.000000e+00,0.000000e+00,0.000000e+00,0.000000e+00,-8.6888,-0.0000,-82.9915,-8.6888,IK_W_REFLECTED
G0174,R3,0.0000,40.5000,121.5000,0.000000e+00,0.000000e+00,0.000000e+00,0.000000e+00,-8.6888,-0.0000,-82.9915,-8.6888,IK_W_REFLECTED
G0174,L1,0.0000,40.5000,121.5000,0.000000e+00,0.000000e+00,0.000000e+00,0.000000e+00,-8.6888,-0.0000,-82.9915,-8.6888,IK_W_REFLECTED
G0174,L2,0.0000,40.5000,121.5000,0.000000e+00,0.000000e+00,0.000000e+00,0.000000e+00,-8.6888,-0.0000,-82.9915,-8.6888,IK_W_REFLECTED
G0174,L3,0.0000,40.5000,121.5000,0.000000e+00,0.000000e+00,0.000000e+00,0.000000e+00,-8.6888,-0.0000,-82.9915,-8.6888,IK_W_REFLECTED
G0175,R1,0.0000,-47.2500,47.2500,0.000000e+00,0.000000e+00,0.000000e+00,0.000000e+00,204.9901,0.0000,54.4867,204.9901,IK_OK
G0175,R2,0.0000,-47.2500,47.2500,0.000000e+00,0.000000e+00,0.000000e+00,0.000000e+00,204.9901,0.0000,54.4867,204.9901,IK_OK
G0175,R3,0.0000,-47.2500,47.2500,0.000000e+00,0.000000e+00,0.000000e+00,0.000000e+00,204.9901,0.0000,54.4867,204.9901,IK_OK
G0175,L1,0.0000,-47.2500,47.2500,0.000000e+00,0.000000e+00,0.000000e+00,0.000000e+00,204.9901,0.0000,54.4867,204.9901,IK_OK
G0175,L2,0.0000,-47.2500,47.2500,0.000000e+00,0.000000e+00,0.000000e+00,0.000000e+00,204.9901,0.0000,54.4867,204.9901,IK_OK
G0175,L3,0.0000,-47.2500,47.2500,0.000000e+00,0.000000e+00,0.000000e+00,0.000000e+00,204.9901,0.0000,54.4867,204.9901,IK_OK
G0176,R1,0.0000,40.5000,121.5000,0.000000e+00,0.000000e+00,0.000000e+00,0.000000e+00,-8.6888,-0.0000,-82.9915,-8.6888,IK_W_REFLECTED
G0176,R2,0.0000,40.5000,121.5000,0.000000e+00,0.000000e+00,0.000000e+00,0.000000e+00,-8.6888,-0.0000,-82.9915,-8.6888,IK_W_REFLECTED
G0176,R3,0.0000,40.5000,121.5000,0.000000e+00,0.000000e+00,0.000000e+00,0.000000e+00,-8.6888,-0.0000,-82.9915,-8.6888,IK_W_REFLECTED
G0176,L1,0.0000,40.5000,121.5000,0.000000e+00,0.000000e+00,0.000000e+00,0.000000e+00,-8.6888,-0.0000,-82.9915,-8.6888,IK_W_REFLECTED
G0176,L2,0.0000,40.5000,121.5000,0.000000e+00,0.000000e+00,0.000000e+00,0.000000e+00,-8.6888,-0.0000,-82.9915,-8.6888,IK_W_REFLECTED
G0176,L3,0.0000,40.5000,121.5000,0.000000e+00,0.000000e+00,0.000000e+00,0.000000e+00,-8.6888,-0.0000,-82.9915,-8.6888,IK_W_REFLECTED
G0177,R1,-13.5000,81.0000,121.5000,0.000000e+00,-7.629395e-06,7.629395e-06,5.651403e-05,-49.0490,11.7756,-30.1875,-50.4427,IK_W_REFLECTED
G0177,R2,13.5000,54.0000,121.5000,0.000000e+00,-7.629395e-06,7.629395e-06,5.651403e-05,-25.9256,-6.2242,-68.8654,-26.6623,IK_W_REFLECTED
G0177,R3,-13.5000,81.0000,121.5000,0.000000e+00,-7.629395e-06,7.629395e-06,5.651403e-05,-49.0490,11.7756,-30.1875,-50.4427,IK_W_REFLECTED
G0177,L1,13.5000,54.0000,121.5000,0.000000e+00,-7.629395e-06,7.629395e-06,5.651403e-05,-25.9256,-6.2242,-68.8654,-26.6623,IK_W_REFLECTED
G0177,L2,-13.5000,81.0000,121.5000,0.000000e+00,-7.629395e-06,7.629395e-06,5.651403e-05,-49.0490,11.7756,-30.1875,-50.4427,IK_W_REFLECTED
G0177,L3,13.5000,54.0000,121.5000,0.000000e+00,-7.629395e-06,7.629395e-06,5.651403e-05,-25.9256,-6.2242,-68.8654,-26.6623,IK_W_REFLECTED
G0178,R1,-13.5000,54.0000,121.5000,0.000000e+00,-7.629395e-06,7.629395e-06,5.651403e-05,-25.9256,6.2242,-68.8654,-26.6623,IK_W_REFLECTED
G0178,R2,13.5000,54.0000,121.5000,0.000000e+00,-7.629395e-06,7.629395e-06,5.651403e-05,-25.9256,-6.2242,-68.8654,-26.6623,IK_W_REFLECTED
G0178,R3,-13.5000,54.0000,121.5000,0.000000e+00,-7.629395e-06,7.629395e-06,5.651403e-05,-25.9256,6.2242,-68.8654,-26.6623,IK_W_REFLECTED
G0178,L1,13.5000,54.0000,121.5000,0.000000e+00,-7.629395e-06,7.629395e-06,5.651403e-05,-25.9256,-6.2242,-68.8654,-26.6623,IK_W_REFLECTED
G0178,L2,-13.5000,54.0000,121.5000,0.000000e+00,-7.629395e-06,7.629395e-06,5.651403e-05,-25.9256,6.2242,-68.8654,-26.6623,IK_W_REFLECTED
G0178,L3,13.5000,54.0000,121.5000,0.000000e+00,-7.629395e-06,7.629395e-06,5.651403e-05,-25.9256,-6.2242,-68.8654,-26.6623,IK_W_REFLECTED
G0179,R1,13.5000,54.0000,121.5000,0.000000e+00,-7.629395e-06,7.629395e-06,5.651403e-05,-25.9256,-6.2242,-68.8654,-26.6623,IK_W_REFLECTED
G0179,R2,-13.5000,81.0000,121.5000,0.000000e+00,-7.629395e-06,7.629395e-06,5.651403e-05,-49.0490,11.7756,-30.1875,-50.4427,IK_W_REFLECTED
G0179,R3,13.5000,54.0000,121.5000,0.000000e+00,-7.629395e-06,7.629395e-06,5.651403e-05,-25.9256,-6.2242,-68.8654,-26.6623,IK_W_REFLECTED
G0179,L1,-13.5000,81.0000,121.5000,0.000000e+00,-7.629395e-06,7.629395e-06,5.651403e-05,-49.0490,11.7756,-30.1875,-50.4427,IK_W_REFLECTED
G0179,L2,13.5000,54.0000,121.5000,0.000000e+00,-7.629395e-06,7.629395e-06,5.651403e-05,-25.9256,-6.2242,-68.8654,-26.6623,IK_W_REFLECTED
G0179,L3,-13.5000,81.0000,121.5000,0.000000e+00,-7.629395e-06,7.629395e-06,5.651403e-05,-49.0490,11.7756,-30.1875,-50.4427,IK_W_REFLECTED
G0180,R1,13.5000,54.0000,121.5000,0.000000e+00,-7.629395e-06,7.629395e-06,5.651403e-05,-25.9256,-6.2242,-68.8654,-26.6623,IK_W_REFLECTED
G0180,R2,-13.5000,54.0000,121.5000,0.000000e+00,-7.629395e-06,7.629395e-06,5.651403e-05,-25.9256,6.2242,-68.8654,-26.6623,IK_W_REFLECTED
G0180,R3,13.5000,54.0000,121.5000,0.000000e+00,-7.629395e-06,7.629395e-06,5.651403e-05,-25.9256,-6.2242,-68.8654,-26.6623,IK_W_REFLECTED
G0180,L1,-13.5000,54.0000,121.5000,0.000000e+00,-7.629395e-06,7.629395e-06,5.651403e-05,-25.9256,6.2242,-68.8654,-26.6623,IK_W_REFLECTED
G0180,L2,13.5000,54.0000,121.5000,0.000000e+00,-7.629395e-06,7.629395e-06,5.651403e-05,-25.9256,-6.2242,-68.8654,-26.6623,IK_W_REFLECTED
G0180,L3,-13.5000,54.0000,121.5000,0.000000e+00,-7.629395e-06,7.629395e-06,5.651403e-05,-25.9256,6.2242,-68.8654,-26.6623,IK_W_REFLECTED
G0181,R1,-13.5000,81.0000,121.5000,0.000000e+00,-7.629395e-06,7.629395e-06,5.651403e-05,-49.0490,11.7756,-30.1875,-50.4427,IK_W_REFLECTED
G0181,R2,13.5000,54.0000,121.5000,0.000000e+00,-7.629395e-06,7.629395e-06,5.651403e-05,-25.9256,-6.2242,-68.8654,-26.6623,IK_W_REFLECTED
G0181,R3,-13.5000,81.0000,121.5000,0.000000e+00,-7.629395e-06,7.629395e-06,5.651403e-05,-49.0490,11.7756,-30.1875,-50.4427,IK_W_REFLECTED
G0181,L1,13.5000,54.0000,121.5000,0.000000e+00,-7.629395e-06,7.629395e-06,5.651403e-05,-25.9256,-6.2242,-68.8654,-26.6623,IK_W_REFLECTED
G0181,L2,-13.5000,81.0000,121.5000,0.000000e+00,-7.629395e-06,7.629395e-06,5.651403e-05,-49.0490,11.7756,-30.1875,-50.4427,IK_W_REFLECTED
G0181,L3,13.5000,54.0000,121.5000,0.000000e+00,-7.629395e-06,7.629395e-06,5.651403e-05,-25.9256,-6.2242,-68.8654,-26.6623,IK_W_REFLECTED
G0182,R1,-13.5000,54.0000,121.5000,0.000000e+00,-7.629395e-06,7.629395e-06,5.651403e-05,-25.9256,6.2242,-68.8654,-26.6623,IK_W_REFLECTED
G0182,R2,13.5000,54.0000,121.5000,0.000000e+00,-7.629395e-06,7.629395e-06,5.651403e-05,-25.9256,-6.2242,-68.8654,-26.6623,IK_W_REFLECTED
G0182,R3,-13.5000,54.0000,121.5000,0.000000e+00,-7.629395e-06,7.629395e-06,5.651403e-05,-25.9256,6.2242,-68.8654,-26.6623,IK_W_REFLECTED
G0182,L1,13.5000,54.0000,121.5000,0.000000e+00,-7.629395e-06,7.629395e-06,5.651403e-05,-25.9256,-6.2242,-68.8654,-26.6623,IK_W_REFLECTED
G0182,L2,-13.5000,54.0000,121.5000,0.000000e+00,-7.629395e-06,7.629395e-06,5.651403e-05,-25.9256,6.2242,-68.8654,-26.6623,IK_W_REFLECTED
G0182,L3,13.5000,54.0000,121.5000,0.000000e+00,-7.629395e-06,7.629395e-06,5.651403e-05,-25.9256,-6.2242,-68.8654,-26.6623,IK_W_REFLECTED
G0183,R1,13.5000,54.0000,121.5000,0.000000e+00,-7.629395e-06,7.629395e-06,5.651403e-05,-25.9256,-6.2242,-68.8654,-26.6623,IK_W_REFLECTED
G0183,R2,-13.5000,81.0000,121.5000,0.000000e+00,-7.629395e-06,7.629395e-06,5.651403e-05,-49.0490,11.7756,-30.1875,-50.4427,IK_W_REFLECTED
G0183,R3,13.5000,54.0000,121.5000,0.000000e+00,-7.629395e-06,7.629395e-06,5.651403e-05,-25.9256,-6.2242,-68.8654,-26.6623,IK_W_REFLECTED
G0183,L1,-13.5000,81.0000,121.5000,0.000000e+00,-7.629395e-06,7.629395e-06,5.651403e-05,-49.0490,11.7756,-30.1875,-50.4427,IK_W_REFLECTED
G0183,L2,13.5000,54.0000,121.5000,0.000000e+00,-7.629395e-06,7.629395e-06,5.651403e-05,-25.9256,-6.2242,-68.8654,-26.6623,IK_W_REFLECTED
G0183,L3,-13.5000,81.0000,121.5000,0.000000e+00,-7.629395e-06,7.629395e-06,5.651403e-05,-49.0490,11.7756,-30.1875,-50.4427,IK_W_REFLECTED
G0184,R1,13.5000,54.0000,121.5000,0.000000e+00,-7.629395e-06,7.629395e-06,5.651403e-05,-25.9256,-6.2242,-68.8654,-26.6623,IK_W_REFLECTED
G0184,R2,-13.5000,54.0000,121.5000,0.000000e+00,-7.629395e-06,7.629395e-06,5.651403e-05,-25.9256,6.2242,-68.8654,-26.6623,IK_W_REFLECTED
G0184,R3,13.5000,54.0000,121.5000,0.000000e+00,-7.629395e-06,7.629395e-06,5.651403e-05,-25.9256,-6.2242,-68.8654,-26.6623,IK_W_REFLECTED
G0184,L1,-13.5000,54.0000,121.5000,0.000000e+00,-7.629395e-06,7.629395e-06,5.651403e-05,-25.9256,6.2242,-68.8654,-26.6623,IK_W_REFLECTED
G0184,L2,13.5000,54.0000,121.5000,0.000000e+00,-7.629395e-06,7.629395e-06,5.651403e-05,-25.9256,-6.2242,-68.8654,-26.6623,IK_W_REFLECTED
G0184,L3,-13.5000,54.0000,121.5000,0.000000e+00,-7.629395e-06,7.629395e-06,5.651403e-05,-25.9256,6.2242,-68.8654,-26.6623,IK_W_REFLECTED
G0185,R1,-13.5000,81.0000,121.5000,0.000000e+00,-7.629395e-06,7.629395e-06,5.651403e-05,-49.0490,11.7756,-30.1875,-50.4427,IK_W_REFLECTED
G0185,R2,13.5000,54.0000,121.5000,0.000000e+00,-7.629395e-06,7.629395e-06,5.651403e-05,-25.9256,-6.2242,-68.8654,-26.6623,IK_W_REFLECTED
G0185,R3,-13.5000,81.0000,121.5000,0.000000e+00,-7.629395e-06,7.629395e-06,5.651403e-05,-49.0490,11.7756,-30.1875,-50.4427,IK_W_REFLECTED
G0185,L1,13.5000,54.0000,121.5000,0.000000e+00,-7.629395e-06,7.629395e-06,5.651403e-05,-25.9256,-6.2242,-68.8654,-26.6623,IK_W_REFLECTED
G0185,L2,-13.5000,81.0000,121.5000,0.000000e+00,-7.629395e-06,7.629395e-06,5.651403e-05,-49.0490,11.7756,-30.1875,-50.4427,IK_W_REFLECTED
G0185,L3,13.5000,54.0000,121.5000,0.000000e+00,-7.629395e-06,7.629395e-06,5.651403e-05,-25.9256,-6.2242,-68.8654,-26.6623,IK_W_REFLECTED
G0186,R1,-13.5000,54.0000,121.5000,0.000000e+00,-7.629395e-06,7.629395e-06,5.651403e-05,-25.9256,6.2242,-68.8654,-26.6623,IK_W_REFLECTED
G0186,R2,13.5000,54.0000,121.5000,0.000000e+00,-7.629395e-06,7.629395e-06,5.651403e-05,-25.9256,-6.2242,-68.8654,-26.6623,IK_W_REFLECTED
G0186,R3,-13.5000,54.0000,121.5000,0.000000e+00,-7.629395e-06,7.629395e-06,5.651403e-05,-25.9256,6.2242,-68.8654,-26.6623,IK_W_REFLECTED
G0186,L1,13.5000,54.0000,121.5000,0.000000e+00,-7.629395e-06,7.629395e-06,5.651403e-05,-25.9256,-6.2242,-68.8654,-26.6623,IK_W_REFLECTED
G0186,L2,-13.5000,54.0000,121.5000,0.000000e+00,-7.629395e-06,7.629395e-06,5.651403e-05,-25.9256,6.2242,-68.8654,-26.6623,IK_W_REFLECTED
G0186,L3,13.5000,54.0000,121.5000,0.000000e+00,-7.629395e-06,7.629395e-06,5.651403e-05,-25.9256,-6.2242,-68.8654,-26.6623,IK_W_REFLECTED
G0187,R1,13.5000,54.0000,121.5000,0.000000e+00,-7.629395e-06,7.629395e-06,5.651403e-05,-25.9256,-6.2242,-68.8654,-26.6623,IK_W_REFLECTED
G0187,R2,-13.5000,81.0000,121.5000,0.000000e+00,-7.629395e-06,7.629395e-06,5.651403e-05,-49.0490,11.7756,-30.1875,-50.4427,IK_W_REFLECTED
G0187,R3,13.5000,54.0000,121.5000,0.000000e+00,-7.629395e-06,7.629395e-06,5.651403e-05,-25.9256,-6.2242,-68.8654,-26.6623,IK_W_REFLECTED
G0187,L1,-13.5000,81.0000,121.5000,0.000000e+00,-7.629395e-06,7.629395e-06,5.651403e-05,-49.0490,11.7756,-30.1875,-50.4427,IK_W_REFLECTED
G0187,L2,13.5000,54.0000,121.5000,0.000000e+00,-7.629395e-06,7.629395e-06,5.651403e-05,-25.9256,-6.2242,-68.8654,-26.6623,IK_W_REFLECTED
G0187,L3,-13.5000,81.0000,121.5000,0.000000e+00,-7.629395e-06,7.629395e-06,5.651403e-05,-49.0490,11.7756,-30.1875,-50.4427,IK_W_REFLECTED
G0188,R1,13.5000,54.0000,121.5000,0.000000e+00,-7.629395e-06,7.629395e-06,5.651403e-05,-25.9256,-6.2242,-68.8654,-26.6623,IK_W_REFLECTED
G0188,R2,-13.5000,54.0000,121.5000,0.000000e+00,-7.629395e-06,7.629395e-06,5.651403e-05,-25.9256,6.2242,-68.8654,-26.6623,IK_W_REFLECTED
G0188,R3,13.5000,54.0000,121.5000,0.000000e+00,-7.629395e-06,7.629395e-06,5.651403e-05,-25.9256,-6.2242,-68.8654,-26.6623,IK_W_REFLECTED
G0188,L1,-13.5000,54.0000,121.5000,0.000000e+00,-7.629395e-06,7.629395e-06,5.651403e-05,-25.9256,6.2242,-68.8654,-26.6623,IK_W_REFLECTED
G0188,L2,13.5000,54.0000,121.5000,0.000000e+00,-7.629395e-06,7.629395e-06,5.651403e-05,-25.9256,-6.2242,-68.8654,-26.6623,IK_W_REFLECTED
G0188,L3,-13.5000,54.0000,121.5000,0.000000e+00,-7.629395e-06,7.629395e-06,5.651403e-05,-25.9256,6.2242,-68.8654,-26.6623,IK_W_REFLECTED
G0189,R1,0.0000,40.5000,121.5000,0.000000e+00,0.000000e+00,0.000000e+00,0.000000e+00,-8.6888,-0.0000,-82.9915,-8.6888,IK_W_REFLECTED
G0189,R2,0.0000,40.5000,121.5000,0.000000e+00,0.000000e+00,0.000000e+00,0.000000e+00,-8.6888,-0.0000,-82.9915,-8.6888,IK_W_REFLECTED
G0189,R3,0.0000,40.5000,121.5000,0.000000e+00,0.000000e+00,0.000000e+00,0.000000e+00,-8.6888,-0.0000,-82.9915,-8.6888,IK_W_REFLECTED
G0189,L1,0.0000,40.5000,121.5000,0.000000e+00,0.000000e+00,0.000000e+00,0.000000e+00,-8.6888,-0.0000,-82.9915,-8.6888,IK_W_REFLECTED
G0189,L2,0.0000,40.5000,121.5000,0.000000e+00,0.000000e+00,0.000000e+00,0.000000e+00,-8.6888,-0.0000,-82.9915,-8.6888,IK_W_REFLECTED
G0189,L3,0.0000,40.5000,121.5000,0.000000e+00,0.000000e+00,0.000000e+00,0.000000e+00,-8.6888,-0.0000,-82.9915,-8.6888,IK_W_REFLECTED
G0190,R1,0.0000,0.0000,0.0000,0.000000e+00,0.000000e+00,0.000000e+00,0.000000e+00,228.8231,0.0000,-0.0000,228.8231,IK_OK
G0190,R2,0.0000,0.0000,0.0000,0.000000e+00,0.000000e+00,0.000000e+00,0.000000e+00,228.8231,0.0000,-0.0000,228.8231,IK_OK
G0190,R3,0.0000,0.0000,0.0000,0.000000e+00,0.000000e+00,0.000000e+00,0.000000e+00,228.8231,0.0000,-0.0000,228.8231,IK_OK
G0190,L1,0.0000,0.0000,0.0000,0.000000e+00,0.000000e+00,0.000000e+00,0.000000e+00,228.8231,0.0000,-0.0000,228.8231,IK_OK
G0190,L2,0.0000,0.0000,0.0000,0.000000e+00,0.000000e+00,0.000000e+00,0.000000e+00,228.8231,0.0000,-0.0000,228.8231,IK_OK
G0190,L3,0.0000,0.0000,0.0000,0.000000e+00,0.000000e+00,0.000000e+00,0.000000e+00,228.8231,0.0000,-0.0000,228.8231,IK_OK
G0191,R1,0.0000,81.0000,81.0000,0.000000e+00,0.000000e+00,0.000000e+00,0.000000e+00,-53.5035,-0.0000,-108.0889,-53.5035,IK_W_REFLECTED
G0191,R2,0.0000,81.0000,81.0000,0.000000e+00,0.000000e+00,0.000000e+00,0.000000e+00,-53.5035,-0.0000,-108.0889,-53.5035,IK_W_REFLECTED
G0191,R3,0.0000,81.0000,81.0000,0.000000e+00,0.000000e+00,0.000000e+00,0.000000e+00,-53.5035,-0.0000,-108.0889,-53.5035,IK_W_REFLECTED
G0191,L1,0.0000,81.0000,81.0000,0.000000e+00,0.000000e+00,0.000000e+00,0.000000e+00,-53.5035,-0.0000,-108.0889,-53.5035,IK_W_REFLECTED
G0191,L2,0.0000,81.0000,81.0000,0.000000e+00,0.000000e+00,0.000000e+00,0.000000e+00,-53.5035,-0.0000,-108.0889,-53.5035,IK_W_REFLECTED
G0191,L3,0.0000,81.0000,81.0000,0.000000e+00,0.000000e+00,0.000000e+00,0.000000e+00,-53.5035,-0.0000,-108.0889,-53.5035,IK_W_REFLECTED
G0192,R1,0.0000,94.5000,81.0000,0.000000e+00,0.000000e+00,0.000000e+00,0.000000e+00,-76.0976,-0.0000,-82.8076,-76.0976,IK_W_REFLECTED
G0192,R2,0.0000,94.5000,81.0000,0.000000e+00,0.000000e+00,0.000000e+00,0.000000e+00,-76.0976,-0.0000,-82.8076,-76.0976,IK_W_REFLECTED
G0192,R3,0.0000,94.5000,81.0000,0.000000e+00,0.000000e+00,0.000000e+00,0.000000e+00,-76.0976,-0.0000,-82.8076,-76.0976,IK_W_REFLECTED
G0192,L1,0.0000,94.5000,81.0000,0.000000e+00,0.000000e+00,0.000000e+00,0.000000e+00,-76.0976,-0.0000,-82.8076,-76.0976,IK_W_REFLECTED
G0192,L2,0.0000,94.5000,81.0000,0.000000e+00,0.000000e+00,0.000000e+00,0.000000e+00,-76.0976,-0.0000,-82.8076,-76.0976,IK_W_REFLECTED
G0192,L3,0.0000,94.5000,81.0000,0.000000e+00,0.000000e+00,0.000000e+00,0.000000e+00,-76.0976,-0.0000,-82.8076,-76.0976,IK_W_REFLECTED
G0193,R1,0.0000,81.0000,81.0000,0.000000e+00,0.000000e+00,0.000000e+00,0.000000e+00,-53.5035,-0.0000,-108.0889,-53.5035,IK_W_REFLECTED
G0193,R2,0.0000,81.0000,81.0000,0.000000e+00,0.000000e+00,0.000000e+00,0.000000e+00,-53.5035,-0.0000,-108.0889,-53.5035,IK_W_REFLECTED
G0193,R3,0.0000,81.0000,81.0000,0.000000e+00,0.000000e+00,0.000000e+00,0.000000e+00,-53.5035,-0.0000,-108.0889,-53.5035,IK_W_REFLECTED
G0193,L1,0.0000,81.0000,81.0000,0.000000e+00,0.000000e+00,0.000000e+00,0.000000e+00,-53.5035,-0.0000,-108.0889,-53.5035,IK_W_REFLECTED
G0193,L2,0.0000,81.0000,81.0000,0.000000e+00,0.000000e+00,0.000000e+00,0.000000e+00,-53.5035,-0.0000,-108.0889,-53.5035,IK_W_REFLECTED
G0193,L3,0.0000,81.0000,81.0000,0.000000e+00,0.000000e+00,0.000000e+00,0.000000e+00,-53.5035,-0.0000,-108.0889,-53.5035,IK_W_REFLECTED
G0194,R1,0.0000,94.5000,81.0000,0.000000e+00,0.000000e+00,0.000000e+00,0.000000e+00,-76.0976,-0.0000,-82.8076,-76.0976,IK_W_REFLECTED
G0194,R2,0.0000,94.5000,81.0000,0.000000e+00,0.000000e+00,0.000000e+00,0.000000e+00,-76.0976,-0.0000,-82.8076,-76.0976,IK_W_REFLECTED
G0194,R3,0.0000,94.5000,81.0000,0.000000e+00,0.000000e+00,0.000000e+00,0.000000e+00,-76.0976,-0.0000,-82.8076,-76.0976,IK_W_REFLECTED
G0194,L1,0.0000,94.5000,81.0000,0.000000e+00,0.000000e+00,0.000000e+00,0.000000e+00,-76.0976,-0.0000,-82.8076,-76.0976,IK_W_REFLECTED
G0194,L2,0.0000,94.5000,81.0000,0.000000e+00,0.000000e+00,0.000000e+00,0.000000e+00,-76.0976,-0.0000,-82.8076,-76.0976,IK_W_REFLECTED
G0194,L3,0.0000,94.5000,81.0000,0.000000e+00,0.000000e+00,0.000000e+00,0.000000e+00,-76.0976,-0.0000,-82.8076,-76.0976,IK_W_REFLECTED
G0195,R1,0.0000,81.0000,81.0000,0.000000e+00,0.000000e+00,0.000000e+00,0.000000e+00,-53.5035,-0.0000,-108.0889,-53.5035,IK_W_REFLECTED
G0195,R2,0.0000,81.0000,81.0000,0.000000e+00,0.000000e+00,0.000000e+00,0.000000e+00,-53.5035,-0.0000,-108.0889,-53.5035,IK_W_REFLECTED
G0195,R3,0.0000,81.0000,81.0000,0.000000e+00,0.000000e+00,0.000000e+00,0.000000e+00,-53.5035,-0.0000,-108.0889,-53.5035,IK_W_REFLECTED
G0195,L1,0.0000,81.0000,81.0000,0.000000e+00,0.000000e+00,0.000000e+00,0.000000e+00,-53.5035,-0.0000,-108.0889,-53.5035,IK_W_REFLECTED
G0195,L2,0.0000,81.0000,81.0000,0.000000e+00,0.000000e+00,0.000000e+00,0.000000e+00,-53.5035,-0.0000,-108.0889,-53.5035,IK_W_REFLECTED
G0195,L3,0.0000,81.0000,81.0000,0.000000e+00,0.000000e+00,0.000000e+00,0.000000e+00,-53.5035,-0.0000,-108.0889,-53.5035,IK_W_REFLECTED
G0196,R1,0.0000,94.5000,81.0000,0.000000e+00,0.000000e+00,0.000000e+00,0.000000e+00,-76.0976,-0.0000,-82.8076,-76.0976,IK_W_REFLECTED
G0196,R2,0.0000,94.5000,81.0000,0.000000e+00,0.000000e+00,0.000000e+00,0.000000e+00,-76.0976,-0.0000,-82.8076,-76.0976,IK_W_REFLECTED
G0196,R3,0.0000,94.5000,81.0000,0.000000e+00,0.000000e+00,0.000000e+00,0.000000e+00,-76.0976,-0.0000,-82.8076,-76.0976,IK_W_REFLECTED
G0196,L1,0.0000,94.5000,81.0000,0.000000e+00,0.000000e+00,0.000000e+00,0.000000e+00,-76.0976,-0.0000,-82.8076,-76.0976,IK_W_REFLECTED
G0196,L2,0.0000,94.5000,81.0000,0.000000e+00,0.000000e+00,0.000000e+00,0.000000e+00,-76.0976,-0.0000,-82.8076,-76.0976,IK_W_REFLECTED
G0196,L3,0.0000,94.5000,81.0000,0.000000e+00,0.000000e+00,0.000000e+00,0.000000e+00,-76.0976,-0.0000,-82.8076,-76.0976,IK_W_REFLECTED
G0197,R1,0.0000,81.0000,81.0000,0.000000e+00,0.000000e+00,0.000000e+00,0.000000e+00,-53.5035,-0.0000,-108.0889,-53.5035,IK_W_REFLECTED
G0197,R2,0.0000,81.0000,81.0000,0.000000e+00,0.000000e+00,0.000000e+00,0.000000e+00,-53.5035,-0.0000,-108.0889,-53.5035,IK_W_REFLECTED
G0197,R3,0.0000,81.0000,81.0000,0.000000e+00,0.000000e+00,0.000000e+00,0.000000e+00,-53.5035,-0.0000,-108.0889,-53.5035,IK_W_REFLECTED
G0197,L1,0.0000,81.0000,81.0000,0.000000e+00,0.000000e+00,0.000000e+00,0.000000e+00,-53.5035,-0.0000,-108.0889,-53.5035,IK_W_REFLECTED
G0197,L2,0.0000,81.0000,81.0000,0.000000e+00,0.000000e+00,0.000000e+00,0.000000e+00,-53.5035,-0.0000,-108.0889,-53.5035,IK_W_REFLECTED
G0197,L3,0.0000,81.0000,81.0000,0.000000e+00,0.000000e+00,0.000000e+00,0.000000e+00,-53.5035,-0.0000,-108.0889,-53.5035,IK_W_REFLECTED
G0198,R1,0.0000,94.5000,81.0000,0.000000e+00,0.000000e+00,0.000000e+00,0.000000e+00,-76.0976,-0.0000,-82.8076,-76.0976,IK_W_REFLECTED
G0198,R2,0.0000,94.5000,81.0000,0.000000e+00,0.000000e+00,0.000000e+00,0.000000e+00,-76.0976,-0.0000,-82.8076,-76.0976,IK_W_REFLECTED
G0198,R3,0.0000,94.5000,81.0000,0.000000e+00,0.000000e+00,0.000000e+00,0.000000e+00,-76.0976,-0.0000,-82.8076,-76.0976,IK_W_REFLECTED
G0198,L1,0.0000,94.5000,81.0000,0.000000e+00,0.000000e+00,0.000000e+00,0.000000e+00,-76.0976,-0.0000,-82.8076,-76.0976,IK_W_REFLECTED
G0198,L2,0.0000,94.5000,81.0000,0.000000e+00,0.000000e+00,0.000000e+00,0.000000e+00,-76.0976,-0.0000,-82.8076,-76.0976,IK_W_REFLECTED
G0198,L3,0.0000,94.5000,81.0000,0.000000e+00,0.000000e+00,0.000000e+00,0.000000e+00,-76.0976,-0.0000,-82.8076,-76.0976,IK_W_REFLECTED
G0199,R1,0.0000,81.0000,81.0000,0.000000e+00,0.000000e+00,0.000000e+00,0.000000e+00,-53.5035,-0.0000,-108.0889,-53.5035,IK_W_REFLECTED
G0199,R2,0.0000,81.0000,81.0000,0.000000e+00,0.000000e+00,0.000000e+00,0.000000e+00,-53.5035,-0.0000,-108.0889,-53.5035,IK_W_REFLECTED
G0199,R3,0.0000,81.0000,81.0000,0.000000e+00,0.000000e+00,0.000000e+00,0.000000e+00,-53.5035,-0.0000,-108.0889,-53.5035,IK_W_REFLECTED
G0199,L1,0.0000,81.0000,81.0000,0.000000e+00,0.000000e+00,0.000000e+00,0.000000e+00,-53.5035,-0.0000,-108.0889,-53.5035,IK_W_REFLECTED
G0199,L2,0.0000,81.0000,81.0000,0.000000e+00,0.000000e+00,0.000000e+00,0.000000e+00,-53.5035,-0.0000,-108.0889,-53.5035,IK_W_REFLECTED
G0199,L3,0.0000,81.0000,81.0000,0.000000e+00,0.000000e+00,0.000000e+00,0.000000e+00,-53.5035,-0.0000,-108.0889,-53.5035,IK_W_REFLECTED
G0200,R1,0.0000,94.5000,81.0000,0.000000e+00,0.000000e+00,0.000000e+00,0.000000e+00,-76.0976,-0.0000,-82.8076,-76.0976,IK_W_REFLECTED
G0200,R2,0.0000,94.5000,81.0000,0.000000e+00,0.000000e+00,0.000000e+00,0.000000e+00,-76.0976,-0.0000,-82.8076,-76.0976,IK_W_REFLECTED
G0200,R3,0.0000,94.5000,81.0000,0.000000e+00,0.000000e+00,0.000000e+00,0.000000e+00,-76.0976,-0.0000,-82.8076,-76.0976,IK_W_REFLECTED
G0200,L1,0.0000,94.5000,81.0000,0.000000e+00,0.000000e+00,0.000000e+00,0.000000e+00,-76.0976,-0.0000,-82.8076,-76.0976,IK_W_REFLECTED
G0200,L2,0.0000,94.5000,81.0000,0.000000e+00,0.000000e+00,0.000000e+00,0.000000e+00,-76.0976,-0.0000,-82.8076,-76.0976,IK_W_REFLECTED
G0200,L3,0.0000,94.5000,81.0000,0.000000e+00,0.000000e+00,0.000000e+00,0.000000e+00,-76.0976,-0.0000,-82.8076,-76.0976,IK_W_REFLECTED
G0201,R1,0.0000,94.5000,121.5000,0.000000e+00,-7.629395e-06,7.629395e-06,5.651403e-05,-54.9357,-0.0000,-7.7731,-54.9357,IK_W_REFLECTED
G0201,R2,0.0000,94.5000,121.5000,0.000000e+00,-7.629395e-06,7.629395e-06,5.651403e-05,-54.9357,-0.0000,-7.7731,-54.9357,IK_W_REFLECTED
G0201,R3,0.0000,94.5000,121.5000,0.000000e+00,-7.629395e-06,7.629395e-06,5.651403e-05,-54.9357,-0.0000,-7.7731,-54.9357,IK_W_REFLECTED
G0201,L1,0.0000,94.5000,121.5000,0.000000e+00,-7.629395e-06,7.629395e-06,5.651403e-05,-54.9357,-0.0000,-7.7731,-54.9357,IK_W_REFLECTED
G0201,L2,0.0000,94.5000,121.5000,0.000000e+00,-7.629395e-06,7.629395e-06,5.651403e-05,-54.9357,-0.0000,-7.7731,-54.9357,IK_W_REFLECTED
G0201,L3,0.0000,94.5000,121.5000,0.000000e+00,-7.629395e-06,7.629395e-06,5.651403e-05,-54.9357,-0.0000,-7.7731,-54.9357,IK_W_REFLECTED
G0202,R1,0.0000,94.5000,81.0000,0.000000e+00,0.000000e+00,0.000000e+00,0.000000e+00,-76.0976,-0.0000,-82.8076,-76.0976,IK_W_REFLECTED
G0202,R2,0.0000,94.5000,81.0000,0.000000e+00,0.000000e+00,0.000000e+00,0.000000e+00,-76.0976,-0.0000,-82.8076,-76.0976,IK_W_REFLECTED
G0202,R3,0.0000,94.5000,81.0000,0.000000e+00,0.000000e+00,0.000000e+00,0.000000e+00,-76.0976,-0.0000,-82.8076,-76.0976,IK_W_REFLECTED
G0202,L1,0.0000,94.5000,81.0000,0.000000e+00,0.000000e+00,0.000000e+00,0.000000e+00,-76.0976,-0.0000,-82.8076,-76.0976,IK_W_REFLECTED
G0202,L2,0.0000,94.5000,81.0000,0.000000e+00,0.000000e+00,0.000000e+00,0.000000e+00,-76.0976,-0.0000,-82.8076,-76.0976,IK_W_REFLECTED
G0202,L3,0.0000,94.5000,81.0000,0.000000e+00,0.000000e+00,0.000000e+00,0.000000e+00,-76.0976,-0.0000,-82.8076,-76.0976,IK_W_REFLECTED
G0203,R1,0.0000,94.5000,121.5000,0.000000e+00,-7.629395e-06,7.629395e-06,5.651403e-05,-54.9357,-0.0000,-7.7731,-54.9357,IK_W_REFLECTED
G0203,R2,0.0000,94.5000,121.5000,0.000000e+00,-7.629395e-06,7.629395e-06,5.651403e-05,-54.9357,-0.0000,-7.7731,-54.9357,IK_W_REFLECTED
G0203,R3,0.0000,94.5000,121.5000,0.000000e+00,-7.629395e-06,7.629395e-06,5.651403e-05,-54.9357,-0.0000,-7.7731,-54.9357,IK_W_REFLECTED
G0203,L1,0.0000,94.5000,121.5000,0.000000e+00,-7.629395e-06,7.629395e-06,5.651403e-05,-54.9357,-0.0000,-7.7731,-54.9357,IK_W_REFLECTED
G0203,L2,0.0000,94.5000,121.5000,0.000000e+00,-7.629395e-06,7.629395e-06,5.651403e-05,-54.9357,-0.0000,-7.7731,-54.9357,IK_W_REFLECTED
G0203,L3,0.0000,94.5000,121.5000,0.000000e+00,-7.629395e-06,7.629395e-06,5.651403e-05,-54.9357,-0.0000,-7.7731,-54.9357,IK_W_REFLECTED
G0204,R1,0.0000,40.5000,121.5000,0.000000e+00,0.000000e+00,0.000000e+00,0.000000e+00,-8.6888,-0.0000,-82.9915,-8.6888,IK_W_REFLECTED
G0204,R2,0.0000,40.5000,121.5000,0.000000e+00,0.000000e+00,0.000000e+00,0.000000e+00,-8.6888,-0.0000,-82.9915,-8.6888,IK_W_REFLECTED
G0204,R3,0.0000,40.5000,121.5000,0.000000e+00,0.000000e+00,0.000000e+00,0.000000e+00,-8.6888,-0.0000,-82.9915,-8.6888,IK_W_REFLECTED
G0204,L1,0.0000,40.5000,121.5000,0.000000e+00,0.000000e+00,0.000000e+00,0.000000e+00,-8.6888,-0.0000,-82.9915,-8.6888,IK_W_REFLECTED
G0204,L2,0.0000,40.5000,121.5000,0.000000e+00,0.000000e+00,0.000000e+00,0.000000e+00,-8.6888,-0.0000,-82.9915,-8.6888,IK_W_REFLECTED
G0204,L3,0.0000,40.5000,121.5000,0.000000e+00,0.000000e+00,0.000000e+00,0.000000e+00,-8.6888,-0.0000,-82.9915,-8.6888,IK_W_REFLECTED
G0205,R1,0.0000,40.5000,121.5000,0.000000e+00,0.000000e+00,0.000000e+00,0.000000e+00,-8.6888,-0.0000,-82.9915,-8.6888,IK_W_REFLECTED
G0205,R2,0.0000,40.5000,121.5000,0.000000e+00,0.000000e+00,0.000000e+00,0.000000e+00,-8.6888,-0.0000,-82.9915,-8.6888,IK_W_REFLECTED
G0205,R3,0.0000,40.5000,121.5000,0.000000e+00,0.000000e+00,0.000000e+00,0.000000e+00,-8.6888,-0.0000,-82.9915,-8.6888,IK_W_REFLECTED
G0205,L1,0.0000,40.5000,121.5000,0.000000e+00,0.000000e+00,0.000000e+00,0.000000e+00,-8.6888,-0.0000,-82.9915,-8.6888,IK_W_REFLECTED
G0205,L2,0.0000,40.5000,121.5000,0.000000e+00,0.000000e+00,0.000000e+00,0.000000e+00,-8.6888,-0.0000,-82.9915,-8.6888,IK_W_REFLECTED
G0205,L3,0.0000,40.5000,121.5000,0.000000e+00,0.000000e+00,0.000000e+00,0.000000e+00,-8.6888,-0.0000,-82.9915,-8.6888,IK_W_REFLECTED
G0206,R1,13.5000,81.0000,121.5000,0.000000e+00,-7.629395e-06,7.629395e-06,5.651403e-05,-49.0490,-11.7756,-30.1875,-50.4427,IK_W_REFLECTED
G0206,R2,-13.5000,54.0000,121.5000,0.000000e+00,-7.629395e-06,7.629395e-06,5.651403e-05,-25.9256,6.2242,-68.8654,-26.6623,IK_W_REFLECTED
G0206,R3,13.5000,81.0000,121.5000,0.000000e+00,-7.629395e-06,7.629395e-06,5.651403e-05,-49.0490,-11.7756,-30.1875,-50.4427,IK_W_REFLECTED
G0206,L1,-13.5000,54.0000,121.5000,0.000000e+00,-7.629395e-06,7.629395e-06,5.651403e-05,-25.9256,6.2242,-68.8654,-26.6623,IK_W_REFLECTED
G0206,L2,13.5000,81.0000,121.5000,0.000000e+00,-7.629395e-06,7.629395e-06,5.651403e-05,-49.0490,-11.7756,-30.1875,-50.4427,IK_W_REFLECTED
G0206,L3,-13.5000,54.0000,121.5000,0.000000e+00,-7.629395e-06,7.629395e-06,5.651403e-05,-25.9256,6.2242,-68.8654,-26.6623,IK_W_REFLECTED
G0207,R1,13.5000,54.0000,121.5000,0.000000e+00,-7.629395e-06,7.629395e-06,5.651403e-05,-25.9256,-6.2242,-68.8654,-26.6623,IK_W_REFLECTED
G0207,R2,-13.5000,54.0000,121.5000,0.000000e+00,-7.629395e-06,7.629395e-06,5.651403e-05,-25.9256,6.2242,-68.8654,-26.6623,IK_W_REFLECTED
G0207,R3,13.5000,54.0000,121.5000,0.000000e+00,-7.629395e-06,7.629395e-06,5.651403e-05,-25.9256,-6.2242,-68.8654,-26.6623,IK_W_REFLECTED
G0207,L1,-13.5000,54.0000,121.5000,0.000000e+00,-7.629395e-06,7.629395e-06,5.651403e-05,-25.9256,6.2242,-68.8654,-26.6623,IK_W_REFLECTED
G0207,L2,13.5000,54.0000,121.5000,0.000000e+00,-7.629395e-06,7.629395e-06,5.651403e-05,-25.9256,-6.2242,-68.8654,-26.6623,IK_W_REFLECTED
G0207,L3,-13.5000,54.0000,121.5000,0.000000e+00,-7.629395e-06,7.629395e-06,5.651403e-05,-25.9256,6.2242,-68.8654,-26.6623,IK_W_REFLECTED
G0208,R1,-13.5000,54.0000,121.5000,0.000000e+00,-7.629395e-06,7.629395e-06,5.651403e-05,-25.9256,6.2242,-68.8654,-26.6623,IK_W_REFLECTED
G0208,R2,13.5000,81.0000,121.5000,0.000000e+00,-7.629395e-06,7.629395e-06,5.651403e-05,-49.0490,-11.7756,-30.1875,-50.4427,IK_W_REFLECTED
G0208,R3,-13.5000,54.0000,121.5000,0.000000e+00,-7.629395e-06,7.629395e-06,5.651403e-05,-25.9256,6.2242,-68.8654,-26.6623,IK_W_REFLECTED
G0208,L1,13.5000,81.0000,121.5000,0.000000e+00,-7.629395e-06,7.629395e-06,5.651403e-05,-49.0490,-11.7756,-30.1875,-50.4427,IK_W_REFLECTED
G0208,L2,-13.5000,54.0000,121.5000,0.000000e+00,-7.629395e-06,7.629395e-06,5.651403e-05,-25.9256,6.2242,-68.8654,-26.6623,IK_W_REFLECTED
G0208,L3,13.5000,81.0000,121.5000,0.000000e+00,-7.629395e-06,7.629395e-06,5.651403e-05,-49.0490,-11.7756,-30.1875,-50.4427,IK_W_REFLECTED
G0209,R1,-13.5000,54.0000,121.5000,0.000000e+00,-7.629395e-06,7.629395e-06,5.651403e-05,-25.9256,6.2242,-68.8654,-26.6623,IK_W_REFLECTED
G0209,R2,13.5000,54.0000,121.5000,0.000000e+00,-7.629395e-06,7.629395e-06,5.651403e-05,-25.9256,-6.2242,-68.8654,-26.6623,IK_W_REFLECTED
G0209,R3,-13.5000,54.0000,121.5000,0.000000e+00,-7.629395e-06,7.629395e-06,5.651403e-05,-25.9256,6.2242,-68.8654,-26.6623,IK_W_REFLECTED
G0209,L1,13.5000,54.0000,121.5000,0.000000e+00,-7.629395e-06,7.629395e-06,5.651403e-05,-25.9256,-6.2242,-68.8654,-26.6623,IK_W_REFLECTED
G0209,L2,-13.5000,54.0000,121.5000,0.000000e+00,-7.629395e-06,7.629395e-06,5.651403e-05,-25.9256,6.2242,-68.8654,-26.6623,IK_W_REFLECTED
G0209,L3,13.5000,54.0000,121.5000,0.000000e+00,-7.629395e-06,7.629395e-06,5.651403e-05,-25.9256,-6.2242,-68.8654,-26.6623,IK_W_REFLECTED
G0210,R1,13.5000,81.0000,121.5000,0.000000e+00,-7.629395e-06,7.629395e-06,5.651403e-05,-49.0490,-11.7756,-30.1875,-50.4427,IK_W_REFLECTED
G0210,R2,-13.5000,54.0000,121.5000,0.000000e+00,-7.629395e-06,7.629395e-06,5.651403e-05,-25.9256,6.2242,-68.8654,-26.6623,IK_W_REFLECTED
G0210,R3,13.5000,81.0000,121.5000,0.000000e+00,-7.629395e-06,7.629395e-06,5.651403e-05,-49.0490,-11.7756,-30.1875,-50.4427,IK_W_REFLECTED
G0210,L1,-13.5000,54.0000,121.5000,0.000000e+00,-7.629395e-06,7.629395e-06,5.651403e-05,-25.9256,6.2242,-68.8654,-26.6623,IK_W_REFLECTED
G0210,L2,13.5000,81.0000,121.5000,0.000000e+00,-7.629395e-06,7.629395e-06,5.651403e-05,-49.0490,-11.7756,-30.1875,-50.4427,IK_W_REFLECTED
G0210,L3,-13.5000,54.0000,121.5000,0.000000e+00,-7.629395e-06,7.629395e-06,5.651403e-05,-25.9256,6.2242,-68.8654,-26.6623,IK_W_REFLECTED
G0211,R1,13.5000,54.0000,121.5000,0.000000e+00,-7.629395e-06,7.629395e-06,5.651403e-05,-25.9256,-6.2242,-68.8654,-26.6623,IK_W_REFLECTED
G0211,R2,-13.5000,54.0000,121.5000,0.000000e+00,-7.629395e-06,7.629395e-06,5.651403e-05,-25.9256,6.2242,-68.8654,-26.6623,IK_W_REFLECTED
G0211,R3,13.5000,54.0000,121.5000,0.000000e+00,-7.629395e-06,7.629395e-06,5.651403e-05,-25.9256,-6.2242,-68.8654,-26.6623,IK_W_REFLECTED
G0211,L1,-13.5000,54.0000,121.5000,0.000000e+00,-7.629395e-06,7.629395e-06,5.651403e-05,-25.9256,6.2242,-68.8654,-26.6623,IK_W_REFLECTED
G0211,L2,13.5000,54.0000,121.5000,0.000000e+00,-7.629395e-06,7.629395e-06,5.651403e-05,-25.9256,-6.2242,-68.8654,-26.6623,IK_W_REFLECTED
G0211,L3,-13.5000,54.0000,121.5000,0.000000e+00,-7.629395e-06,7.629395e-06,5.651403e-05,-25.9256,6.2242,-68.8654,-26.6623,IK_W_REFLECTED
G0212,R1,-13.5000,54.0000,121.5000,0.000000e+00,-7.629395e-06,7.629395e-06,5.651403e-05,-25.9256,6.2242,-68.8654,-26.6623,IK_W_REFLECTED
G0212,R2,13.5000,81.0000,121.5000,0.000000e+00,-7.629395e-06,7.629395e-06,5.651403e-05,-49.0490,-11.7756,-30.1875,-50.4427,IK_W_REFLECTED
G0212,R3,-13.5000,54.0000,121.5000,0.000000e+00,-7.629395e-06,7.629395e-06,5.651403e-05,-25.9256,6.2242,-68.8654,-26.6623,IK_W_REFLECTED
G0212,L1,13.5000,81.0000,121.5000,0.000000e+00,-7.629395e-06,7.629395e-06,5.651403e-05,-49.0490,-11.7756,-30.1875,-50.4427,IK_W_REFLECTED
G0212,L2,-13.5000,54.0000,121.5000,0.000000e+00,-7.629395e-06,7.629395e-06,5.651403e-05,-25.9256,6.2242,-68.8654,-26.6623,IK_W_REFLECTED
G0212,L3,13.5000,81.0000,121.5000,0.000000e+00,-7.629395e-06,7.629395e-06,5.651403e-05,-49.0490,-11.7756,-30.1875,-50.4427,IK_W_REFLECTED
G0213,R1,-13.5000,54.0000,121.5000,0.000000e+00,-7.629395e-06,7.629395e-06,5.651403e-05,-25.9256,6.2242,-68.8654,-26.6623,IK_W_REFLECTED
G0213,R2,13.5000,54.0000,121.5000,0.000000e+00,-7.629395e-06,7.629395e-06,5.651403e-05,-25.9256,-6.2242,-68.8654,-26.6623,IK_W_REFLECTED
G0213,R3,-13.5000,54.0000,121.5000,0.000000e+00,-7.629395e-06,7.629395e-06,5.651403e-05,-25.9256,6.2242,-68.8654,-26.6623,IK_W_REFLECTED
G0213,L1,13.5000,54.0000,121.5000,0.000000e+00,-7.629395e-06,7.629395e-06,5.651403e-05,-25.9256,-6.2242,-68.8654,-26.6623,IK_W_REFLECTED
G0213,L2,-13.5000,54.0000,121.5000,0.000000e+00,-7.629395e-06,7.629395e-06,5.651403e-05,-25.9256,6.2242,-68.8654,-26.6623,IK_W_REFLECTED
G0213,L3,13.5000,54.0000,121.5000,0.000000e+00,-7.629395e-06,7.629395e-06,5.651403e-05,-25.9256,-6.2242,-68.8654,-26.6623,IK_W_REFLECTED
G0214,R1,13.5000,81.0000,121.5000,0.000000e+00,-7.629395e-06,7.629395e-06,5.651403e-05,-49.0490,-11.7756,-30.1875,-50.4427,IK_W_REFLECTED
G0214,R2,-13.5000,54.0000,121.5000,0.000000e+00,-7.629395e-06,7.629395e-06,5.651403e-05,-25.9256,6.2242,-68.8654,-26.6623,IK_W_REFLECTED
G0214,R3,13.5000,81.0000,121.5000,0.000000e+00,-7.629395e-06,7.629395e-06,5.651403e-05,-49.0490,-11.7756,-30.1875,-50.4427,IK_W_REFLECTED
G0214,L1,-13.5000,54.0000,121.5000,0.000000e+00,-7.629395e-06,7.629395e-06,5.651403e-05,-25.9256,6.2242,-68.8654,-26.6623,IK_W_REFLECTED
G0214,L2,13.5000,81.0000,121.5000,0.000000e+00,-7.629395e-06,7.629395e-06,5.651403e-05,-49.0490,-11.7756,-30.1875,-50.4427,IK_W_REFLECTED
G0214,L3,-13.5000,54.0000,121.5000,0.000000e+00,-7.629395e-06,7.629395e-06,5.651403e-05,-25.9256,6.2242,-68.8654,-26.6623,IK_W_REFLECTED
G0215,R1,13.5000,54.0000,121.5000,0.000000e+00,-7.629395e-06,7.629395e-06,5.651403e-05,-25.9256,-6.2242,-68.8654,-26.6623,IK_W_REFLECTED
G0215,R2,-13.5000,54.0000,121.5000,0.000000e+00,-7.629395e-06,7.629395e-06,5.651403e-05,-25.9256,6.2242,-68.8654,-26.6623,IK_W_REFLECTED
G0215,R3,13.5000,54.0000,121.5000,0.000000e+00,-7.629395e-06,7.629395e-06,5.651403e-05,-25.9256,-6.2242,-68.8654,-26.6623,IK_W_REFLECTED
G0215,L1,-13.5000,54.0000,121.5000,0.000000e+00,-7.629395e-06,7.629395e-06,5.651403e-05,-25.9256,6.2242,-68.8654,-26.6623,IK_W_REFLECTED
G0215,L2,13.5000,54.0000,121.5000,0.000000e+00,-7.629395e-06,7.629395e-06,5.651403e-05,-25.9256,-6.2242,-68.8654,-26.6623,IK_W_REFLECTED
G0215,L3,-13.5000,54.0000,121.5000,0.000000e+00,-7.629395e-06,7.629395e-06,5.651403e-05,-25.9256,6.2242,-68.8654,-26.6623,IK_W_REFLECTED
G0216,R1,-13.5000,54.0000,121.5000,0.000000e+00,-7.629395e-06,7.629395e-06,5.651403e-05,-25.9256,6.2242,-68.8654,-26.6623,IK_W_REFLECTED
G0216,R2,13.5000,81.0000,121.5000,0.000000e+00,-7.629395e-06,7.629395e-06,5.651403e-05,-49.0490,-11.7756,-30.1875,-50.4427,IK_W_REFLECTED
G0216,R3,-13.5000,54.0000,121.5000,0.000000e+00,-7.629395e-06,7.629395e-06,5.651403e-05,-25.9256,6.2242,-68.8654,-26.6623,IK_W_REFLECTED
G0216,L1,13.5000,81.0000,121.5000,0.000000e+00,-7.629395e-06,7.629395e-06,5.651403e-05,-49.0490,-11.7756,-30.1875,-50.4427,IK_W_REFLECTED
G0216,L2,-13.5000,54.0000,121.5000,0.000000e+00,-7.629395e-06,7.629395e-06,5.651403e-05,-25.9256,6.2242,-68.8654,-26.6623,IK_W_REFLECTED
G0216,L3,13.5000,81.0000,121.5000,0.000000e+00,-7.629395e-06,7.629395e-06,5.651403e-05,-49.0490,-11.7756,-30.1875,-50.4427,IK_W_REFLECTED
G0217,R1,-13.5000,54.0000,121.5000,0.000000e+00,-7.629395e-06,7.629395e-06,5.651403e-05,-25.9256,6.2242,-68.8654,-26.6623,IK_W_REFLECTED
G0217,R2,13.5000,54.0000,121.5000,0.000000e+00,-7.629395e-06,7.629395e-06,5.651403e-05,-25.9256,-6.2242,-68.8654,-26.6623,IK_W_REFLECTED
G0217,R3,-13.5000,54.0000,121.5000,0.000000e+00,-7.629395e-06,7.629395e-06,5.651403e-05,-25.9256,6.2242,-68.8654,-26.6623,IK_W_REFLECTED
G0217,L1,13.5000,54.0000,121.5000,0.000000e+00,-7.629395e-06,7.629395e-06,5.651403e-05,-25.9256,-6.2242,-68.8654,-26.6623,IK_W_REFLECTED
G0217,L2,-13.5000,54.0000,121.5000,0.000000e+00,-7.629395e-06,7.629395e-06,5.651403e-05,-25.9256,6.2242,-68.8654,-26.6623,IK_W_REFLECTED
G0217,L3,13.5000,54.0000,121.5000,0.000000e+00,-7.629395e-06,7.629395e-06,5.651403e-05,-25.9256,-6.2242,-68.8654,-26.6623,IK_W_REFLECTED
G0218,R1,0.0000,40.5000,121.5000,0.000000e+00,0.000000e+00,0.000000e+00,0.000000e+00,-8.6888,-0.0000,-82.9915,-8.6888,IK_W_REFLECTED
G0218,R2,0.0000,40.5000,121.5000,0.000000e+00,0.000000e+00,0.000000e+00,0.000000e+00,-8.6888,-0.0000,-82.9915,-8.6888,IK_W_REFLECTED
G0218,R3,0.0000,40.5000,121.5000,0.000000e+00,0.000000e+00,0.000000e+00,0.000000e+00,-8.6888,-0.0000,-82.9915,-8.6888,IK_W_REFLECTED
G0218,L1,0.0000,40.5000,121.5000,0.000000e+00,0.000000e+00,0.000000e+00,0.000000e+00,-8.6888,-0.0000,-82.9915,-8.6888,IK_W_REFLECTED
G0218,L2,0.0000,40.5000,121.5000,0.000000e+00,0.000000e+00,0.000000e+00,0.000000e+00,-8.6888,-0.0000,-82.9915,-8.6888,IK_W_REFLECTED
G0218,L3,0.0000,40.5000,121.5000,0.000000e+00,0.000000e+00,0.000000e+00,0.000000e+00,-8.6888,-0.0000,-82.9915,-8.6888,IK_W_REFLECTED
G0219,R1,0.0000,0.0000,94.5000,0.000000e+00,0.000000e+00,0.000000e+00,0.000000e+00,107.3637,0.0000,-112.2759,107.3637,IK_OK
G0219,R2,0.0000,0.0000,94.5000,0.000000e+00,0.000000e+00,0.000000e+00,0.000000e+00,107.3637,0.0000,-112.2759,107.3637,IK_OK
G0219,R3,0.0000,0.0000,94.5000,0.000000e+00,0.000000e+00,0.000000e+00,0.000000e+00,107.3637,0.0000,-112.2759,107.3637,IK_OK
G0219,L1,0.0000,0.0000,94.5000,0.000000e+00,0.000000e+00,0.000000e+00,0.000000e+00,107.3637,0.0000,-112.2759,107.3637,IK_OK
G0219,L2,0.0000,0.0000,94.5000,0.000000e+00,0.000000e+00,0.000000e+00,0.000000e+00,107.3637,0.0000,-112.2759,107.3637,IK_OK
G0219,L3,0.0000,0.0000,94.5000,0.000000e+00,0.000000e+00,0.000000e+00,0.000000e+00,107.3637,0.0000,-112.2759,107.3637,IK_OK
G0220,R1,0.0000,-47.2500,47.2500,0.000000e+00,0.000000e+00,0.000000e+00,0.000000e+00,204.9901,0.0000,54.4867,204.9901,IK_OK
G0220,R2,0.0000,-47.2500,47.2500,0.000000e+00,0.000000e+00,0.000000e+00,0.000000e+00,204.9901,0.0000,54.4867,204.9901,IK_OK
G0220,R3,0.0000,-47.2500,47.2500,0.000000e+00,0.000000e+00,0.000000e+00,0.000000e+00,204.9901,0.0000,54.4867,204.9901,IK_OK
G0220,L1,0.0000,-47.2500,47.2500,0.000000e+00,0.000000e+00,0.000000e+00,0.000000e+00,204.9901,0.0000,54.4867,204.9901,IK_OK
G0220,L2,0.0000,-47.2500,47.2500,0.000000e+00,0.000000e+00,0.000000e+00,0.000000e+00,204.9901,0.0000,54.4867,204.9901,IK_OK
G0220,L3,0.0000,-47.2500,47.2500,0.000000e+00,0.000000e+00,0.000000e+00,0.000000e+00,204.9901,0.0000,54.4867,204.9901,IK_OK
G0221,R1,0.0000,0.0000,94.5000,0.000000e+00,0.000000e+00,0.000000e+00,0.000000e+00,107.3637,0.0000,-112.2759,107.3637,IK_OK
G0221,R2,0.0000,0.0000,94.5000,0.000000e+00,0.000000e+00,0.000000e+00,0.000000e+00,107.3637,0.0000,-112.2759,107.3637,IK_OK
G0221,R3,0.0000,0.0000,94.5000,0.000000e+00,0.000000e+00,0.000000e+00,0.000000e+00,107.3637,0.0000,-112.2759,107.3637,IK_OK
G0221,L1,0.0000,0.0000,94.5000,0.000000e+00,0.000000e+00,0.000000e+00,0.000000e+00,107.3637,0.0000,-112.2759,107.3637,IK_OK
G0221,L2,0.0000,0.0000,94.5000,0.000000e+00,0.000000e+00,0.000000e+00,0.000000e+00,107.3637,0.0000,-112.2759,107.3637,IK_OK
G0221,L3,0.0000,0.0000,94.5000,0.000000e+00,0.000000e+00,0.000000e+00,0.000000e+00,107.3637,0.0000,-112.2759,107.3637,IK_OK
G0222,R1,13.5000,27.0000,94.5000,9.536743e-07,3.814697e-06,3.814697e-06,2.825702e-05,47.9060,11.5012,-129.7131,49.2673,IK_OK
G0222,R2,-13.5000,0.0000,94.5000,-9.536743e-07,0.000000e+00,9.536743e-07,7.064254e-06,104.3972,-25.0636,-112.2759,107.3637,IK_OK
G0222,R3,13.5000,27.0000,94.5000,9.536743e-07,3.814697e-06,3.814697e-06,2.825702e-05,47.9060,11.5012,-129.7131,49.2673,IK_OK
G0222,L1,-13.5000,0.0000,94.5000,-9.536743e-07,0.000000e+00,9.536743e-07,7.064254e-06,104.3972,-25.0636,-112.2759,107.3637,IK_OK
G0222,L2,13.5000,27.0000,94.5000,9.536743e-07,3.814697e-06,3.814697e-06,2.825702e-05,47.9060,11.5012,-129.7131,49.2673,IK_OK
G0222,L3,-13.5000,0.0000,94.5000,-9.536743e-07,0.000000e+00,9.536743e-07,7.064254e-06,104.3972,-25.0636,-112.2759,107.3637,IK_OK
G0223,R1,13.5000,0.0000,94.5000,9.536743e-07,0.000000e+00,9.536743e-07,7.064254e-06,104.3972,25.0636,-112.2759,107.3637,IK_OK
G0223,R2,-13.5000,0.0000,94.5000,-9.536743e-07,0.000000e+00,9.536743e-07,7.064254e-06,104.3972,-25.0636,-112.2759,107.3637,IK_OK
G0223,R3,13.5000,0.0000,94.5000,9.536743e-07,0.000000e+00,9.536743e-07,7.064254e-06,104.3972,25.0636,-112.2759,107.3637,IK_OK
G0223,L1,-13.5000,0.0000,94.5000,-9.536743e-07,0.000000e+00,9.536743e-07,7.064254e-06,104.3972,-25.0636,-112.2759,107.3637,IK_OK
G0223,L2,13.5000,0.0000,94.5000,9.536743e-07,0.000000e+00,9.536743e-07,7.064254e-06,104.3972,25.0636,-112.2759,107.3637,IK_OK
G0223,L3,-13.5000,0.0000,94.5000,-9.536743e-07,0.000000e+00,9.536743e-07,7.064254e-06,104.3972,-25.0636,-112.2759,107.3637,IK_OK
G0224,R1,-13.5000,0.0000,94.5000,-9.536743e-07,0.000000e+00,9.536743e-07,7.064254e-06,104.3972,-25.0636,-112.2759,107.3637,IK_OK
G0224,R2,13.5000,27.0000,94.5000,9.536743e-07,3.814697e-06,3.814697e-06,2.825702e-05,47.9060,11.5012,-129.7131,49.2673,IK_OK
G0224,R3,-13.5000,0.0000,94.5000,-9.536743e-07,0.000000e+00,9.536743e-07,7.064254e-06,104.3972,-25.0636,-112.2759,107.3637,IK_OK
G0224,L1,13.5000,27.0000,94.5000,9.536743e-07,3.814697e-06,3.814697e-06,2.825702e-05,47.9060,11.5012,-129.7131,49.2673,IK_OK
G0224,L2,-13.5000,0.0000,94.5000,-9.536743e-07,0.000000e+00,9.536743e-07,7.064254e-06,104.3972,-25.0636,-112.2759,107.3637,IK_OK
G0224,L3,13.5000,27.0000,94.5000,9.536743e-07,3.814697e-06,3.814697e-06,2.825702e-05,47.9060,11.5012,-129.7131,49.2673,IK_OK
G0225,R1,-13.5000,0.0000,94.5000,-9.536743e-07,0.000000e+00,9.536743e-07,7.064254e-06,104.3972,-25.0636,-112.2759,107.3637,IK_OK
G0225,R2,13.5000,0.0000,94.5000,9.536743e-07,0.000000e+00,9.536743e-07,7.064254e-06,104.3972,25.0636,-112.2759,107.3637,IK_OK
G0225,R3,-13.5000,0.0000,94.5000,-9.536743e-07,0.000000e+00,9.536743e-07,7.064254e-06,104.3972,-25.0636,-112.2759,107.3637,IK_OK
G0225,L1,13.5000,0.0000,94.5000,9.536743e-07,0.000000e+00,9.536743e-07,7.064254e-06,104.3972,25.0636,-112.2759,107.3637,IK_OK
G0225,L2,-13.5000,0.0000,94.5000,-9.536743e-07,0.000000e+00,9.536743e-07,7.064254e-06,104.3972,-25.0636,-112.2759,107.3637,IK_OK
G0225,L3,13.5000,0.0000,94.5000,9.536743e-07,0.000000e+00,9.536743e-07,7.064254e-06,104.3972,25.0636,-112.2759,107.3637,IK_OK
G0226,R1,13.5000,27.0000,94.5000,9.536743e-07,3.814697e-06,3.814697e-06,2.825702e-05,47.9060,11.5012,-129.7131,49.2673,IK_OK
G0226,R2,-13.5000,0.0000,94.5000,-9.536743e-07,0.000000e+00,9.536743e-07,7.064254e-06,104.3972,-25.0636,-112.2759,107.3637,IK_OK
G0226,R3,13.5000,27.0000,94.5000,9.536743e-07,3.814697e-06,3.814697e-06,2.825702e-05,47.9060,11.5012,-129.7131,49.2673,IK_OK
G0226,L1,-13.5000,0.0000,94.5000,-9.536743e-07,0.000000e+00,9.536743e-07,7.064254e-06,104.3972,-25.0636,-112.2759,107.3637,IK_OK
G0226,L2,13.5000,27.0000,94.5000,9.536743e-07,3.814697e-06,3.814697e-06,2.825702e-05,47.9060,11.5012,-129.7131,49.2673,IK_OK
G0226,L3,-13.5000,0.0000,94.5000,-9.536743e-07,0.000000e+00,9.536743e-07,7.064254e-06,104.3972,-25.0636,-112.2759,107.3637,IK_OK
G0227,R1,13.5000,0.0000,94.5000,9.536743e-07,0.000000e+00,9.536743e-07,7.064254e-06,104.3972,25.0636,-112.2759,107.3637,IK_OK
G0227,R2,-13.5000,0.0000,94.5000,-9.536743e-07,0.000000e+00,9.536743e-07,7.064254e-06,104.3972,-25.0636,-112.2759,107.3637,IK_OK
G0227,R3,13.5000,0.0000,94.5000,9.536743e-07,0.000000e+00,9.536743e-07,7.064254e-06,104.3972,25.0636,-112.2759,107.3637,IK_OK
G0227,L1,-13.5000,0.0000,94.5000,-9.536743e-07,0.000000e+00,9.536743e-07,7.064254e-06,104.3972,-25.0636,-112.2759,107.3637,IK_OK
G0227,L2,13.5000,0.0000,94.5000,9.536743e-07,0.000000e+00,9.536743e-07,7.064254e-06,104.3972,25.0636,-112.2759,107.3637,IK_OK
G0227,L3,-13.5000,0.0000,94.5000,-9.536743e-07,0.000000e+00,9.536743e-07,7.064254e-06,104.3972,-25.0636,-112.2759,107.3637,IK_OK
G0228,R1,-13.5000,0.0000,94.5000,-9.536743e-07,0.000000e+00,9.536743e-07,7.064254e-06,104.3972,-25.0636,-112.2759,107.3637,IK_OK
G0228,R2,13.5000,27.0000,94.5000,9.536743e-07,3.814697e-06,3.814697e-06,2.825702e-05,47.9060,11.5012,-129.7131,49.2673,IK_OK
G0228,R3,-13.5000,0.0000,94.5000,-9.536743e-07,0.000000e+00,9.536743e-07,7.064254e-06,104.3972,-25.0636,-112.2759,107.3637,IK_OK
G0228,L1,13.5000,27.0000,94.5000,9.536743e-07,3.814697e-06,3.814697e-06,2.825702e-05,47.9060,11.5012,-129.7131,49.2673,IK_OK
G0228,L2,-13.5000,0.0000,94.5000,-9.536743e-07,0.000000e+00,9.536743e-07,7.064254e-06,104.3972,-25.0636,-112.2759,107.3637,IK_OK
G0228,L3,13.5000,27.0000,94.5000,9.536743e-07,3.814697e-06,3.814697e-06,2.825702e-05,47.9060,11.5012,-129.7131,49.2673,IK_OK
G0229,R1,-13.5000,0.0000,94.5000,-9.536743e-07,0.000000e+00,9.536743e-07,7.064254e-06,104.3972,-25.0636,-112.2759,107.3637,IK_OK
G0229,R2,13.5000,0.0000,94.5000,9.536743e-07,0.000000e+00,9.536743e-07,7.064254e-06,104.3972,25.0636,-112.2759,107.3637,IK_OK
G0229,R3,-13.5000,0.0000,94.5000,-9.536743e-07,0.000000e+00,9.536743e-07,7.064254e-06,104.3972,-25.0636,-112.2759,107.3637,IK_OK
G0229,L1,13.5000,0.0000,94.5000,9.536743e-07,0.000000e+00,9.536743e-07,7.064254e-06,104.3972,25.0636,-112.2759,107.3637,IK_OK
G0229,L2,-13.5000,0.0000,94.5000,-9.536743e-07,0.000000e+00,9.536743e-07,7.064254e-06,104.3972,-25.0636,-112.2759,107.3637,IK_OK
G0229,L3,13.5000,0.0000,94.5000,9.536743e-07,0.000000e+00,9.536743e-07,7.064254e-06,104.3972,25.0636,-112.2759,107.3637,IK_OK
G0230,R1,13.5000,27.0000,94.5000,9.536743e-07,3.814697e-06,3.814697e-06,2.825702e-05,47.9060,11.5012,-129.7131,49.2673,IK_OK
G0230,R2,-13.5000,0.0000,94.5000,-9.536743e-07,0.000000e+00,9.536743e-07,7.064254e-06,104.3972,-25.0636,-112.2759,107.3637,IK_OK
G0230,R3,13.5000,27.0000,94.5000,9.536743e-07,3.814697e-06,3.814697e-06,2.825702e-05,47.9060,11.5012,-129.7131,49.2673,IK_OK
G0230,L1,-13.5000,0.0000,94.5000,-9.536743e-07,0.000000e+00,9.536743e-07,7.064254e-06,104.3972,-25.0636,-112.2759,107.3637,IK_OK
G0230,L2,13.5000,27.0000,94.5000,9.536743e-07,3.814697e-06,3.814697e-06,2.825702e-05,47.9060,11.5012,-129.7131,49.2673,IK_OK
G0230,L3,-13.5000,0.0000,94.5000,-9.536743e-07,0.000000e+00,9.536743e-07,7.064254e-06,104.3972,-25.0636,-112.2759,107.3637,IK_OK
G0231,R1,13.5000,0.0000,94.5000,9.536743e-07,0.000000e+00,9.536743e-07,7.064254e-06,104.3972,25.0636,-112.2759,107.3637,IK_OK
G0231,R2,-13.5000,0.0000,94.5000,-9.536743e-07,0.000000e+00,9.536743e-07,7.064254e-06,104.3972,-25.0636,-112.2759,107.3637,IK_OK
G0231,R3,13.5000,0.0000,94.5000,9.536743e-07,0.000000e+00,9.536743e-07,7.064254e-06,104.3972,25.0636,-112.2759,107.3637,IK_OK
G0231,L1,-13.5000,0.0000,94.5000,-9.536743e-07,0.000000e+00,9.536743e-07,7.064254e-06,104.3972,-25.0636,-112.2759,107.3637,IK_OK
G0231,L2,13.5000,0.0000,94.5000,9.536743e-07,0.000000e+00,9.536743e-07,7.064254e-06,104.3972,25.0636,-112.2759,107.3637,IK_OK
G0231,L3,-13.5000,0.0000,94.5000,-9.536743e-07,0.000000e+00,9.536743e-07,7.064254e-06,104.3972,-25.0636,-112.2759,107.3637,IK_OK
G0232,R1,-13.5000,0.0000,94.5000,-9.536743e-07,0.000000e+00,9.536743e-07,7.064254e-06,104.3972,-25.0636,-112.2759,107.3637,IK_OK
G0232,R2,13.5000,27.0000,94.5000,9.536743e-07,3.814697e-06,3.814697e-06,2.825702e-05,47.9060,11.5012,-129.7131,49.2673,IK_OK
G0232,R3,-13.5000,0.0000,94.5000,-9.536743e-07,0.000000e+00,9.536743e-07,7.064254e-06,104.3972,-25.0636,-112.2759,107.3637,IK_OK
G0232,L1,13.5000,27.0000,94.5000,9.536743e-07,3.814697e-06,3.814697e-06,2.825702e-05,47.9060,11.5012,-129.7131,49.2673,IK_OK
G0232,L2,-13.5000,0.0000,94.5000,-9.536743e-07,0.000000e+00,9.536743e-07,7.064254e-06,104.3972,-25.0636,-112.2759,107.3637,IK_OK
G0232,L3,13.5000,27.0000,94.5000,9.536743e-07,3.814697e-06,3.814697e-06,2.825702e-05,47.9060,11.5012,-129.7131,49.2673,IK_OK
G0233,R1,-13.5000,0.0000,94.5000,-9.536743e-07,0.000000e+00,9.536743e-07,7.064254e-06,104.3972,-25.0636,-112.2759,107.3637,IK_OK
G0233,R2,13.5000,0.0000,94.5000,9.536743e-07,0.000000e+00,9.536743e-07,7.064254e-06,104.3972,25.0636,-112.2759,107.3637,IK_OK
G0233,R3,-13.5000,0.0000,94.5000,-9.536743e-07,0.000000e+00,9.536743e-07,7.064254e-06,104.3972,-25.0636,-112.2759,107.3637,IK_OK
G0233,L1,13.5000,0.0000,94.5000,9.536743e-07,0.000000e+00,9.536743e-07,7.064254e-06,104.3972,25.0636,-112.2759,107.3637,IK_OK
G0233,L2,-13.5000,0.0000,94.5000,-9.536743e-07,0.000000e+00,9.536743e-07,7.064254e-06,104.3972,-25.0636,-112.2759,107.3637,IK_OK
G0233,L3,13.5000,0.0000,94.5000,9.536743e-07,0.000000e+00,9.536743e-07,7.064254e-06,104.3972,25.0636,-112.2759,107.3637,IK_OK
G0234,R1,0.0000,0.0000,94.5000,0.000000e+00,0.000000e+00,0.000000e+00,0.000000e+00,107.3637,0.0000,-112.2759,107.3637,IK_OK
G0234,R2,0.0000,0.0000,94.5000,0.000000e+00,0.000000e+00,0.000000e+00,0.000000e+00,107.3637,0.0000,-112.2759,107.3637,IK_OK
G0234,R3,0.0000,0.0000,94.5000,0.000000e+00,0.000000e+00,0.000000e+00,0.000000e+00,107.3637,0.0000,-112.2759,107.3637,IK_OK
G0234,L1,0.0000,0.0000,94.5000,0.000000e+00,0.000000e+00,0.000000e+00,0.000000e+00,107.3637,0.0000,-112.2759,107.3637,IK_OK
G0234,L2,0.0000,0.0000,94.5000,0.000000e+00,0.000000e+00,0.000000e+00,0.000000e+00,107.3637,0.0000,-112.2759,107.3637,IK_OK
G0234,L3,0.0000,0.0000,94.5000,0.000000e+00,0.000000e+00,0.000000e+00,0.000000e+00,107.3637,0.0000,-112.2759,107.3637,IK_OK
G0235,R1,0.0000,40.5000,121.5000,0.000000e+00,0.000000e+00,0.000000e+00,0.000000e+00,-8.6888,-0.0000,-82.9915,-8.6888,IK_W_REFLECTED
G0235,R2,0.0000,40.5000,121.5000,0.000000e+00,0.000000e+00,0.000000e+00,0.000000e+00,-8.6888,-0.0000,-82.9915,-8.6888,IK_W_REFLECTED
G0235,R3,0.0000,40.5000,121.5000,0.000000e+00,0.000000e+00,0.000000e+00,0.000000e+00,-8.6888,-0.0000,-82.9915,-8.6888,IK_W_REFLECTED
G0235,L1,0.0000,40.5000,121.5000,0.000000e+00,0.000000e+00,0.000000e+00,0.000000e+00,-8.6888,-0.0000,-82.9915,-8.6888,IK_W_REFLECTED
G0235,L2,0.0000,40.5000,121.5000,0.000000e+00,0.000000e+00,0.000000e+00,0.000000e+00,-8.6888,-0.0000,-82.9915,-8.6888,IK_W_REFLECTED
G0235,L3,0.0000,40.5000,121.5000,0.000000e+00,0.000000e+00,0.000000e+00,0.000000e+00,-8.6888,-0.0000,-82.9915,-8.6888,IK_W_REFLECTED
G0236,R1,0.0000,0.0000,94.5000,0.000000e+00,0.000000e+00,0.000000e+00,0.000000e+00,107.3637,0.0000,-112.2759,107.3637,IK_OK
G0236,R2,0.0000,0.0000,94.5000,0.000000e+00,0.000000e+00,0.000000e+00,0.000000e+00,107.3637,0.0000,-112.2759,107.3637,IK_OK
G0236,R3,0.0000,0.0000,94.5000,0.000000e+00,0.000000e+00,0.000000e+00,0.000000e+00,107.3637,0.0000,-112.2759,107.3637,IK_OK
G0236,L1,0.0000,0.0000,94.5000,0.000000e+00,0.000000e+00,0.000000e+00,0.000000e+00,107.3637,0.0000,-112.2759,107.3637,IK_OK
G0236,L2,0.0000,0.0000,94.5000,0.000000e+00,0.000000e+00,0.000000e+00,0.000000e+00,107.3637,0.0000,-112.2759,107.3637,IK_OK
G0236,L3,0.0000,0.0000,94.5000,0.000000e+00,0.000000e+00,0.000000e+00,0.000000e+00,107.3637,0.0000,-112.2759,107.3637,IK_OK
G0237,R1,-47.2500,0.0000,94.5000,3.814697e-06,0.000000e+00,3.814697e-06,2.825702e-05,72.8786,-78.8396,-112.2759,107.3637,IK_OK
G0237,R2,0.0000,0.0000,94.5000,0.000000e+00,0.000000e+00,0.000000e+00,0.000000e+00,107.3637,0.0000,-112.2759,107.3637,IK_OK
G0237,R3,47.2500,0.0000,94.5000,-3.814697e-06,0.000000e+00,3.814697e-06,2.825702e-05,72.8786,78.8396,-112.2759,107.3637,IK_OK
G0237,L1,47.2500,0.0000,94.5000,-3.814697e-06,0.000000e+00,3.814697e-06,2.825702e-05,72.8786,78.8396,-112.2759,107.3637,IK_OK
G0237,L2,0.0000,0.0000,94.5000,0.000000e+00,0.000000e+00,0.000000e+00,0.000000e+00,107.3637,0.0000,-112.2759,107.3637,IK_OK
G0237,L3,-47.2500,0.0000,94.5000,3.814697e-06,0.000000e+00,3.814697e-06,2.825702e-05,72.8786,-78.8396,-112.2759,107.3637,IK_OK
G0238,R1,-47.2500,27.0000,114.7500,0.000000e+00,-7.629395e-06,7.629395e-06,5.651403e-05,13.3506,-14.4425,-103.4104,19.6679,IK_OK
G0238,R2,0.0000,27.0000,67.5000,0.000000e+00,0.000000e+00,0.000000e+00,0.000000e+00,99.2764,0.0000,-145.9620,99.2764,IK_OK
G0238,R3,47.2500,27.0000,114.7500,0.000000e+00,-7.629395e-06,7.629395e-06,5.651403e-05,13.3506,14.4425,-103.4104,19.6679,IK_OK
G0238,L1,47.2500,27.0000,67.5000,-3.814697e-06,0.000000e+00,3.814697e-06,2.825702e-05,67.3889,72.9009,-145.9620,99.2764,IK_OK
G0238,L2,0.0000,0.0000,67.5000,0.000000e+00,3.814697e-06,3.814697e-06,2.825702e-05,159.2990,0.0000,-104.0502,159.2990,IK_OK
G0238,L3,-47.2500,27.0000,67.5000,3.814697e-06,0.000000e+00,3.814697e-06,2.825702e-05,67.3889,-72.9009,-145.9620,99.2764,IK_OK
G0239,R1,-47.2500,27.0000,114.7500,0.000000e+00,-7.629395e-06,7.629395e-06,5.651403e-05,13.3506,-14.4425,-103.4104,19.6679,IK_OK
G0239,R2,0.0000,0.0000,67.5000,0.000000e+00,3.814697e-06,3.814697e-06,2.825702e-05,159.2990,0.0000,-104.0502,159.2990,IK_OK
G0239,R3,47.2500,27.0000,114.7500,0.000000e+00,-7.629395e-06,7.629395e-06,5.651403e-05,13.3506,14.4425,-103.4104,19.6679,IK_OK
G0239,L1,47.2500,27.0000,114.7500,0.000000e+00,-7.629395e-06,7.629395e-06,5.651403e-05,13.3506,14.4425,-103.4104,19.6679,IK_OK
G0239,L2,0.0000,0.0000,67.5000,0.000000e+00,3.814697e-06,3.814697e-06,2.825702e-05,159.2990,0.0000,-104.0502,159.2990,IK_OK
G0239,L3,-47.2500,27.0000,114.7500,0.000000e+00,-7.629395e-06,7.629395e-06,5.651403e-05,13.3506,-14.4425,-103.4104,19.6679,IK_OK
G0240,R1,-47.2500,27.0000,67.5000,3.814697e-06,0.000000e+00,3.814697e-06,2.825702e-05,67.3889,-72.9009,-145.9620,99.2764,IK_OK
G0240,R2,0.0000,27.0000,114.7500,0.000000e+00,-7.629395e-06,7.629395e-06,5.651403e-05,19.6679,0.0000,-103.4104,19.6679,IK_OK
G0240,R3,47.2500,27.0000,67.5000,-3.814697e-06,0.000000e+00,3.814697e-06,2.825702e-05,67.3889,72.9009,-145.9620,99.2764,IK_OK
G0240,L1,47.2500,0.0000,67.5000,0.000000e+00,3.814697e-06,3.814697e-06,2.825702e-05,108.1323,116.9768,-104.0502,159.2990,IK_OK
G0240,L2,0.0000,27.0000,67.5000,0.000000e+00,0.000000e+00,0.000000e+00,0.000000e+00,99.2764,0.0000,-145.9620,99.2764,IK_OK
G0240,L3,-47.2500,0.0000,67.5000,0.000000e+00,3.814697e-06,3.814697e-06,2.825702e-05,108.1323,-116.9768,-104.0502,159.2990,IK_OK
G0241,R1,-47.2500,0.0000,67.5000,0.000000e+00,3.814697e-06,3.814697e-06,2.825702e-05,108.1323,-116.9768,-104.0502,159.2990,IK_OK
G0241,R2,0.0000,27.0000,114.7500,0.000000e+00,-7.629395e-06,7.629395e-06,5.651403e-05,19.6679,0.0000,-103.4104,19.6679,IK_OK
G0241,R3,47.2500,0.0000,67.5000,0.000000e+00,3.814697e-06,3.814697e-06,2.825702e-05,108.1323,116.9768,-104.0502,159.2990,IK_OK
G0241,L1,47.2500,0.0000,67.5000,0.000000e+00,3.814697e-06,3.814697e-06,2.825702e-05,108.1323,116.9768,-104.0502,159.2990,IK_OK
G0241,L2,0.0000,27.0000,114.7500,0.000000e+00,-7.629395e-06,7.629395e-06,5.651403e-05,19.6679,0.0000,-103.4104,19.6679,IK_OK
G0241,L3,-47.2500,0.0000,67.5000,0.000000e+00,3.814697e-06,3.814697e-06,2.825702e-05,108.1323,-116.9768,-104.0502,159.2990,IK_OK
G0242,R1,-47.2500,27.0000,114.7500,0.000000e+00,-7.629395e-06,7.629395e-06,5.651403e-05,13.3506,-14.4425,-103.4104,19.6679,IK_OK
G0242,R2,0.0000,27.0000,67.5000,0.000000e+00,0.000000e+00,0.000000e+00,0.000000e+00,99.2764,0.0000,-145.9620,99.2764,IK_OK
G0242,R3,47.2500,27.0000,114.7500,0.000000e+00,-7.629395e-06,7.629395e-06,5.651403e-05,13.3506,14.4425,-103.4104,19.6679,IK_OK
G0242,L1,47.2500,27.0000,67.5000,-3.814697e-06,0.000000e+00,3.814697e-06,2.825702e-05,67.3889,72.9009,-145.9620,99.2764,IK_OK
G0242,L2,0.0000,0.0000,67.5000,0.000000e+00,3.814697e-06,3.814697e-06,2.825702e-05,159.2990,0.0000,-104.0502,159.2990,IK_OK
G0242,L3,-47.2500,27.0000,67.5000,3.814697e-06,0.000000e+00,3.814697e-06,2.825702e-05,67.3889,-72.9009,-145.9620,99.2764,IK_OK
G0243,R1,-47.2500,27.0000,114.7500,0.000000e+00,-7.629395e-06,7.629395e-06,5.651403e-05,13.3506,-14.4425,-103.4104,19.6679,IK_OK
G0243,R2,0.0000,0.0000,67.5000,0.000000e+00,3.814697e-06,3.814697e-06,2.825702e-05,159.2990,0.0000,-104.0502,159.2990,IK_OK
G0243,R3,47.2500,27.0000,114.7500,0.000000e+00,-7.629395e-06,7.629395e-06,5.651403e-05,13.3506,14.4425,-103.4104,19.6679,IK_OK
G0243,L1,47.2500,27.0000,114.7500,0.000000e+00,-7.629395e-06,7.629395e-06,5.651403e-05,13.3506,14.4425,-103.4104,19.6679,IK_OK
G0243,L2,0.0000,0.0000,67.5000,0.000000e+00,3.814697e-06,3.814697e-06,2.825702e-05,159.2990,0.0000,-104.0502,159.2990,IK_OK
G0243,L3,-47.2500,27.0000,114.7500,0.000000e+00,-7.629395e-06,7.629395e-06,5.651403e-05,13.3506,-14.4425,-103.4104,19.6679,IK_OK
G0244,R1,-47.2500,27.0000,67.5000,3.814697e-06,0.000000e+00,3.814697e-06,2.825702e-05,67.3889,-72.9009,-145.9620,99.2764,IK_OK
G0244,R2,0.0000,27.0000,114.7500,0.000000e+00,-7.629395e-06,7.629395e-06,5.651403e-05,19.6679,0.0000,-103.4104,19.6679,IK_OK
G0244,R3,47.2500,27.0000,67.5000,-3.814697e-06,0.000000e+00,3.814697e-06,2.825702e-05,67.3889,72.9009,-145.9620,99.2764,IK_OK
G0244,L1,47.2500,0.0000,67.5000,0.000000e+00,3.814697e-06,3.814697e-06,2.825702e-05,108.1323,116.9768,-104.0502,159.2990,IK_OK
G0244,L2,0.0000,27.0000,67.5000,0.000000e+00,0.000000e+00,0.000000e+00,0.000000e+00,99.2764,0.0000,-145.9620,99.2764,IK_OK
G0244,L3,-47.2500,0.0000,67.5000,0.000000e+00,3.814697e-06,3.814697e-06,2.825702e-05,108.1323,-116.9768,-104.0502,159.2990,IK_OK
G0245,R1,-47.2500,0.0000,67.5000,0.000000e+00,3.814697e-06,3.814697e-06,2.825702e-05,108.1323,-116.9768,-104.0502,159.2990,IK_OK
G0245,R2,0.0000,27.0000,114.7500,0.000000e+00,-7.629395e-06,7.629395e-06,5.651403e-05,19.6679,0.0000,-103.4104,19.6679,IK_OK
G0245,R3,47.2500,0.0000,67.5000,0.000000e+00,3.814697e-06,3.814697e-06,2.825702e-05,108.1323,116.9768,-104.0502,159.2990,IK_OK
G0245,L1,47.2500,0.0000,67.5000,0.000000e+00,3.814697e-06,3.814697e-06,2.825702e-05,108.1323,116.9768,-104.0502,159.2990,IK_OK
G0245,L2,0.0000,27.0000,114.7500,0.000000e+00,-7.629395e-06,7.629395e-06,5.651403e-05,19.6679,0.0000,-103.4104,19.6679,IK_OK
G0245,L3,-47.2500,0.0000,67.5000,0.000000e+00,3.814697e-06,3.814697e-06,2.825702e-05,108.1323,-116.9768,-104.0502,159.2990,IK_OK
G0246,R1,-47.2500,27.0000,114.7500,0.000000e+00,-7.629395e-06,7.629395e-06,5.651403e-05,13.3506,-14.4425,-103.4104,19.6679,IK_OK
G0246,R2,0.0000,27.0000,67.5000,0.000000e+00,0.000000e+00,0.000000e+00,0.000000e+00,99.2764,0.0000,-145.9620,99.2764,IK_OK
G0246,R3,47.2500,27.0000,114.7500,0.000000e+00,-7.629395e-06,7.629395e-06,5.651403e-05,13.3506,14.4425,-103.4104,19.6679,IK_OK
G0246,L1,47.2500,27.0000,67.5000,-3.814697e-06,0.000000e+00,3.814697e-06,2.825702e-05,67.3889,72.9009,-145.9620,99.2764,IK_OK
G0246,L2,0.0000,0.0000,67.5000,0.000000e+00,3.814697e-06,3.814697e-06,2.825702e-05,159.2990,0.0000,-104.0502,159.2990,IK_OK
G0246,L3,-47.2500,27.0000,67.5000,3.814697e-06,0.000000e+00,3.814697e-06,2.825702e-05,67.3889,-72.9009,-145.9620,99.2764,IK_OK
G0247,R1,-47.2500,27.0000,114.7500,0.000000e+00,-7.629395e-06,7.629395e-06,5.651403e-05,13.3506,-14.4425,-103.4104,19.6679,IK_OK
G0247,R2,0.0000,0.0000,67.5000,0.000000e+00,3.814697e-06,3.814697e-06,2.825702e-05,159.2990,0.0000,-104.0502,159.2990,IK_OK
G0247,R3,47.2500,27.0000,114.7500,0.000000e+00,-7.629395e-06,7.629395e-06,5.651403e-05,13.3506,14.4425,-103.4104,19.6679,IK_OK
G0247,L1,47.2500,27.0000,114.7500,0.000000e+00,-7.629395e-06,7.629395e-06,5.651403e-05,13.3506,14.4425,-103.4104,19.6679,IK_OK
G0247,L2,0.0000,0.0000,67.5000,0.000000e+00,3.814697e-06,3.814697e-06,2.825702e-05,159.2990,0.0000,-104.0502,159.2990,IK_OK
G0247,L3,-47.2500,27.0000,114.7500,0.000000e+00,-7.629395e-06,7.629395e-06,5.651403e-05,13.3506,-14.4425,-103.4104,19.6679,IK_OK
G0248,R1,-47.2500,27.0000,67.5000,3.814697e-06,0.000000e+00,3.814697e-06,2.825702e-05,67.3889,-72.9009,-145.9620,99.2764,IK_OK
G0248,R2,0.0000,27.0000,114.7500,0.000000e+00,-7.629395e-06,7.629395e-06,5.651403e-05,19.6679,0.0000,-103.4104,19.6679,IK_OK
G0248,R3,47.2500,27.0000,67.5000,-3.814697e-06,0.000000e+00,3.814697e-06,2.825702e-05,67.3889,72.9009,-145.9620,99.2764,IK_OK
G0248,L1,47.2500,0.0000,67.5000,0.000000e+00,3.814697e-06,3.814697e-06,2.825702e-05,108.1323,116.9768,-104.0502,159.2990,IK_OK
G0248,L2,0.0000,27.0000,67.5000,0.000000e+00,0.000000e+00,0.000000e+00,0.000000e+00,99.2764,0.0000,-145.9620,99.2764,IK_OK
G0248,L3,-47.2500,0.0000,67.5000,0.000000e+00,3.814697e-06,3.814697e-06,2.825702e-05,108.1323,-116.9768,-104.0502,159.2990,IK_OK
G0249,R1,-47.2500,0.0000,67.5000,0.000000e+00,3.814697e-06,3.814697e-06,2.825702e-05,108.1323,-116.9768,-104.0502,159.2990,IK_OK
G0249,R2,0.0000,27.0000,114.7500,0.000000e+00,-7.629395e-06,7.629395e-06,5.651403e-05,19.6679,0.0000,-103.4104,19.6679,IK_OK
G0249,R3,47.2500,0.0000,67.5000,0.000000e+00,3.814697e-06,3.814697e-06,2.825702e-05,108.1323,116.9768,-104.0502,159.2990,IK_OK
G0249,L1,47.2500,0.0000,67.5000,0.000000e+00,3.814697e-06,3.814697e-06,2.825702e-05,108.1323,116.9768,-104.0502,159.2990,IK_OK
G0249,L2,0.0000,27.0000,114.7500,0.000000e+00,-7.629395e-06,7.629395e-06,5.651403e-05,19.6679,0.0000,-103.4104,19.6679,IK_OK
G0249,L3,-47.2500,0.0000,67.5000,0.000000e+00,3.814697e-06,3.814697e-06,2.825702e-05,108.1323,-116.9768,-104.0502,159.2990,IK_OK
G0250,R1,-47.2500,27.0000,114.7500,0.000000e+00,-7.629395e-06,7.629395e-06,5.651403e-05,13.3506,-14.4425,-103.4104,19.6679,IK_OK
G0250,R2,0.0000,27.0000,67.5000,0.000000e+00,0.000000e+00,0.000000e+00,0.000000e+00,99.2764,0.0000,-145.9620,99.2764,IK_OK
G0250,R3,47.2500,27.0000,114.7500,0.000000e+00,-7.629395e-06,7.629395e-06,5.651403e-05,13.3506,14.4425,-103.4104,19.6679,IK_OK
G0250,L1,47.2500,27.0000,67.5000,-3.814697e-06,0.000000e+00,3.814697e-06,2.825702e-05,67.3889,72.9009,-145.9620,99.2764,IK_OK
G0250,L2,0.0000,0.0000,67.5000,0.000000e+00,3.814697e-06,3.814697e-06,2.825702e-05,159.2990,0.0000,-104.0502,159.2990,IK_OK
G0250,L3,-47.2500,27.0000,67.5000,3.814697e-06,0.000000e+00,3.814697e-06,2.825702e-05,67.3889,-72.9009,-145.9620,99.2764,IK_OK
G0251,R1,-47.2500,27.0000,114.7500,0.000000e+00,-7.629395e-06,7.629395e-06,5.651403e-05,13.3506,-14.4425,-103.4104,19.6679,IK_OK
G0251,R2,0.0000,0.0000,67.5000,0.000000e+00,3.814697e-06,3.814697e-06,2.825702e-05,159.2990,0.0000,-104.0502,159.2990,IK_OK
G0251,R3,47.2500,27.0000,114.7500,0.000000e+00,-7.629395e-06,7.629395e-06,5.651403e-05,13.3506,14.4425,-103.4104,19.6679,IK_OK
G0251,L1,47.2500,27.0000,114.7500,0.000000e+00,-7.629395e-06,7.629395e-06,5.651403e-05,13.3506,14.4425,-103.4104,19.6679,IK_OK
G0251,L2,0.0000,0.0000,67.5000,0.000000e+00,3.814697e-06,3.814697e-06,2.825702e-05,159.2990,0.0000,-104.0502,159.2990,IK_OK
G0251,L3,-47.2500,27.0000,114.7500,0.000000e+00,-7.629395e-06,7.629395e-06,5.651403e-05,13.3506,-14.4425,-103.4104,19.6679,IK_OK
G0252,R1,-47.2500,27.0000,67.5000,3.814697e-06,0.000000e+00,3.814697e-06,2.825702e-05,67.3889,-72.9009,-145.9620,99.2764,IK_OK
G0252,R2,0.0000,27.0000,114.7500,0.000000e+00,-7.629395e-06,7.629395e-06,5.651403e-05,19.6679,0.0000,-103.4104,19.6679,IK_OK
G0252,R3,47.2500,27.0000,67.5000,-3.814697e-06,0.000000e+00,3.814697e-06,2.825702e-05,67.3889,72.9009,-145.9620,99.2764,IK_OK
G0252,L1,47.2500,0.0000,67.5000,0.000000e+00,3.814697e-06,3.814697e-06,2.825702e-05,108.1323,116.9768,-104.0502,159.2990,IK_OK
G0252,L2,0.0000,27.0000,67.5000,0.000000e+00,0.000000e+00,0.000000e+00,0.000000e+00,99.2764,0.0000,-145.9620,99.2764,IK_OK
G0252,L3,-47.2500,0.0000,67.5000,0.000000e+00,3.814697e-06,3.814697e-06,2.825702e-05,108.1323,-116.9768,-104.0502,159.2990,IK_OK
G0253,R1,-47.2500,0.0000,67.5000,0.000000e+00,3.814697e-06,3.814697e-06,2.825702e-05,108.1323,-116.9768,-104.0502,159.2990,IK_OK
G0253,R2,0.0000,27.0000,114.7500,0.000000e+00,-7.629395e-06,7.629395e-06,5.651403e-05,19.6679,0.0000,-103.4104,19.6679,IK_OK
G0253,R3,47.2500,0.0000,67.5000,0.000000e+00,3.814697e-06,3.814697e-06,2.825702e-05,108.1323,116.9768,-104.0502,159.2990,IK_OK
G0253,L1,47.2500,0.0000,67.5000,0.000000e+00,3.814697e-06,3.814697e-06,2.825702e-05,108.1323,116.9768,-104.0502,159.2990,IK_OK
G0253,L2,0.0000,27.0000,114.7500,0.000000e+00,-7.629395e-06,7.629395e-06,5.651403e-05,19.6679,0.0000,-103.4104,19.6679,IK_OK
G0253,L3,-47.2500,0.0000,67.5000,0.000000e+00,3.814697e-06,3.814697e-06,2.825702e-05,108.1323,-116.9768,-104.0502,159.2990,IK_OK
G0254,R1,-47.2500,0.0000,94.5000,3.814697e-06,0.000000e+00,3.814697e-06,2.825702e-05,72.8786,-78.8396,-112.2759,107.3637,IK_OK
G0254,R2,0.0000,0.0000,94.5000,0.000000e+00,0.000000e+00,0.000000e+00,0.000000e+00,107.3637,0.0000,-112.2759,107.3637,IK_OK
G0254,R3,47.2500,0.0000,94.5000,-3.814697e-06,0.000000e+00,3.814697e-06,2.825702e-05,72.8786,78.8396,-112.2759,107.3637,IK_OK
G0254,L1,47.2500,0.0000,94.5000,-3.814697e-06,0.000000e+00,3.814697e-06,2.825702e-05,72.8786,78.8396,-112.2759,107.3637,IK_OK
G0254,L2,0.0000,0.0000,94.5000,0.000000e+00,0.000000e+00,0.000000e+00,0.000000e+00,107.3637,0.0000,-112.2759,107.3637,IK_OK
G0254,L3,-47.2500,0.0000,94.5000,3.814697e-06,0.000000e+00,3.814697e-06,2.825702e-05,72.8786,-78.8396,-112.2759,107.3637,IK_OK
G0255,R1,-47.2500,0.0000,67.5000,0.000000e+00,3.814697e-06,3.814697e-06,2.825702e-05,108.1323,-116.9768,-104.0502,159.2990,IK_OK
G0255,R2,0.0000,27.0000,67.5000,0.000000e+00,0.000000e+00,0.000000e+00,0.000000e+00,99.2764,0.0000,-145.9620,99.2764,IK_OK
G0255,R3,47.2500,0.0000,67.5000,0.000000e+00,3.814697e-06,3.814697e-06,2.825702e-05,108.1323,116.9768,-104.0502,159.2990,IK_OK
G0255,L1,47.2500,27.0000,67.5000,-3.814697e-06,0.000000e+00,3.814697e-06,2.825702e-05,67.3889,72.9009,-145.9620,99.2764,IK_OK
G0255,L2,0.0000,27.0000,114.7500,0.000000e+00,-7.629395e-06,7.629395e-06,5.651403e-05,19.6679,0.0000,-103.4104,19.6679,IK_OK
G0255,L3,-47.2500,27.0000,67.5000,3.814697e-06,0.000000e+00,3.814697e-06,2.825702e-05,67.3889,-72.9009,-145.9620,99.2764,IK_OK
G0256,R1,-47.2500,0.0000,67.5000,0.000000e+00,3.814697e-06,3.814697e-06,2.825702e-05,108.1323,-116.9768,-104.0502,159.2990,IK_OK
G0256,R2,0.0000,27.0000,114.7500,0.000000e+00,-7.629395e-06,7.629395e-06,5.651403e-05,19.6679,0.0000,-103.4104,19.6679,IK_OK
G0256,R3,47.2500,0.0000,67.5000,0.000000e+00,3.814697e-06,3.814697e-06,2.825702e-05,108.1323,116.9768,-104.0502,159.2990,IK_OK
G0256,L1,47.2500,0.0000,67.5000,0.000000e+00,3.814697e-06,3.814697e-06,2.825702e-05,108.1323,116.9768,-104.0502,159.2990,IK_OK
G0256,L2,0.0000,27.0000,114.7500,0.000000e+00,-7.629395e-06,7.629395e-06,5.651403e-05,19.6679,0.0000,-103.4104,19.6679,IK_OK
G0256,L3,-47.2500,0.0000,67.5000,0.000000e+00,3.814697e-06,3.814697e-06,2.825702e-05,108.1323,-116.9768,-104.0502,159.2990,IK_OK
G0257,R1,-47.2500,27.0000,67.5000,3.814697e-06,0.000000e+00,3.814697e-06,2.825702e-05,67.3889,-72.9009,-145.9620,99.2764,IK_OK
G0257,R2,0.0000,0.0000,67.5000,0.000000e+00,3.814697e-06,3.814697e-06,2.825702e-05,159.2990,0.0000,-104.0502,159.2990,IK_OK
G0257,R3,47.2500,27.0000,67.5000,-3.814697e-06,0.000000e+00,3.814697e-06,2.825702e-05,67.3889,72.9009,-145.9620,99.2764,IK_OK
G0257,L1,47.2500,27.0000,114.7500,0.000000e+00,-7.629395e-06,7.629395e-06,5.651403e-05,13.3506,14.4425,-103.4104,19.6679,IK_OK
G0257,L2,0.0000,27.0000,67.5000,0.000000e+00,0.000000e+00,0.000000e+00,0.000000e+00,99.2764,0.0000,-145.9620,99.2764,IK_OK
G0257,L3,-47.2500,27.0000,114.7500,0.000000e+00,-7.629395e-06,7.629395e-06,5.651403e-05,13.3506,-14.4425,-103.4104,19.6679,IK_OK
G0258,R1,-47.2500,27.0000,114.7500,0.000000e+00,-7.629395e-06,7.629395e-06,5.651403e-05,13.3506,-14.4425,-103.4104,19.6679,IK_OK
G0258,R2,0.0000,0.0000,67.5000,0.000000e+00,3.814697e-06,3.814697e-06,2.825702e-05,159.2990,0.0000,-104.0502,159.2990,IK_OK
G0258,R3,47.2500,27.0000,114.7500,0.000000e+00,-7.629395e-06,7.629395e-06,5.651403e-05,13.3506,14.4425,-103.4104,19.6679,IK_OK
G0258,L1,47.2500,27.0000,114.7500,0.000000e+00,-7.629395e-06,7.629395e-06,5.651403e-05,13.3506,14.4425,-103.4104,19.6679,IK_OK
G0258,L2,0.0000,0.0000,67.5000,0.000000e+00,3.814697e-06,3.814697e-06,2.825702e-05,159.2990,0.0000,-104.0502,159.2990,IK_OK
G0258,L3,-47.2500,27.0000,114.7500,0.000000e+00,-7.629395e-06,7.629395e-06,5.651403e-05,13.3506,-14.4425,-103.4104,19.6679,IK_OK
G0259,R1,-47.2500,0.0000,67.5000,0.000000e+00,3.814697e-06,3.814697e-06,2.825702e-05,108.1323,-116.9768,-104.0502,159.2990,IK_OK
G0259,R2,0.0000,27.0000,67.5000,0.000000e+00,0.000000e+00,0.000000e+00,0.000000e+00,99.2764,0.0000,-145.9620,99.2764,IK_OK
G0259,R3,47.2500,0.0000,67.5000,0.000000e+00,3.814697e-06,3.814697e-06,2.825702e-05,108.1323,116.9768,-104.0502,159.2990,IK_OK
G0259,L1,47.2500,27.0000,67.5000,-3.814697e-06,0.000000e+00,3.814697e-06,2.825702e-05,67.3889,72.9009,-145.9620,99.2764,IK_OK
G0259,L2,0.0000,27.0000,114.7500,0.000000e+00,-7.629395e-06,7.629395e-06,5.651403e-05,19.6679,0.0000,-103.4104,19.6679,IK_OK
G0259,L3,-47.2500,27.0000,67.5000,3.814697e-06,0.000000e+00,3.814697e-06,2.825702e-05,67.3889,-72.9009,-145.9620,99.2764,IK_OK
G0260,R1,-47.2500,0.0000,67.5000,0.000000e+00,3.814697e-06,3.814697e-06,2.825702e-05,108.1323,-116.9768,-104.0502,159.2990,IK_OK
G0260,R2,0.0000,27.0000,114.7500,0.000000e+00,-7.629395e-06,7.629395e-06,5.651403e-05,19.6679,0.0000,-103.4104,19.6679,IK_OK
G0260,R3,47.2500,0.0000,67.5000,0.000000e+00,3.814697e-06,3.814697e-06,2.825702e-05,108.1323,116.9768,-104.0502,159.2990,IK_OK
G0260,L1,47.2500,0.0000,67.5000,0.000000e+00,3.814697e-06,3.814697e-06,2.825702e-05,108.1323,116.9768,-104.0502,159.2990,IK_OK
G0260,L2,0.0000,27.0000,114.7500,0.000000e+00,-7.629395e-06,7.629395e-06,5.651403e-05,19.6679,0.0000,-103.4104,19.6679,IK_OK
G0260,L3,-47.2500,0.0000,67.5000,0.000000e+00,3.814697e-06,3.814697e-06,2.825702e-05,108.1323,-116.9768,-104.0502,159.2990,IK_OK
G0261,R1,-47.2500,27.0000,67.5000,3.814697e-06,0.000000e+00,3.814697e-06,2.825702e-05,67.3889,-72.9009,-145.9620,99.2764,IK_OK
G0261,R2,0.0000,0.0000,67.5000,0.000000e+00,3.814697e-06,3.814697e-06,2.825702e-05,159.2990,0.0000,-104.0502,159.2990,IK_OK
G0261,R3,47.2500,27.0000,67.5000,-3.814697e-06,0.000000e+00,3.814697e-06,2.825702e-05,67.3889,72.9009,-145.9620,99.2764,IK_OK
G0261,L1,47.2500,27.0000,114.7500,0.000000e+00,-7.629395e-06,7.629395e-06,5.651403e-05,13.3506,14.4425,-103.4104,19.6679,IK_OK
G0261,L2,0.0000,27.0000,67.5000,0.000000e+00,0.000000e+00,0.000000e+00,0.000000e+00,99.2764,0.0000,-145.9620,99.2764,IK_OK
G0261,L3,-47.2500,27.0000,114.7500,0.000000e+00,-7.629395e-06,7.629395e-06,5.651403e-05,13.3506,-14.4425,-103.4104,19.6679,IK_OK
G0262,R1,-47.2500,27.0000,114.7500,0.000000e+00,-7.629395e-06,7.629395e-06,5.651403e-05,13.3506,-14.4425,-103.4104,19.6679,IK_OK
G0262,R2,0.0000,0.0000,67.5000,0.000000e+00,3.814697e-06,3.814697e-06,2.825702e-05,159.2990,0.0000,-104.0502,159.2990,IK_OK
G0262,R3,47.2500,27.0000,114.7500,0.000000e+00,-7.629395e-06,7.629395e-06,5.651403e-05,13.3506,14.4425,-103.4104,19.6679,IK_OK
G0262,L1,47.2500,27.0000,114.7500,0.000000e+00,-7.629395e-06,7.629395e-06,5.651403e-05,13.3506,14.4425,-103.4104,19.6679,IK_OK
G0262,L2,0.0000,0.0000,67.5000,0.000000e+00,3.814697e-06,3.814697e-06,2.825702e-05,159.2990,0.0000,-104.0502,159.2990,IK_OK
G0262,L3,-47.2500,27.0000,114.7500,0.000000e+00,-7.629395e-06,7.629395e-06,5.651403e-05,13.3506,-14.4425,-103.4104,19.6679,IK_OK
G0263,R1,-47.2500,0.0000,67.5000,0.000000e+00,3.814697e-06,3.814697e-06,2.825702e-05,108.1323,-116.9768,-104.0502,159.2990,IK_OK
G0263,R2,0.0000,27.0000,67.5000,0.000000e+00,0.000000e+00,0.000000e+00,0.000000e+00,99.2764,0.0000,-145.9620,99.2764,IK_OK
G0263,R3,47.2500,0.0000,67.5000,0.000000e+00,3.814697e-06,3.814697e-06,2.825702e-05,108.1323,116.9768,-104.0502,159.2990,IK_OK
G0263,L1,47.2500,27.0000,67.5000,-3.814697e-06,0.000000e+00,3.814697e-06,2.825702e-05,67.3889,72.9009,-145.9620,99.2764,IK_OK
G0263,L2,0.0000,27.0000,114.7500,0.000000e+00,-7.629395e-06,7.629395e-06,5.651403e-05,19.6679,0.0000,-103.4104,19.6679,IK_OK
G0263,L3,-47.2500,27.0000,67.5000,3.814697e-06,0.000000e+00,3.814697e-06,2.825702e-05,67.3889,-72.9009,-145.9620,99.2764,IK_OK
G0264,R1,-47.2500,0.0000,67.5000,0.000000e+00,3.814697e-06,3.814697e-06,2.825702e-05,108.1323,-116.9768,-104.0502,159.2990,IK_OK
G0264,R2,0.0000,27.0000,114.7500,0.000000e+00,-7.629395e-06,7.629395e-06,5.651403e-05,19.6679,0.0000,-103.4104,19.6679,IK_OK
G0264,R3,47.2500,0.0000,67.5000,0.000000e+00,3.814697e-06,3.814697e-06,2.825702e-05,108.1323,116.9768,-104.0502,159.2990,IK_OK
G0264,L1,47.2500,0.0000,67.5000,0.000000e+00,3.814697e-06,3.814697e-06,2.825702e-05,108.1323,116.9768,-104.0502,159.2990,IK_OK
G0264,L2,0.0000,27.0000,114.7500,0.000000e+00,-7.629395e-06,7.629395e-06,5.651403e-05,19.6679,0.0000,-103.4104,19.6679,IK_OK
G0264,L3,-47.2500,0.0000,67.5000,0.000000e+00,3.814697e-06,3.814697e-06,2.825702e-05,108.1323,-116.9768,-104.0502,159.2990,IK_OK
G0265,R1,-47.2500,27.0000,67.5000,3.814697e-06,0.000000e+00,3.814697e-06,2.825702e-05,67.3889,-72.9009,-145.9620,99.2764,IK_OK
G0265,R2,0.0000,0.0000,67.5000,0.000000e+00,3.814697e-06,3.814697e-06,2.825702e-05,159.2990,0.0000,-104.0502,159.2990,IK_OK
G0265,R3,47.2500,27.0000,67.5000,-3.814697e-06,0.000000e+00,3.814697e-06,2.825702e-05,67.3889,72.9009,-145.9620,99.2764,IK_OK
G0265,L1,47.2500,27.0000,114.7500,0.000000e+00,-7.629395e-06,7.629395e-06,5.651403e-05,13.3506,14.4425,-103.4104,19.6679,IK_OK
G0265,L2,0.0000,27.0000,67.5000,0.000000e+00,0.000000e+00,0.000000e+00,0.000000e+00,99.2764,0.0000,-145.9620,99.2764,IK_OK
G0265,L3,-47.2500,27.0000,114.7500,0.000000e+00,-7.629395e-06,7.629395e-06,5.651403e-05,13.3506,-14.4425,-103.4104,19.6679,IK_OK
G0266,R1,-47.2500,27.0000,114.7500,0.000000e+00,-7.629395e-06,7.629395e-06,5.651403e-05,13.3506,-14.4425,-103.4104,19.6679,IK_OK
G0266,R2,0.0000,0.0000,67.5000,0.000000e+00,3.814697e-06,3.814697e-06,2.825702e-05,159.2990,0.0000,-104.0502,159.2990,IK_OK
G0266,R3,47.2500,27.0000,114.7500,0.000000e+00,-7.629395e-06,7.629395e-06,5.651403e-05,13.3506,14.4425,-103.4104,19.6679,IK_OK
G0266,L1,47.2500,27.0000,114.7500,0.000000e+00,-7.629395e-06,7.629395e-06,5.651403e-05,13.3506,14.4425,-103.4104,19.6679,IK_OK
G0266,L2,0.0000,0.0000,67.5000,0.000000e+00,3.814697e-06,3.814697e-06,2.825702e-05,159.2990,0.0000,-104.0502,159.2990,IK_OK
G0266,L3,-47.2500,27.0000,114.7500,0.000000e+00,-7.629395e-06,7.629395e-06,5.651403e-05,13.3506,-14.4425,-103.4104,19.6679,IK_OK
G0267,R1,-47.2500,0.0000,67.5000,0.000000e+00,3.814697e-06,3.814697e-06,2.825702e-05,108.1323,-116.9768,-104.0502,159.2990,IK_OK
G0267,R2,0.0000,27.0000,67.5000,0.000000e+00,0.000000e+00,0.000000e+00,0.000000e+00,99.2764,0.0000,-145.9620,99.2764,IK_OK
G0267,R3,47.2500,0.0000,67.5000,0.000000e+00,3.814697e-06,3.814697e-06,2.825702e-05,108.1323,116.9768,-104.0502,159.2990,IK_OK
G0267,L1,47.2500,27.0000,67.5000,-3.814697e-06,0.000000e+00,3.814697e-06,2.825702e-05,67.3889,72.9009,-145.9620,99.2764,IK_OK
G0267,L2,0.0000,27.0000,114.7500,0.000000e+00,-7.629395e-06,7.629395e-06,5.651403e-05,19.6679,0.0000,-103.4104,19.6679,IK_OK
G0267,L3,-47.2500,27.0000,67.5000,3.814697e-06,0.000000e+00,3.814697e-06,2.825702e-05,67.3889,-72.9009,-145.9620,99.2764,IK_OK
G0268,R1,-47.2500,0.0000,67.5000,0.000000e+00,3.814697e-06,3.814697e-06,2.825702e-05,108.1323,-116.9768,-104.0502,159.2990,IK_OK
G0268,R2,0.0000,27.0000,114.7500,0.000000e+00,-7.629395e-06,7.629395e-06,5.651403e-05,19.6679,0.0000,-103.4104,19.6679,IK_OK
G0268,R3,47.2500,0.0000,67.5000,0.000000e+00,3.814697e-06,3.814697e-06,2.825702e-05,108.1323,116.9768,-104.0502,159.2990,IK_OK
G0268,L1,47.2500,0.0000,67.5000,0.000000e+00,3.814697e-06,3.814697e-06,2.825702e-05,108.1323,116.9768,-104.0502,159.2990,IK_OK
G0268,L2,0.0000,27.0000,114.7500,0.000000e+00,-7.629395e-06,7.629395e-06,5.651403e-05,19.6679,0.0000,-103.4104,19.6679,IK_OK
G0268,L3,-47.2500,0.0000,67.5000,0.000000e+00,3.814697e-06,3.814697e-06,2.825702e-05,108.1323,-116.9768,-104.0502,159.2990,IK_OK
G0269,R1,-47.2500,27.0000,67.5000,3.814697e-06,0.000000e+00,3.814697e-06,2.825702e-05,67.3889,-72.9009,-145.9620,99.2764,IK_OK
G0269,R2,0.0000,0.0000,67.5000,0.000000e+00,3.814697e-06,3.814697e-06,2.825702e-05,159.2990,0.0000,-104.0502,159.2990,IK_OK
G0269,R3,47.2500,27.0000,67.5000,-3.814697e-06,0.000000e+00,3.814697e-06,2.825702e-05,67.3889,72.9009,-145.9620,99.2764,IK_OK
G0269,L1,47.2500,27.0000,114.7500,0.000000e+00,-7.629395e-06,7.629395e-06,5.651403e-05,13.3506,14.4425,-103.4104,19.6679,IK_OK
G0269,L2,0.0000,27.0000,67.5000,0.000000e+00,0.000000e+00,0.000000e+00,0.000000e+00,99.2764,0.0000,-145.9620,99.2764,IK_OK
G0269,L3,-47.2500,27.0000,114.7500,0.000000e+00,-7.629395e-06,7.629395e-06,5.651403e-05,13.3506,-14.4425,-103.4104,19.6679,IK_OK
G0270,R1,-47.2500,27.0000,114.7500,0.000000e+00,-7.629395e-06,7.629395e-06,5.651403e-05,13.3506,-14.4425,-103.4104,19.6679,IK_OK
G0270,R2,0.0000,0.0000,67.5000,0.000000e+00,3.814697e-06,3.814697e-06,2.825702e-05,159.2990,0.0000,-104.0502,159.2990,IK_OK
G0270,R3,47.2500,27.0000,114.7500,0.000000e+00,-7.629395e-06,7.629395e-06,5.651403e-05,13.3506,14.4425,-103.4104,19.6679,IK_OK
G0270,L1,47.2500,27.0000,114.7500,0.000000e+00,-7.629395e-06,7.629395e-06,5.651403e-05,13.3506,14.4425,-103.4104,19.6679,IK_OK
G0270,L2,0.0000,0.0000,67.5000,0.000000e+00,3.814697e-06,3.814697e-06,2.825702e-05,159.2990,0.0000,-104.0502,159.2990,IK_OK
G0270,L3,-47.2500,27.0000,114.7500,0.000000e+00,-7.629395e-06,7.629395e-06,5.651403e-05,13.3506,-14.4425,-103.4104,19.6679,IK_OK
G0271,R1,-47.2500,0.0000,94.5000,3.814697e-06,0.000000e+00,3.814697e-06,2.825702e-05,72.8786,-78.8396,-112.2759,107.3637,IK_OK
G0271,R2,0.0000,0.0000,94.5000,0.000000e+00,0.000000e+00,0.000000e+00,0.000000e+00,107.3637,0.0000,-112.2759,107.3637,IK_OK
G0271,R3,47.2500,0.0000,94.5000,-3.814697e-06,0.000000e+00,3.814697e-06,2.825702e-05,72.8786,78.8396,-112.2759,107.3637,IK_OK
G0271,L1,47.2500,0.0000,94.5000,-3.814697e-06,0.000000e+00,3.814697e-06,2.825702e-05,72.8786,78.8396,-112.2759,107.3637,IK_OK
G0271,L2,0.0000,0.0000,94.5000,0.000000e+00,0.000000e+00,0.000000e+00,0.000000e+00,107.3637,0.0000,-112.2759,107.3637,IK_OK
G0271,L3,-47.2500,0.0000,94.5000,3.814697e-06,0.000000e+00,3.814697e-06,2.825702e-05,72.8786,-78.8396,-112.2759,107.3637,IK_OK
G0272,R1,0.0000,0.0000,94.5000,0.000000e+00,0.000000e+00,0.000000e+00,0.000000e+00,107.3637,0.0000,-112.2759,107.3637,IK_OK
G0272,R2,0.0000,0.0000,94.5000,0.000000e+00,0.000000e+00,0.000000e+00,0.000000e+00,107.3637,0.0000,-112.2759,107.3637,IK_OK
G0272,R3,0.0000,0.0000,94.5000,0.000000e+00,0.000000e+00,0.000000e+00,0.000000e+00,107.3637,0.0000,-112.2759,107.3637,IK_OK
G0272,L1,0.0000,0.0000,94.5000,0.000000e+00,0.000000e+00,0.000000e+00,0.000000e+00,107.3637,0.0000,-112.2759,107.3637,IK_OK
G0272,L2,0.0000,0.0000,94.5000,0.000000e+00,0.000000e+00,0.000000e+00,0.000000e+00,107.3637,0.0000,-112.2759,107.3637,IK_OK
G0272,L3,0.0000,0.0000,94.5000,0.000000e+00,0.000000e+00,0.000000e+00,0.000000e+00,107.3637,0.0000,-112.2759,107.3637,IK_OK
G0273,R1,-13.5000,27.0000,94.5000,-9.536743e-07,3.814697e-06,3.814697e-06,2.825702e-05,47.9060,-11.5012,-129.7131,49.2673,IK_OK
G0273,R2,13.5000,0.0000,94.5000,9.536743e-07,0.000000e+00,9.536743e-07,7.064254e-06,104.3972,25.0636,-112.2759,107.3637,IK_OK
G0273,R3,-13.5000,27.0000,94.5000,-9.536743e-07,3.814697e-06,3.814697e-06,2.825702e-05,47.9060,-11.5012,-129.7131,49.2673,IK_OK
G0273,L1,13.5000,0.0000,94.5000,9.536743e-07,0.000000e+00,9.536743e-07,7.064254e-06,104.3972,25.0636,-112.2759,107.3637,IK_OK
G0273,L2,-13.5000,27.0000,94.5000,-9.536743e-07,3.814697e-06,3.814697e-06,2.825702e-05,47.9060,-11.5012,-129.7131,49.2673,IK_OK
G0273,L3,13.5000,0.0000,94.5000,9.536743e-07,0.000000e+00,9.536743e-07,7.064254e-06,104.3972,25.0636,-112.2759,107.3637,IK_OK
G0274,R1,-13.5000,0.0000,94.5000,-9.536743e-07,0.000000e+00,9.536743e-07,7.064254e-06,104.3972,-25.0636,-112.2759,107.3637,IK_OK
G0274,R2,13.5000,0.0000,94.5000,9.536743e-07,0.000000e+00,9.536743e-07,7.064254e-06,104.3972,25.0636,-112.2759,107.3637,IK_OK
G0274,R3,-13.5000,0.0000,94.5000,-9.536743e-07,0.000000e+00,9.536743e-07,7.064254e-06,104.3972,-25.0636,-112.2759,107.3637,IK_OK
G0274,L1,13.5000,0.0000,94.5000,9.536743e-07,0.000000e+00,9.536743e-07,7.064254e-06,104.3972,25.0636,-112.2759,107.3637,IK_OK
G0274,L2,-13.5000,0.0000,94.5000,-9.536743e-07,0.000000e+00,9.536743e-07,7.064254e-06,104.3972,-25.0636,-112.2759,107.3637,IK_OK
G0274,L3,13.5000,0.0000,94.5000,9.536743e-07,0.000000e+00,9.536743e-07,7.064254e-06,104.3972,25.0636,-112.2759,107.3637,IK_OK
G0275,R1,13.5000,0.0000,94.5000,9.536743e-07,0.000000e+00,9.536743e-07,7.064254e-06,104.3972,25.0636,-112.2759,107.3637,IK_OK
G0275,R2,-13.5000,27.0000,94.5000,-9.536743e-07,3.814697e-06,3.814697e-06,2.825702e-05,47.9060,-11.5012,-129.7131,49.2673,IK_OK
G0275,R3,13.5000,0.0000,94.5000,9.536743e-07,0.000000e+00,9.536743e-07,7.064254e-06,104.3972,25.0636,-112.2759,107.3637,IK_OK
G0275,L1,-13.5000,27.0000,94.5000,-9.536743e-07,3.814697e-06,3.814697e-06,2.825702e-05,47.9060,-11.5012,-129.7131,49.2673,IK_OK
G0275,L2,13.5000,0.0000,94.5000,9.536743e-07,0.000000e+00,9.536743e-07,7.064254e-06,104.3972,25.0636,-112.2759,107.3637,IK_OK
G0275,L3,-13.5000,27.0000,94.5000,-9.536743e-07,3.814697e-06,3.814697e-06,2.825702e-05,47.9060,-11.5012,-129.7131,49.2673,IK_OK
G0276,R1,13.5000,0.0000,94.5000,9.536743e-07,0.000000e+00,9.536743e-07,7.064254e-06,104.3972,25.0636,-112.2759,107.3637,IK_OK
G0276,R2,-13.5000,0.0000,94.5000,-9.536743e-07,0.000000e+00,9.536743e-07,7.064254e-06,104.3972,-25.0636,-112.2759,107.3637,IK_OK
G0276,R3,13.5000,0.0000,94.5000,9.536743e-07,0.000000e+00,9.536743e-07,7.064254e-06,104.3972,25.0636,-112.2759,107.3637,IK_OK
G0276,L1,-13.5000,0.0000,94.5000,-9.536743e-07,0.000000e+00,9.536743e-07,7.064254e-06,104.3972,-25.0636,-112.2759,107.3637,IK_OK
G0276,L2,13.5000,0.0000,94.5000,9.536743e-07,0.000000e+00,9.536743e-07,7.064254e-06,104.3972,25.0636,-112.2759,107.3637,IK_OK
G0276,L3,-13.5000,0.0000,94.5000,-9.536743e-07,0.000000e+00,9.536743e-07,7.064254e-06,104.3972,-25.0636,-112.2759,107.3637,IK_OK
G0277,R1,-13.5000,27.0000,94.5000,-9.536743e-07,3.814697e-06,3.814697e-06,2.825702e-05,47.9060,-11.5012,-129.7131,49.2673,IK_OK
G0277,R2,13.5000,0.0000,94.5000,9.536743e-07,0.000000e+00,9.536743e-07,7.064254e-06,104.3972,25.0636,-112.2759,107.3637,IK_OK
G0277,R3,-13.5000,27.0000,94.5000,-9.536743e-07,3.814697e-06,3.814697e-06,2.825702e-05,47.9060,-11.5012,-129.7131,49.2673,IK_OK
G0277,L1,13.5000,0.0000,94.5000,9.536743e-07,0.000000e+00,9.536743e-07,7.064254e-06,104.3972,25.0636,-112.2759,107.3637,IK_OK
G0277,L2,-13.5000,27.0000,94.5000,-9.536743e-07,3.814697e-06,3.814697e-06,2.825702e-05,47.9060,-11.5012,-129.7131,49.2673,IK_OK
G0277,L3,13.5000,0.0000,94.5000,9.536743e-07,0.000000e+00,9.536743e-07,7.064254e-06,104.3972,25.0636,-112.2759,107.3637,IK_OK
G0278,R1,-13.5000,0.0000,94.5000,-9.536743e-07,0.000000e+00,9.536743e-07,7.064254e-06,104.3972,-25.0636,-112.2759,107.3637,IK_OK
G0278,R2,13.5000,0.0000,94.5000,9.536743e-07,0.000000e+00,9.536743e-07,7.064254e-06,104.3972,25.0636,-112.2759,107.3637,IK_OK
G0278,R3,-13.5000,0.0000,94.5000,-9.536743e-07,0.000000e+00,9.536743e-07,7.064254e-06,104.3972,-25.0636,-112.2759,107.3637,IK_OK
G0278,L1,13.5000,0.0000,94.5000,9.536743e-07,0.000000e+00,9.536743e-07,7.064254e-06,104.3972,25.0636,-112.2759,107.3637,IK_OK
G0278,L2,-13.5000,0.0000,94.5000,-9.536743e-07,0.000000e+00,9.536743e-07,7.064254e-06,104.3972,-25.0636,-112.2759,107.3637,IK_OK
G0278,L3,13.5000,0.0000,94.5000,9.536743e-07,0.000000e+00,9.536743e-07,7.064254e-06,104.3972,25.0636,-112.2759,107.3637,IK_OK
G0279,R1,13.5000,0.0000,94.5000,9.536743e-07,0.000000e+00,9.536743e-07,7.064254e-06,104.3972,25.0636,-112.2759,107.3637,IK_OK
G0279,R2,-13.5000,27.0000,94.5000,-9.536743e-07,3.814697e-06,3.814697e-06,2.825702e-05,47.9060,-11.5012,-129.7131,49.2673,IK_OK
G0279,R3,13.5000,0.0000,94.5000,9.536743e-07,0.000000e+00,9.536743e-07,7.064254e-06,104.3972,25.0636,-112.2759,107.3637,IK_OK
G0279,L1,-13.5000,27.0000,94.5000,-9.536743e-07,3.814697e-06,3.814697e-06,2.825702e-05,47.9060,-11.5012,-129.7131,49.2673,IK_OK
G0279,L2,13.5000,0.0000,94.5000,9.536743e-07,0.000000e+00,9.536743e-07,7.064254e-06,104.3972,25.0636,-112.2759,107.3637,IK_OK
G0279,L3,-13.5000,27.0000,94.5000,-9.536743e-07,3.814697e-06,3.814697e-06,2.825702e-05,47.9060,-11.5012,-129.7131,49.2673,IK_OK
G0280,R1,13.5000,0.0000,94.5000,9.536743e-07,0.000000e+00,9.536743e-07,7.064254e-06,104.3972,25.0636,-112.2759,107.3637,IK_OK
G0280,R2,-13.5000,0.0000,94.5000,-9.536743e-07,0.000000e+00,9.536743e-07,7.064254e-06,104.3972,-25.0636,-112.2759,107.3637,IK_OK
G0280,R3,13.5000,0.0000,94.5000,9.536743e-07,0.000000e+00,9.536743e-07,7.064254e-06,104.3972,25.0636,-112.2759,107.3637,IK_OK
G0280,L1,-13.5000,0.0000,94.5000,-9.536743e-07,0.000000e+00,9.536743e-07,7.064254e-06,104.3972,-25.0636,-112.2759,107.3637,IK_OK
G0280,L2,13.5000,0.0000,94.5000,9.536743e-07,0.000000e+00,9.536743e-07,7.064254e-06,104.3972,25.0636,-112.2759,107.3637,IK_OK
G0280,L3,-13.5000,0.0000,94.5000,-9.536743e-07,0.000000e+00,9.536743e-07,7.064254e-06,104.3972,-25.0636,-112.2759,107.3637,IK_OK
G0281,R1,-13.5000,27.0000,94.5000,-9.536743e-07,3.814697e-06,3.814697e-06,2.825702e-05,47.9060,-11.5012,-129.7131,49.2673,IK_OK
G0281,R2,13.5000,0.0000,94.5000,9.536743e-07,0.000000e+00,9.536743e-07,7.064254e-06,104.3972,25.0636,-112.2759,107.3637,IK_OK
G0281,R3,-13.5000,27.0000,94.5000,-9.536743e-07,3.814697e-06,3.814697e-06,2.825702e-05,47.9060,-11.5012,-129.7131,49.2673,IK_OK
G0281,L1,-13.5000,0.0000,94.5000,-9.536743e-07,0.000000e+00,9.536743e-07,7.064254e-06,104.3972,-25.0636,-112.2759,107.3637,IK_OK
G0281,L2,13.5000,27.0000,94.5000,9.536743e-07,3.814697e-06,3.814697e-06,2.825702e-05,47.9060,11.5012,-129.7131,49.2673,IK_OK
G0281,L3,-13.5000,0.0000,94.5000,-9.536743e-07,0.000000e+00,9.536743e-07,7.064254e-06,104.3972,-25.0636,-112.2759,107.3637,IK_OK
G0282,R1,-13.5000,0.0000,94.5000,-9.536743e-07,0.000000e+00,9.536743e-07,7.064254e-06,104.3972,-25.0636,-112.2759,107.3637,IK_OK
G0282,R2,13.5000,0.0000,94.5000,9.536743e-07,0.000000e+00,9.536743e-07,7.064254e-06,104.3972,25.0636,-112.2759,107.3637,IK_OK
G0282,R3,-13.5000,0.0000,94.5000,-9.536743e-07,0.000000e+00,9.536743e-07,7.064254e-06,104.3972,-25.0636,-112.2759,107.3637,IK_OK
G0282,L1,-13.5000,0.0000,94.5000,-9.536743e-07,0.000000e+00,9.536743e-07,7.064254e-06,104.3972,-25.0636,-112.2759,107.3637,IK_OK
G0282,L2,13.5000,0.0000,94.5000,9.536743e-07,0.000000e+00,9.536743e-07,7.064254e-06,104.3972,25.0636,-112.2759,107.3637,IK_OK
G0282,L3,-13.5000,0.0000,94.5000,-9.536743e-07,0.000000e+00,9.536743e-07,7.064254e-06,104.3972,-25.0636,-112.2759,107.3637,IK_OK
G0283,R1,13.5000,0.0000,94.5000,9.536743e-07,0.000000e+00,9.536743e-07,7.064254e-06,104.3972,25.0636,-112.2759,107.3637,IK_OK
G0283,R2,-13.5000,27.0000,94.5000,-9.536743e-07,3.814697e-06,3.814697e-06,2.825702e-05,47.9060,-11.5012,-129.7131,49.2673,IK_OK
G0283,R3,13.5000,0.0000,94.5000,9.536743e-07,0.000000e+00,9.536743e-07,7.064254e-06,104.3972,25.0636,-112.2759,107.3637,IK_OK
G0283,L1,13.5000,27.0000,94.5000,9.536743e-07,3.814697e-06,3.814697e-06,2.825702e-05,47.9060,11.5012,-129.7131,49.2673,IK_OK
G0283,L2,-13.5000,0.0000,94.5000,-9.536743e-07,0.000000e+00,9.536743e-07,7.064254e-06,104.3972,-25.0636,-112.2759,107.3637,IK_OK
G0283,L3,13.5000,27.0000,94.5000,9.536743e-07,3.814697e-06,3.814697e-06,2.825702e-05,47.9060,11.5012,-129.7131,49.2673,IK_OK
G0284,R1,13.5000,0.0000,94.5000,9.536743e-07,0.000000e+00,9.536743e-07,7.064254e-06,104.3972,25.0636,-112.2759,107.3637,IK_OK
G0284,R2,-13.5000,0.0000,94.5000,-9.536743e-07,0.000000e+00,9.536743e-07,7.064254e-06,104.3972,-25.0636,-112.2759,107.3637,IK_OK
G0284,R3,13.5000,0.0000,94.5000,9.536743e-07,0.000000e+00,9.536743e-07,7.064254e-06,104.3972,25.0636,-112.2759,107.3637,IK_OK
G0284,L1,13.5000,0.0000,94.5000,9.536743e-07,0.000000e+00,9.536743e-07,7.064254e-06,104.3972,25.0636,-112.2759,107.3637,IK_OK
G0284,L2,-13.5000,0.0000,94.5000,-9.536743e-07,0.000000e+00,9.536743e-07,7.064254e-06,104.3972,-25.0636,-112.2759,107.3637,IK_OK
G0284,L3,13.5000,0.0000,94.5000,9.536743e-07,0.000000e+00,9.536743e-07,7.064254e-06,104.3972,25.0636,-112.2759,107.3637,IK_OK
G0285,R1,-13.5000,27.0000,94.5000,-9.536743e-07,3.814697e-06,3.814697e-06,2.825702e-05,47.9060,-11.5012,-129.7131,49.2673,IK_OK
G0285,R2,13.5000,0.0000,94.5000,9.536743e-07,0.000000e+00,9.536743e-07,7.064254e-06,104.3972,25.0636,-112.2759,107.3637,IK_OK
G0285,R3,-13.5000,27.0000,94.5000,-9.536743e-07,3.814697e-06,3.814697e-06,2.825702e-05,47.9060,-11.5012,-129.7131,49.2673,IK_OK
G0285,L1,-13.5000,0.0000,94.5000,-9.536743e-07,0.000000e+00,9.536743e-07,7.064254e-06,104.3972,-25.0636,-112.2759,107.3637,IK_OK
G0285,L2,13.5000,27.0000,94.5000,9.536743e-07,3.814697e-06,3.814697e-06,2.825702e-05,47.9060,11.5012,-129.7131,49.2673,IK_OK
G0285,L3,-13.5000,0.0000,94.5000,-9.536743e-07,0.000000e+00,9.536743e-07,7.064254e-06,104.3972,-25.0636,-112.2759,107.3637,IK_OK
G0286,R1,-13.5000,0.0000,94.5000,-9.536743e-07,0.000000e+00,9.536743e-07,7.064254e-06,104.3972,-25.0636,-112.2759,107.3637,IK_OK
G0286,R2,13.5000,0.0000,94.5000,9.536743e-07,0.000000e+00,9.536743e-07,7.064254e-06,104.3972,25.0636,-112.2759,107.3637,IK_OK
G0286,R3,-13.5000,0.0000,94.5000,-9.536743e-07,0.000000e+00,9.536743e-07,7.064254e-06,104.3972,-25.0636,-112.2759,107.3637,IK_OK
G0286,L1,-13.5000,0.0000,94.5000,-9.536743e-07,0.000000e+00,9.536743e-07,7.064254e-06,104.3972,-25.0636,-112.2759,107.3637,IK_OK
G0286,L2,13.5000,0.0000,94.5000,9.536743e-07,0.000000e+00,9.536743e-07,7.064254e-06,104.3972,25.0636,-112.2759,107.3637,IK_OK
G0286,L3,-13.5000,0.0000,94.5000,-9.536743e-07,0.000000e+00,9.536743e-07,7.064254e-06,104.3972,-25.0636,-112.2759,107.3637,IK_OK
G0287,R1,13.5000,0.0000,94.5000,9.536743e-07,0.000000e+00,9.536743e-07,7.064254e-06,104.3972,25.0636,-112.2759,107.3637,IK_OK
G0287,R2,-13.5000,27.0000,94.5000,-9.536743e-07,3.814697e-06,3.814697e-06,2.825702e-05,47.9060,-11.5012,-129.7131,49.2673,IK_OK
G0287,R3,13.5000,0.0000,94.5000,9.536743e-07,0.000000e+00,9.536743e-07,7.064254e-06,104.3972,25.0636,-112.2759,107.3637,IK_OK
G0287,L1,13.5000,27.0000,94.5000,9.536743e-07,3.814697e-06,3.814697e-06,2.825702e-05,47.9060,11.5012,-129.7131,49.2673,IK_OK
G0287,L2,-13.5000,0.0000,94.5000,-9.536743e-07,0.000000e+00,9.536743e-07,7.064254e-06,104.3972,-25.0636,-112.2759,107.3637,IK_OK
G0287,L3,13.5000,27.0000,94.5000,9.536743e-07,3.814697e-06,3.814697e-06,2.825702e-05,47.9060,11.5012,-129.7131,49.2673,IK_OK
G0288,R1,13.5000,0.0000,94.5000,9.536743e-07,0.000000e+00,9.536743e-07,7.064254e-06,104.3972,25.0636,-112.2759,107.3637,IK_OK
G0288,R2,-13.5000,0.0000,94.5000,-9.536743e-07,0.000000e+00,9.536743e-07,7.064254e-06,104.3972,-25.0636,-112.2759,107.3637,IK_OK
G0288,R3,13.5000,0.0000,94.5000,9.536743e-07,0.000000e+00,9.536743e-07,7.064254e-06,104.3972,25.0636,-112.2759,107.3637,IK_OK
G0288,L1,13.5000,0.0000,94.5000,9.536743e-07,0.000000e+00,9.536743e-07,7.064254e-06,104.3972,25.0636,-112.2759,107.3637,IK_OK
G0288,L2,-13.5000,0.0000,94.5000,-9.536743e-07,0.000000e+00,9.536743e-07,7.064254e-06,104.3972,-25.0636,-112.2759,107.3637,IK_OK
G0288,L3,13.5000,0.0000,94.5000,9.536743e-07,0.000000e+00,9.536743e-07,7.064254e-06,104.3972,25.0636,-112.2759,107.3637,IK_OK
G0289,R1,-13.5000,27.0000,94.5000,-9.536743e-07,3.814697e-06,3.814697e-06,2.825702e-05,47.9060,-11.5012,-129.7131,49.2673,IK_OK
G0289,R2,13.5000,0.0000,94.5000,9.536743e-07,0.000000e+00,9.536743e-07,7.064254e-06,104.3972,25.0636,-112.2759,107.3637,IK_OK
G0289,R3,-13.5000,27.0000,94.5000,-9.536743e-07,3.814697e-06,3.814697e-06,2.825702e-05,47.9060,-11.5012,-129.7131,49.2673,IK_OK
G0289,L1,-13.5000,0.0000,94.5000,-9.536743e-07,0.000000e+00,9.536743e-07,7.064254e-06,104.3972,-25.0636,-112.2759,107.3637,IK_OK
G0289,L2,13.5000,27.0000,94.5000,9.536743e-07,3.814697e-06,3.814697e-06,2.825702e-05,47.9060,11.5012,-129.7131,49.2673,IK_OK
G0289,L3,-13.5000,0.0000,94.5000,-9.536743e-07,0.000000e+00,9.536743e-07,7.064254e-06,104.3972,-25.0636,-112.2759,107.3637,IK_OK
G0290,R1,-13.5000,0.0000,94.5000,-9.536743e-07,0.000000e+00,9.536743e-07,7.064254e-06,104.3972,-25.0636,-112.2759,107.3637,IK_OK
G0290,R2,13.5000,0.0000,94.5000,9.536743e-07,0.000000e+00,9.536743e-07,7.064254e-06,104.3972,25.0636,-112.2759,107.3637,IK_OK
G0290,R3,-13.5000,0.0000,94.5000,-9.536743e-07,0.000000e+00,9.536743e-07,7.064254e-06,104.3972,-25.0636,-112.2759,107.3637,IK_OK
G0290,L1,-13.5000,0.0000,94.5000,-9.536743e-07,0.000000e+00,9.536743e-07,7.064254e-06,104.3972,-25.0636,-112.2759,107.3637,IK_OK
G0290,L2,13.5000,0.0000,94.5000,9.536743e-07,0.000000e+00,9.536743e-07,7.064254e-06,104.3972,25.0636,-112.2759,107.3637,IK_OK
G0290,L3,-13.5000,0.0000,94.5000,-9.536743e-07,0.000000e+00,9.536743e-07,7.064254e-06,104.3972,-25.0636,-112.2759,107.3637,IK_OK
G0291,R1,13.5000,0.0000,94.5000,9.536743e-07,0.000000e+00,9.536743e-07,7.064254e-06,104.3972,25.0636,-112.2759,107.3637,IK_OK
G0291,R2,-13.5000,27.0000,94.5000,-9.536743e-07,3.814697e-06,3.814697e-06,2.825702e-05,47.9060,-11.5012,-129.7131,49.2673,IK_OK
G0291,R3,13.5000,0.0000,94.5000,9.536743e-07,0.000000e+00,9.536743e-07,7.064254e-06,104.3972,25.0636,-112.2759,107.3637,IK_OK
G0291,L1,13.5000,27.0000,94.5000,9.536743e-07,3.814697e-06,3.814697e-06,2.825702e-05,47.9060,11.5012,-129.7131,49.2673,IK_OK
G0291,L2,-13.5000,0.0000,94.5000,-9.536743e-07,0.000000e+00,9.536743e-07,7.064254e-06,104.3972,-25.0636,-112.2759,107.3637,IK_OK
G0291,L3,13.5000,27.0000,94.5000,9.536743e-07,3.814697e-06,3.814697e-06,2.825702e-05,47.9060,11.5012,-129.7131,49.2673,IK_OK
G0292,R1,13.5000,0.0000,94.5000,9.536743e-07,0.000000e+00,9.536743e-07,7.064254e-06,104.3972,25.0636,-112.2759,107.3637,IK_OK
G0292,R2,-13.5000,0.0000,94.5000,-9.536743e-07,0.000000e+00,9.536743e-07,7.064254e-06,104.3972,-25.0636,-112.2759,107.3637,IK_OK
G0292,R3,13.5000,0.0000,94.5000,9.536743e-07,0.000000e+00,9.536743e-07,7.064254e-06,104.3972,25.0636,-112.2759,107.3637,IK_OK
G0292,L1,13.5000,0.0000,94.5000,9.536743e-07,0.000000e+00,9.536743e-07,7.064254e-06,104.3972,25.0636,-112.2759,107.3637,IK_OK
G0292,L2,-13.5000,0.0000,94.5000,-9.536743e-07,0.000000e+00,9.536743e-07,7.064254e-06,104.3972,-25.0636,-112.2759,107.3637,IK_OK
G0292,L3,13.5000,0.0000,94.5000,9.536743e-07,0.000000e+00,9.536743e-07,7.064254e-06,104.3972,25.0636,-112.2759,107.3637,IK_OK
G0293,R1,0.0000,0.0000,94.5000,0.000000e+00,0.000000e+00,0.000000e+00,0.000000e+00,107.3637,0.0000,-112.2759,107.3637,IK_OK
G0293,R2,0.0000,0.0000,94.5000,0.000000e+00,0.000000e+00,0.000000e+00,0.000000e+00,107.3637,0.0000,-112.2759,107.3637,IK_OK
G0293,R3,0.0000,0.0000,94.5000,0.000000e+00,0.000000e+00,0.000000e+00,0.000000e+00,107.3637,0.0000,-112.2759,107.3637,IK_OK
G0293,L1,0.0000,0.0000,94.5000,0.000000e+00,0.000000e+00,0.000000e+00,0.000000e+00,107.3637,0.0000,-112.2759,107.3637,IK_OK
G0293,L2,0.0000,0.0000,94.5000,0.000000e+00,0.000000e+00,0.000000e+00,0.000000e+00,107.3637,0.0000,-112.2759,107.3637,IK_OK
G0293,L3,0.0000,0.0000,94.5000,0.000000e+00,0.000000e+00,0.000000e+00,0.000000e+00,107.3637,0.0000,-112.2759,107.3637,IK_OK
G0294,R1,0.0000,40.5000,121.5000,0.000000e+00,0.000000e+00,0.000000e+00,0.000000e+00,-8.6888,-0.0000,-82.9915,-8.6888,IK_W_REFLECTED
G0294,R2,0.0000,40.5000,121.5000,0.000000e+00,0.000000e+00,0.000000e+00,0.000000e+00,-8.6888,-0.0000,-82.9915,-8.6888,IK_W_REFLECTED
G0294,R3,0.0000,40.5000,121.5000,0.000000e+00,0.000000e+00,0.000000e+00,0.000000e+00,-8.6888,-0.0000,-82.9915,-8.6888,IK_W_REFLECTED
G0294,L1,0.0000,40.5000,121.5000,0.000000e+00,0.000000e+00,0.000000e+00,0.000000e+00,-8.6888,-0.0000,-82.9915,-8.6888,IK_W_REFLECTED
G0294,L2,0.0000,40.5000,121.5000,0.000000e+00,0.000000e+00,0.000000e+00,0.000000e+00,-8.6888,-0.0000,-82.9915,-8.6888,IK_W_REFLECTED
G0294,L3,0.0000,40.5000,121.5000,0.000000e+00,0.000000e+00,0.000000e+00,0.000000e+00,-8.6888,-0.0000,-82.9915,-8.6888,IK_W_REFLECTED
G0295,R1,0.0000,67.5000,121.5000,0.000000e+00,-7.629395e-06,7.629395e-06,5.651403e-05,-40.8414,-0.0000,-50.9337,-40.8414,IK_W_REFLECTED
G0295,R2,0.0000,67.5000,121.5000,0.000000e+00,-7.629395e-06,7.629395e-06,5.651403e-05,-40.8414,-0.0000,-50.9337,-40.8414,IK_W_REFLECTED
G0295,R3,0.0000,67.5000,121.5000,0.000000e+00,-7.629395e-06,7.629395e-06,5.651403e-05,-40.8414,-0.0000,-50.9337,-40.8414,IK_W_REFLECTED
G0295,L1,0.0000,67.5000,121.5000,0.000000e+00,-7.629395e-06,7.629395e-06,5.651403e-05,-40.8414,-0.0000,-50.9337,-40.8414,IK_W_REFLECTED
G0295,L2,0.0000,67.5000,121.5000,0.000000e+00,-7.629395e-06,7.629395e-06,5.651403e-05,-40.8414,-0.0000,-50.9337,-40.8414,IK_W_REFLECTED
G0295,L3,0.0000,67.5000,121.5000,0.000000e+00,-7.629395e-06,7.629395e-06,5.651403e-05,-40.8414,-0.0000,-50.9337,-40.8414,IK_W_REFLECTED
G0296,R1,0.0000,67.5000,121.5000,0.000000e+00,-7.629395e-06,7.629395e-06,5.651403e-05,-40.8414,-0.0000,-50.9337,-40.8414,IK_W_REFLECTED
G0296,R2,0.0000,67.5000,121.5000,0.000000e+00,-7.629395e-06,7.629395e-06,5.651403e-05,-40.8414,-0.0000,-50.9337,-40.8414,IK_W_REFLECTED
G0296,R3,0.0000,67.5000,121.5000,0.000000e+00,-7.629395e-06,7.629395e-06,5.651403e-05,-40.8414,-0.0000,-50.9337,-40.8414,IK_W_REFLECTED
G0296,L1,0.0000,67.5000,121.5000,0.000000e+00,-7.629395e-06,7.629395e-06,5.651403e-05,-40.8414,-0.0000,-50.9337,-40.8414,IK_W_REFLECTED
G0296,L2,0.0000,67.5000,121.5000,0.000000e+00,-7.629395e-06,7.629395e-06,5.651403e-05,-40.8414,-0.0000,-50.9337,-40.8414,IK_W_REFLECTED
G0296,L3,0.0000,67.5000,121.5000,0.000000e+00,-7.629395e-06,7.629395e-06,5.651403e-05,-40.8414,-0.0000,-50.9337,-40.8414,IK_W_REFLECTED
G0297,R1,0.0000,67.5000,121.5000,0.000000e+00,-7.629395e-06,7.629395e-06,5.651403e-05,-40.8414,-0.0000,-50.9337,-40.8414,IK_W_REFLECTED
G0297,R2,0.0000,67.5000,121.5000,0.000000e+00,-7.629395e-06,7.629395e-06,5.651403e-05,-40.8414,-0.0000,-50.9337,-40.8414,IK_W_REFLECTED
G0297,R3,0.0000,67.5000,121.5000,0.000000e+00,-7.629395e-06,7.629395e-06,5.651403e-05,-40.8414,-0.0000,-50.9337,-40.8414,IK_W_REFLECTED
G0297,L1,0.0000,67.5000,121.5000,0.000000e+00,-7.629395e-06,7.629395e-06,5.651403e-05,-40.8414,-0.0000,-50.9337,-40.8414,IK_W_REFLECTED
G0297,L2,0.0000,67.5000,121.5000,0.000000e+00,-7.629395e-06,7.629395e-06,5.651403e-05,-40.8414,-0.0000,-50.9337,-40.8414,IK_W_REFLECTED
G0297,L3,0.0000,67.5000,121.5000,0.000000e+00,-7.629395e-06,7.629395e-06,5.651403e-05,-40.8414,-0.0000,-50.9337,-40.8414,IK_W_REFLECTED
G0298,R1,0.0000,67.5000,121.5000,0.000000e+00,-7.629395e-06,7.629395e-06,5.651403e-05,-40.8414,-0.0000,-50.9337,-40.8414,IK_W_REFLECTED
G0298,R2,0.0000,67.5000,121.5000,0.000000e+00,-7.629395e-06,7.629395e-06,5.651403e-05,-40.8414,-0.0000,-50.9337,-40.8414,IK_W_REFLECTED
G0298,R3,0.0000,67.5000,121.5000,0.000000e+00,-7.629395e-06,7.629395e-06,5.651403e-05,-40.8414,-0.0000,-50.9337,-40.8414,IK_W_REFLECTED
G0298,L1,0.0000,67.5000,121.5000,0.000000e+00,-7.629395e-06,7.629395e-06,5.651403e-05,-40.8414,-0.0000,-50.9337,-40.8414,IK_W_REFLECTED
G0298,L2,0.0000,67.5000,121.5000,0.000000e+00,-7.629395e-06,7.629395e-06,5.651403e-05,-40.8414,-0.0000,-50.9337,-40.8414,IK_W_REFLECTED
G0298,L3,0.0000,67.5000,121.5000,0.000000e+00,-7.629395e-06,7.629395e-06,5.651403e-05,-40.8414,-0.0000,-50.9337,-40.8414,IK_W_REFLECTED
G0299,R1,-13.5000,81.0000,121.5000,0.000000e+00,-7.629395e-06,7.629395e-06,5.651403e-05,-49.0490,11.7756,-30.1875,-50.4427,IK_W_REFLECTED
G0299,R2,13.5000,54.0000,121.5000,0.000000e+00,-7.629395e-06,7.629395e-06,5.651403e-05,-25.9256,-6.2242,-68.8654,-26.6623,IK_W_REFLECTED
G0299,R3,-13.5000,81.0000,121.5000,0.000000e+00,-7.629395e-06,7.629395e-06,5.651403e-05,-49.0490,11.7756,-30.1875,-50.4427,IK_W_REFLECTED
G0299,L1,-13.5000,54.0000,121.5000,0.000000e+00,-7.629395e-06,7.629395e-06,5.651403e-05,-25.9256,6.2242,-68.8654,-26.6623,IK_W_REFLECTED
G0299,L2,13.5000,81.0000,121.5000,0.000000e+00,-7.629395e-06,7.629395e-06,5.651403e-05,-49.0490,-11.7756,-30.1875,-50.4427,IK_W_REFLECTED
G0299,L3,-13.5000,54.0000,121.5000,0.000000e+00,-7.629395e-06,7.629395e-06,5.651403e-05,-25.9256,6.2242,-68.8654,-26.6623,IK_W_REFLECTED
G0300,R1,-13.5000,54.0000,121.5000,0.000000e+00,-7.629395e-06,7.629395e-06,5.651403e-05,-25.9256,6.2242,-68.8654,-26.6623,IK_W_REFLECTED
G0300,R2,13.5000,54.0000,121.5000,0.000000e+00,-7.629395e-06,7.629395e-06,5.651403e-05,-25.9256,-6.2242,-68.8654,-26.6623,IK_W_REFLECTED
G0300,R3,-13.5000,54.0000,121.5000,0.000000e+00,-7.629395e-06,7.629395e-06,5.651403e-05,-25.9256,6.2242,-68.8654,-26.6623,IK_W_REFLECTED
G0300,L1,-13.5000,54.0000,121.5000,0.000000e+00,-7.629395e-06,7.629395e-06,5.651403e-05,-25.9256,6.2242,-68.8654,-26.6623,IK_W_REFLECTED
G0300,L2,13.5000,54.0000,121.5000,0.000000e+00,-7.629395e-06,7.629395e-06,5.651403e-05,-25.9256,-6.2242,-68.8654,-26.6623,IK_W_REFLECTED
G0300,L3,-13.5000,54.0000,121.5000,0.000000e+00,-7.629395e-06,7.629395e-06,5.651403e-05,-25.9256,6.2242,-68.8654,-26.6623,IK_W_REFLECTED
G0301,R1,13.5000,54.0000,121.5000,0.000000e+00,-7.629395e-06,7.629395e-06,5.651403e-05,-25.9256,-6.2242,-68.8654,-26.6623,IK_W_REFLECTED
G0301,R2,-13.5000,81.0000,121.5000,0.000000e+00,-7.629395e-06,7.629395e-06,5.651403e-05,-49.0490,11.7756,-30.1875,-50.4427,IK_W_REFLECTED
G0301,R3,13.5000,54.0000,121.5000,0.000000e+00,-7.629395e-06,7.629395e-06,5.651403e-05,-25.9256,-6.2242,-68.8654,-26.6623,IK_W_REFLECTED
G0301,L1,13.5000,81.0000,121.5000,0.000000e+00,-7.629395e-06,7.629395e-06,5.651403e-05,-49.0490,-11.7756,-30.1875,-50.4427,IK_W_REFLECTED
G0301,L2,-13.5000,54.0000,121.5000,0.000000e+00,-7.629395e-06,7.629395e-06,5.651403e-05,-25.9256,6.2242,-68.8654,-26.6623,IK_W_REFLECTED
G0301,L3,13.5000,81.0000,121.5000,0.000000e+00,-7.629395e-06,7.629395e-06,5.651403e-05,-49.0490,-11.7756,-30.1875,-50.4427,IK_W_REFLECTED
G0302,R1,13.5000,54.0000,121.5000,0.000000e+00,-7.629395e-06,7.629395e-06,5.651403e-05,-25.9256,-6.2242,-68.8654,-26.6623,IK_W_REFLECTED
G0302,R2,-13.5000,54.0000,121.5000,0.000000e+00,-7.629395e-06,7.629395e-06,5.651403e-05,-25.9256,6.2242,-68.8654,-26.6623,IK_W_REFLECTED
G0302,R3,13.5000,54.0000,121.5000,0.000000e+00,-7.629395e-06,7.629395e-06,5.651403e-05,-25.9256,-6.2242,-68.8654,-26.6623,IK_W_REFLECTED
G0302,L1,13.5000,54.0000,121.5000,0.000000e+00,-7.629395e-06,7.629395e-06,5.651403e-05,-25.9256,-6.2242,-68.8654,-26.6623,IK_W_REFLECTED
G0302,L2,-13.5000,54.0000,121.5000,0.000000e+00,-7.629395e-06,7.629395e-06,5.651403e-05,-25.9256,6.2242,-68.8654,-26.6623,IK_W_REFLECTED
G0302,L3,13.5000,54.0000,121.5000,0.000000e+00,-7.629395e-06,7.629395e-06,5.651403e-05,-25.9256,-6.2242,-68.8654,-26.6623,IK_W_REFLECTED
G0303,R1,-13.5000,81.0000,121.5000,0.000000e+00,-7.629395e-06,7.629395e-06,5.651403e-05,-49.0490,11.7756,-30.1875,-50.4427,IK_W_REFLECTED
G0303,R2,13.5000,54.0000,121.5000,0.000000e+00,-7.629395e-06,7.629395e-06,5.651403e-05,-25.9256,-6.2242,-68.8654,-26.6623,IK_W_REFLECTED
G0303,R3,-13.5000,81.0000,121.5000,0.000000e+00,-7.629395e-06,7.629395e-06,5.651403e-05,-49.0490,11.7756,-30.1875,-50.4427,IK_W_REFLECTED
G0303,L1,-13.5000,54.0000,121.5000,0.000000e+00,-7.629395e-06,7.629395e-06,5.651403e-05,-25.9256,6.2242,-68.8654,-26.6623,IK_W_REFLECTED
G0303,L2,13.5000,81.0000,121.5000,0.000000e+00,-7.629395e-06,7.629395e-06,5.651403e-05,-49.0490,-11.7756,-30.1875,-50.4427,IK_W_REFLECTED
G0303,L3,-13.5000,54.0000,121.5000,0.000000e+00,-7.629395e-06,7.629395e-06,5.651403e-05,-25.9256,6.2242,-68.8654,-26.6623,IK_W_REFLECTED
G0304,R1,-13.5000,54.0000,121.5000,0.000000e+00,-7.629395e-06,7.629395e-06,5.651403e-05,-25.9256,6.2242,-68.8654,-26.6623,IK_W_REFLECTED
G0304,R2,13.5000,54.0000,121.5000,0.000000e+00,-7.629395e-06,7.629395e-06,5.651403e-05,-25.9256,-6.2242,-68.8654,-26.6623,IK_W_REFLECTED
G0304,R3,-13.5000,54.0000,121.5000,0.000000e+00,-7.629395e-06,7.629395e-06,5.651403e-05,-25.9256,6.2242,-68.8654,-26.6623,IK_W_REFLECTED
G0304,L1,-13.5000,54.0000,121.5000,0.000000e+00,-7.629395e-06,7.629395e-06,5.651403e-05,-25.9256,6.2242,-68.8654,-26.6623,IK_W_REFLECTED
G0304,L2,13.5000,54.0000,121.5000,0.000000e+00,-7.629395e-06,7.629395e-06,5.651403e-05,-25.9256,-6.2242,-68.8654,-26.6623,IK_W_REFLECTED
G0304,L3,-13.5000,54.0000,121.5000,0.000000e+00,-7.629395e-06,7.629395e-06,5.651403e-05,-25.9256,6.2242,-68.8654,-26.6623,IK_W_REFLECTED
G0305,R1,13.5000,54.0000,121.5000,0.000000e+00,-7.629395e-06,7.629395e-06,5.651403e-05,-25.9256,-6.2242,-68.8654,-26.6623,IK_W_REFLECTED
G0305,R2,-13.5000,81.0000,121.5000,0.000000e+00,-7.629395e-06,7.629395e-06,5.651403e-05,-49.0490,11.7756,-30.1875,-50.4427,IK_W_REFLECTED
G0305,R3,13.5000,54.0000,121.5000,0.000000e+00,-7.629395e-06,7.629395e-06,5.651403e-05,-25.9256,-6.2242,-68.8654,-26.6623,IK_W_REFLECTED
G0305,L1,13.5000,81.0000,121.5000,0.000000e+00,-7.629395e-06,7.629395e-06,5.651403e-05,-49.0490,-11.7756,-30.1875,-50.4427,IK_W_REFLECTED
G0305,L2,-13.5000,54.0000,121.5000,0.000000e+00,-7.629395e-06,7.629395e-06,5.651403e-05,-25.9256,6.2242,-68.8654,-26.6623,IK_W_REFLECTED
G0305,L3,13.5000,81.0000,121.5000,0.000000e+00,-7.629395e-06,7.629395e-06,5.651403e-05,-49.0490,-11.7756,-30.1875,-50.4427,IK_W_REFLECTED
G0306,R1,13.5000,54.0000,121.5000,0.000000e+00,-7.629395e-06,7.629395e-06,5.651403e-05,-25.9256,-6.2242,-68.8654,-26.6623,IK_W_REFLECTED
G0306,R2,-13.5000,54.0000,121.5000,0.000000e+00,-7.629395e-06,7.629395e-06,5.651403e-05,-25.9256,6.2242,-68.8654,-26.6623,IK_W_REFLECTED
G0306,R3,13.5000,54.0000,121.5000,0.000000e+00,-7.629395e-06,7.629395e-06,5.651403e-05,-25.9256,-6.2242,-68.8654,-26.6623,IK_W_REFLECTED
G0306,L1,13.5000,54.0000,121.5000,0.000000e+00,-7.629395e-06,7.629395e-06,5.651403e-05,-25.9256,-6.2242,-68.8654,-26.6623,IK_W_REFLECTED
G0306,L2,-13.5000,54.0000,121.5000,0.000000e+00,-7.629395e-06,7.629395e-06,5.651403e-05,-25.9256,6.2242,-68.8654,-26.6623,IK_W_REFLECTED
G0306,L3,13.5000,54.0000,121.5000,0.000000e+00,-7.629395e-06,7.629395e-06,5.651403e-05,-25.9256,-6.2242,-68.8654,-26.6623,IK_W_REFLECTED
G0307,R1,-13.5000,81.0000,121.5000,0.000000e+00,-7.629395e-06,7.629395e-06,5.651403e-05,-49.0490,11.7756,-30.1875,-50.4427,IK_W_REFLECTED
G0307,R2,13.5000,54.0000,121.5000,0.000000e+00,-7.629395e-06,7.629395e-06,5.651403e-05,-25.9256,-6.2242,-68.8654,-26.6623,IK_W_REFLECTED
G0307,R3,-13.5000,81.0000,121.5000,0.000000e+00,-7.629395e-06,7.629395e-06,5.651403e-05,-49.0490,11.7756,-30.1875,-50.4427,IK_W_REFLECTED
G0307,L1,-13.5000,54.0000,121.5000,0.000000e+00,-7.629395e-06,7.629395e-06,5.651403e-05,-25.9256,6.2242,-68.8654,-26.6623,IK_W_REFLECTED
G0307,L2,13.5000,81.0000,121.5000,0.000000e+00,-7.629395e-06,7.629395e-06,5.651403e-05,-49.0490,-11.7756,-30.1875,-50.4427,IK_W_REFLECTED
G0307,L3,-13.5000,54.0000,121.5000,0.000000e+00,-7.629395e-06,7.629395e-06,5.651403e-05,-25.9256,6.2242,-68.8654,-26.6623,IK_W_REFLECTED
G0308,R1,-13.5000,54.0000,121.5000,0.000000e+00,-7.629395e-06,7.629395e-06,5.651403e-05,-25.9256,6.2242,-68.8654,-26.6623,IK_W_REFLECTED
G0308,R2,13.5000,54.0000,121.5000,0.000000e+00,-7.629395e-06,7.629395e-06,5.651403e-05,-25.9256,-6.2242,-68.8654,-26.6623,IK_W_REFLECTED
G0308,R3,-13.5000,54.0000,121.5000,0.000000e+00,-7.629395e-06,7.629395e-06,5.651403e-05,-25.9256,6.2242,-68.8654,-26.6623,IK_W_REFLECTED
G0308,L1,-13.5000,54.0000,121.5000,0.000000e+00,-7.629395e-06,7.629395e-06,5.651403e-05,-25.9256,6.2242,-68.8654,-26.6623,IK_W_REFLECTED
G0308,L2,13.5000,54.0000,121.5000,0.000000e+00,-7.629395e-06,7.629395e-06,5.651403e-05,-25.9256,-6.2242,-68.8654,-26.6623,IK_W_REFLECTED
G0308,L3,-13.5000,54.0000,121.5000,0.000000e+00,-7.629395e-06,7.629395e-06,5.651403e-05,-25.9256,6.2242,-68.8654,-26.6623,IK_W_REFLECTED
G0309,R1,13.5000,54.0000,121.5000,0.000000e+00,-7.629395e-06,7.629395e-06,5.651403e-05,-25.9256,-6.2242,-68.8654,-26.6623,IK_W_REFLECTED
G0309,R2,-13.5000,81.0000,121.5000,0.000000e+00,-7.629395e-06,7.629395e-06,5.651403e-05,-49.0490,11.7756,-30.1875,-50.4427,IK_W_REFLECTED
G0309,R3,13.5000,54.0000,121.5000,0.000000e+00,-7.629395e-06,7.629395e-06,5.651403e-05,-25.9256,-6.2242,-68.8654,-26.6623,IK_W_REFLECTED
G0309,L1,13.5000,81.0000,121.5000,0.000000e+00,-7.629395e-06,7.629395e-06,5.651403e-05,-49.0490,-11.7756,-30.1875,-50.4427,IK_W_REFLECTED
G0309,L2,-13.5000,54.0000,121.5000,0.000000e+00,-7.629395e-06,7.629395e-06,5.651403e-05,-25.9256,6.2242,-68.8654,-26.6623,IK_W_REFLECTED
G0309,L3,13.5000,81.0000,121.5000,0.000000e+00,-7.629395e-06,7.629395e-06,5.651403e-05,-49.0490,-11.7756,-30.1875,-50.4427,IK_W_REFLECTED
G0310,R1,13.5000,54.0000,121.5000,0.000000e+00,-7.629395e-06,7.629395e-06,5.651403e-05,-25.9256,-6.2242,-68.8654,-26.6623,IK_W_REFLECTED
G0310,R2,-13.5000,54.0000,121.5000,0.000000e+00,-7.629395e-06,7.629395e-06,5.651403e-05,-25.9256,6.2242,-68.8654,-26.6623,IK_W_REFLECTED
G0310,R3,13.5000,54.0000,121.5000,0.000000e+00,-7.629395e-06,7.629395e-06,5.651403e-05,-25.9256,-6.2242,-68.8654,-26.6623,IK_W_REFLECTED
G0310,L1,13.5000,54.0000,121.5000,0.000000e+00,-7.629395e-06,7.629395e-06,5.651403e-05,-25.9256,-6.2242,-68.8654,-26.6623,IK_W_REFLECTED
G0310,L2,-13.5000,54.0000,121.5000,0.000000e+00,-7.629395e-06,7.629395e-06,5.651403e-05,-25.9256,6.2242,-68.8654,-26.6623,IK_W_REFLECTED
G0310,L3,13.5000,54.0000,121.5000,0.000000e+00,-7.629395e-06,7.629395e-06,5.651403e-05,-25.9256,-6.2242,-68.8654,-26.6623,IK_W_REFLECTED
G0311,R1,-13.5000,81.0000,121.5000,0.000000e+00,-7.629395e-06,7.629395e-06,5.651403e-05,-49.0490,11.7756,-30.1875,-50.4427,IK_W_REFLECTED
G0311,R2,13.5000,54.0000,121.5000,0.000000e+00,-7.629395e-06,7.629395e-06,5.651403e-05,-25.9256,-6.2242,-68.8654,-26.6623,IK_W_REFLECTED
G0311,R3,-13.5000,81.0000,121.5000,0.000000e+00,-7.629395e-06,7.629395e-06,5.651403e-05,-49.0490,11.7756,-30.1875,-50.4427,IK_W_REFLECTED
G0311,L1,13.5000,54.0000,121.5000,0.000000e+00,-7.629395e-06,7.629395e-06,5.651403e-05,-25.9256,-6.2242,-68.8654,-26.6623,IK_W_REFLECTED
G0311,L2,-13.5000,81.0000,121.5000,0.000000e+00,-7.629395e-06,7.629395e-06,5.651403e-05,-49.0490,11.7756,-30.1875,-50.4427,IK_W_REFLECTED
G0311,L3,13.5000,54.0000,121.5000,0.000000e+00,-7.629395e-06,7.629395e-06,5.651403e-05,-25.9256,-6.2242,-68.8654,-26.6623,IK_W_REFLECTED
G0312,R1,-13.5000,54.0000,121.5000,0.000000e+00,-7.629395e-06,7.629395e-06,5.651403e-05,-25.9256,6.2242,-68.8654,-26.6623,IK_W_REFLECTED
G0312,R2,13.5000,54.0000,121.5000,0.000000e+00,-7.629395e-06,7.629395e-06,5.651403e-05,-25.9256,-6.2242,-68.8654,-26.6623,IK_W_REFLECTED
G0312,R3,-13.5000,54.0000,121.5000,0.000000e+00,-7.629395e-06,7.629395e-06,5.651403e-05,-25.9256,6.2242,-68.8654,-26.6623,IK_W_REFLECTED
G0312,L1,13.5000,54.0000,121.5000,0.000000e+00,-7.629395e-06,7.629395e-06,5.651403e-05,-25.9256,-6.2242,-68.8654,-26.6623,IK_W_REFLECTED
G0312,L2,-13.5000,54.0000,121.5000,0.000000e+00,-7.629395e-06,7.629395e-06,5.651403e-05,-25.9256,6.2242,-68.8654,-26.6623,IK_W_REFLECTED
G0312,L3,13.5000,54.0000,121.5000,0.000000e+00,-7.629395e-06,7.629395e-06,5.651403e-05,-25.9256,-6.2242,-68.8654,-26.6623,IK_W_REFLECTED
G0313,R1,13.5000,54.0000,121.5000,0.000000e+00,-7.629395e-06,7.629395e-06,5.651403e-05,-25.9256,-6.2242,-68.8654,-26.6623,IK_W_REFLECTED
G0313,R2,-13.5000,81.0000,121.5000,0.000000e+00,-7.629395e-06,7.629395e-06,5.651403e-05,-49.0490,11.7756,-30.1875,-50.4427,IK_W_REFLECTED
G0313,R3,13.5000,54.0000,121.5000,0.000000e+00,-7.629395e-06,7.629395e-06,5.651403e-05,-25.9256,-6.2242,-68.8654,-26.6623,IK_W_REFLECTED
G0313,L1,-13.5000,81.0000,121.5000,0.000000e+00,-7.629395e-06,7.629395e-06,5.651403e-05,-49.0490,11.7756,-30.1875,-50.4427,IK_W_REFLECTED
G0313,L2,13.5000,54.0000,121.5000,0.000000e+00,-7.629395e-06,7.629395e-06,5.651403e-05,-25.9256,-6.2242,-68.8654,-26.6623,IK_W_REFLECTED
G0313,L3,-13.5000,81.0000,121.5000,0.000000e+00,-7.629395e-06,7.629395e-06,5.651403e-05,-49.0490,11.7756,-30.1875,-50.4427,IK_W_REFLECTED
G0314,R1,13.5000,54.0000,121.5000,0.000000e+00,-7.629395e-06,7.629395e-06,5.651403e-05,-25.9256,-6.2242,-68.8654,-26.6623,IK_W_REFLECTED
G0314,R2,-13.5000,54.0000,121.5000,0.000000e+00,-7.629395e-06,7.629395e-06,5.651403e-05,-25.9256,6.2242,-68.8654,-26.6623,IK_W_REFLECTED
G0314,R3,13.5000,54.0000,121.5000,0.000000e+00,-7.629395e-06,7.629395e-06,5.651403e-05,-25.9256,-6.2242,-68.8654,-26.6623,IK_W_REFLECTED
G0314,L1,-13.5000,54.0000,121.5000,0.000000e+00,-7.629395e-06,7.629395e-06,5.651403e-05,-25.9256,6.2242,-68.8654,-26.6623,IK_W_REFLECTED
G0314,L2,13.5000,54.0000,121.5000,0.000000e+00,-7.629395e-06,7.629395e-06,5.651403e-05,-25.9256,-6.2242,-68.8654,-26.6623,IK_W_REFLECTED
G0314,L3,-13.5000,54.0000,121.5000,0.000000e+00,-7.629395e-06,7.629395e-06,5.651403e-05,-25.9256,6.2242,-68.8654,-26.6623,IK_W_REFLECTED
G0315,R1,-13.5000,81.0000,121.5000,0.000000e+00,-7.629395e-06,7.629395e-06,5.651403e-05,-49.0490,11.7756,-30.1875,-50.4427,IK_W_REFLECTED
G0315,R2,13.5000,54.0000,121.5000,0.000000e+00,-7.629395e-06,7.629395e-06,5.651403e-05,-25.9256,-6.2242,-68.8654,-26.6623,IK_W_REFLECTED
G0315,R3,-13.5000,81.0000,121.5000,0.000000e+00,-7.629395e-06,7.629395e-06,5.651403e-05,-49.0490,11.7756,-30.1875,-50.4427,IK_W_REFLECTED
G0315,L1,13.5000,54.0000,121.5000,0.000000e+00,-7.629395e-06,7.629395e-06,5.651403e-05,-25.9256,-6.2242,-68.8654,-26.6623,IK_W_REFLECTED
G0315,L2,-13.5000,81.0000,121.5000,0.000000e+00,-7.629395e-06,7.629395e-06,5.651403e-05,-49.0490,11.7756,-30.1875,-50.4427,IK_W_REFLECTED
G0315,L3,13.5000,54.0000,121.5000,0.000000e+00,-7.629395e-06,7.629395e-06,5.651403e-05,-25.9256,-6.2242,-68.8654,-26.6623,IK_W_REFLECTED
G0316,R1,-13.5000,54.0000,121.5000,0.000000e+00,-7.629395e-06,7.629395e-06,5.651403e-05,-25.9256,6.2242,-68.8654,-26.6623,IK_W_REFLECTED
G0316,R2,13.5000,54.0000,121.5000,0.000000e+00,-7.629395e-06,7.629395e-06,5.651403e-05,-25.9256,-6.2242,-68.8654,-26.6623,IK_W_REFLECTED
G0316,R3,-13.5000,54.0000,121.5000,0.000000e+00,-7.629395e-06,7.629395e-06,5.651403e-05,-25.9256,6.2242,-68.8654,-26.6623,IK_W_REFLECTED
G0316,L1,13.5000,54.0000,121.5000,0.000000e+00,-7.629395e-06,7.629395e-06,5.651403e-05,-25.9256,-6.2242,-68.8654,-26.6623,IK_W_REFLECTED
G0316,L2,-13.5000,54.0000,121.5000,0.000000e+00,-7.629395e-06,7.629395e-06,5.651403e-05,-25.9256,6.2242,-68.8654,-26.6623,IK_W_REFLECTED
G0316,L3,13.5000,54.0000,121.5000,0.000000e+00,-7.629395e-06,7.629395e-06,5.651403e-05,-25.9256,-6.2242,-68.8654,-26.6623,IK_W_REFLECTED
G0317,R1,13.5000,54.0000,121.5000,0.000000e+00,-7.629395e-06,7.629395e-06,5.651403e-05,-25.9256,-6.2242,-68.8654,-26.6623,IK_W_REFLECTED
G0317,R2,-13.5000,81.0000,121.5000,0.000000e+00,-7.629395e-06,7.629395e-06,5.651403e-05,-49.0490,11.7756,-30.1875,-50.4427,IK_W_REFLECTED
G0317,R3,13.5000,54.0000,121.5000,0.000000e+00,-7.629395e-06,7.629395e-06,5.651403e-05,-25.9256,-6.2242,-68.8654,-26.6623,IK_W_REFLECTED
G0317,L1,-13.5000,81.0000,121.5000,0.000000e+00,-7.629395e-06,7.629395e-06,5.651403e-05,-49.0490,11.7756,-30.1875,-50.4427,IK_W_REFLECTED
G0317,L2,13.5000,54.0000,121.5000,0.000000e+00,-7.629395e-06,7.629395e-06,5.651403e-05,-25.9256,-6.2242,-68.8654,-26.6623,IK_W_REFLECTED
G0317,L3,-13.5000,81.0000,121.5000,0.000000e+00,-7.629395e-06,7.629395e-06,5.651403e-05,-49.0490,11.7756,-30.1875,-50.4427,IK_W_REFLECTED
G0318,R1,13.5000,54.0000,121.5000,0.000000e+00,-7.629395e-06,7.629395e-06,5.651403e-05,-25.9256,-6.2242,-68.8654,-26.6623,IK_W_REFLECTED
G0318,R2,-13.5000,54.0000,121.5000,0.000000e+00,-7.629395e-06,7.629395e-06,5.651403e-05,-25.9256,6.2242,-68.8654,-26.6623,IK_W_REFLECTED
G0318,R3,13.5000,54.0000,121.5000,0.000000e+00,-7.629395e-06,7.629395e-06,5.651403e-05,-25.9256,-6.2242,-68.8654,-26.6623,IK_W_REFLECTED
G0318,L1,-13.5000,54.0000,121.5000,0.000000e+00,-7.629395e-06,7.629395e-06,5.651403e-05,-25.9256,6.2242,-68.8654,-26.6623,IK_W_REFLECTED
G0318,L2,13.5000,54.0000,121.5000,0.000000e+00,-7.629395e-06,7.629395e-06,5.651403e-05,-25.9256,-6.2242,-68.8654,-26.6623,IK_W_REFLECTED
G0318,L3,-13.5000,54.0000,121.5000,0.000000e+00,-7.629395e-06,7.629395e-06,5.651403e-05,-25.9256,6.2242,-68.8654,-26.6623,IK_W_REFLECTED
G0319,R1,-13.5000,81.0000,121.5000,0.000000e+00,-7.629395e-06,7.629395e-06,5.651403e-05,-49.0490,11.7756,-30.1875,-50.4427,IK_W_REFLECTED
G0319,R2,13.5000,54.0000,121.5000,0.000000e+00,-7.629395e-06,7.629395e-06,5.651403e-05,-25.9256,-6.2242,-68.8654,-26.6623,IK_W_REFLECTED
G0319,R3,-13.5000,81.0000,121.5000,0.000000e+00,-7.629395e-06,7.629395e-06,5.651403e-05,-49.0490,11.7756,-30.1875,-50.4427,IK_W_REFLECTED
G0319,L1,13.5000,54.0000,121.5000,0.000000e+00,-7.629395e-06,7.629395e-06,5.651403e-05,-25.9256,-6.2242,-68.8654,-26.6623,IK_W_REFLECTED
G0319,L2,-13.5000,81.0000,121.5000,0.000000e+00,-7.629395e-06,7.629395e-06,5.651403e-05,-49.0490,11.7756,-30.1875,-50.4427,IK_W_REFLECTED
G0319,L3,13.5000,54.0000,121.5000,0.000000e+00,-7.629395e-06,7.629395e-06,5.651403e-05,-25.9256,-6.2242,-68.8654,-26.6623,IK_W_REFLECTED
G0320,R1,-13.5000,54.0000,121.5000,0.000000e+00,-7.629395e-06,7.629395e-06,5.651403e-05,-25.9256,6.2242,-68.8654,-26.6623,IK_W_REFLECTED
G0320,R2,13.5000,54.0000,121.5000,0.000000e+00,-7.629395e-06,7.629395e-06,5.651403e-05,-25.9256,-6.2242,-68.8654,-26.6623,IK_W_REFLECTED
G0320,R3,-13.5000,54.0000,121.5000,0.000000e+00,-7.629395e-06,7.629395e-06,5.651403e-05,-25.9256,6.2242,-68.8654,-26.6623,IK_W_REFLECTED
G0320,L1,13.5000,54.0000,121.5000,0.000000e+00,-7.629395e-06,7.629395e-06,5.651403e-05,-25.9256,-6.2242,-68.8654,-26.6623,IK_W_REFLECTED
G0320,L2,-13.5000,54.0000,121.5000,0.000000e+00,-7.629395e-06,7.629395e-06,5.651403e-05,-25.9256,6.2242,-68.8654,-26.6623,IK_W_REFLECTED
G0320,L3,13.5000,54.0000,121.5000,0.000000e+00,-7.629395e-06,7.629395e-06,5.651403e-05,-25.9256,-6.2242,-68.8654,-26.6623,IK_W_REFLECTED
G0321,R1,13.5000,54.0000,121.5000,0.000000e+00,-7.629395e-06,7.629395e-06,5.651403e-05,-25.9256,-6.2242,-68.8654,-26.6623,IK_W_REFLECTED
G0321,R2,-13.5000,81.0000,121.5000,0.000000e+00,-7.629395e-06,7.629395e-06,5.651403e-05,-49.0490,11.7756,-30.1875,-50.4427,IK_W_REFLECTED
G0321,R3,13.5000,54.0000,121.5000,0.000000e+00,-7.629395e-06,7.629395e-06,5.651403e-05,-25.9256,-6.2242,-68.8654,-26.6623,IK_W_REFLECTED
G0321,L1,-13.5000,81.0000,121.5000,0.000000e+00,-7.629395e-06,7.629395e-06,5.651403e-05,-49.0490,11.7756,-30.1875,-50.4427,IK_W_REFLECTED
G0321,L2,13.5000,54.0000,121.5000,0.000000e+00,-7.629395e-06,7.629395e-06,5.651403e-05,-25.9256,-6.2242,-68.8654,-26.6623,IK_W_REFLECTED
G0321,L3,-13.5000,81.0000,121.5000,0.000000e+00,-7.629395e-06,7.629395e-06,5.651403e-05,-49.0490,11.7756,-30.1875,-50.4427,IK_W_REFLECTED
G0322,R1,13.5000,54.0000,121.5000,0.000000e+00,-7.629395e-06,7.629395e-06,5.651403e-05,-25.9256,-6.2242,-68.8654,-26.6623,IK_W_REFLECTED
G0322,R2,-13.5000,54.0000,121.5000,0.000000e+00,-7.629395e-06,7.629395e-06,5.651403e-05,-25.9256,6.2242,-68.8654,-26.6623,IK_W_REFLECTED
G0322,R3,13.5000,54.0000,121.5000,0.000000e+00,-7.629395e-06,7.629395e-06,5.651403e-05,-25.9256,-6.2242,-68.8654,-26.6623,IK_W_REFLECTED
G0322,L1,-13.5000,54.0000,121.5000,0.000000e+00,-7.629395e-06,7.629395e-06,5.651403e-05,-25.9256,6.2242,-68.8654,-26.6623,IK_W_REFLECTED
G0322,L2,13.5000,54.0000,121.5000,0.000000e+00,-7.629395e-06,7.629395e-06,5.651403e-05,-25.9256,-6.2242,-68.8654,-26.6623,IK_W_REFLECTED
G0322,L3,-13.5000,54.0000,121.5000,0.000000e+00,-7.629395e-06,7.629395e-06,5.651403e-05,-25.9256,6.2242,-68.8654,-26.6623,IK_W_REFLECTED
G0323,R1,13.5000,81.0000,121.5000,0.000000e+00,-7.629395e-06,7.629395e-06,5.651403e-05,-49.0490,-11.7756,-30.1875,-50.4427,IK_W_REFLECTED
G0323,R2,-13.5000,54.0000,121.5000,0.000000e+00,-7.629395e-06,7.629395e-06,5.651403e-05,-25.9256,6.2242,-68.8654,-26.6623,IK_W_REFLECTED
G0323,R3,13.5000,81.0000,121.5000,0.000000e+00,-7.629395e-06,7.629395e-06,5.651403e-05,-49.0490,-11.7756,-30.1875,-50.4427,IK_W_REFLECTED
G0323,L1,13.5000,54.0000,114.7500,0.000000e+00,-7.629395e-06,7.629395e-06,5.651403e-05,-24.1589,-5.8000,-82.0007,-24.8454,IK_W_REFLECTED
G0323,L2,-13.5000,81.0000,121.5000,0.000000e+00,-7.629395e-06,7.629395e-06,5.651403e-05,-49.0490,11.7756,-30.1875,-50.4427,IK_W_REFLECTED
G0323,L3,13.5000,54.0000,121.5000,0.000000e+00,-7.629395e-06,7.629395e-06,5.651403e-05,-25.9256,-6.2242,-68.8654,-26.6623,IK_W_REFLECTED
G0324,R1,13.5000,54.0000,121.5000,0.000000e+00,-7.629395e-06,7.629395e-06,5.651403e-05,-25.9256,-6.2242,-68.8654,-26.6623,IK_W_REFLECTED
G0324,R2,-13.5000,54.0000,121.5000,0.000000e+00,-7.629395e-06,7.629395e-06,5.651403e-05,-25.9256,6.2242,-68.8654,-26.6623,IK_W_REFLECTED
G0324,R3,13.5000,54.0000,121.5000,0.000000e+00,-7.629395e-06,7.629395e-06,5.651403e-05,-25.9256,-6.2242,-68.8654,-26.6623,IK_W_REFLECTED
G0324,L1,13.5000,54.0000,121.5000,0.000000e+00,-7.629395e-06,7.629395e-06,5.651403e-05,-25.9256,-6.2242,-68.8654,-26.6623,IK_W_REFLECTED
G0324,L2,-13.5000,54.0000,121.5000,0.000000e+00,-7.629395e-06,7.629395e-06,5.651403e-05,-25.9256,6.2242,-68.8654,-26.6623,IK_W_REFLECTED
G0324,L3,13.5000,54.0000,121.5000,0.000000e+00,-7.629395e-06,7.629395e-06,5.651403e-05,-25.9256,-6.2242,-68.8654,-26.6623,IK_W_REFLECTED
G0325,R1,-13.5000,54.0000,114.7500,0.000000e+00,-7.629395e-06,7.629395e-06,5.651403e-05,-24.1589,5.8000,-82.0007,-24.8454,IK_W_REFLECTED
G0325,R2,13.5000,81.0000,121.5000,0.000000e+00,-7.629395e-06,7.629395e-06,5.651403e-05,-49.0490,-11.7756,-30.1875,-50.4427,IK_W_REFLECTED
G0325,R3,-13.5000,54.0000,121.5000,0.000000e+00,-7.629395e-06,7.629395e-06,5.651403e-05,-25.9256,6.2242,-68.8654,-26.6623,IK_W_REFLECTED
G0325,L1,-13.5000,81.0000,121.5000,0.000000e+00,-7.629395e-06,7.629395e-06,5.651403e-05,-49.0490,11.7756,-30.1875,-50.4427,IK_W_REFLECTED
G0325,L2,13.5000,54.0000,121.5000,0.000000e+00,-7.629395e-06,7.629395e-06,5.651403e-05,-25.9256,-6.2242,-68.8654,-26.6623,IK_W_REFLECTED
G0325,L3,-13.5000,81.0000,121.5000,0.000000e+00,-7.629395e-06,7.629395e-06,5.651403e-05,-49.0490,11.7756,-30.1875,-50.4427,IK_W_REFLECTED
G0326,R1,-13.5000,54.0000,121.5000,0.000000e+00,-7.629395e-06,7.629395e-06,5.651403e-05,-25.9256,6.2242,-68.8654,-26.6623,IK_W_REFLECTED
G0326,R2,13.5000,54.0000,121.5000,0.000000e+00,-7.629395e-06,7.629395e-06,5.651403e-05,-25.9256,-6.2242,-68.8654,-26.6623,IK_W_REFLECTED
G0326,R3,-13.5000,54.0000,121.5000,0.000000e+00,-7.629395e-06,7.629395e-06,5.651403e-05,-25.9256,6.2242,-68.8654,-26.6623,IK_W_REFLECTED
G0326,L1,-13.5000,54.0000,121.5000,0.000000e+00,-7.629395e-06,7.629395e-06,5.651403e-05,-25.9256,6.2242,-68.8654,-26.6623,IK_W_REFLECTED
G0326,L2,13.5000,54.0000,121.5000,0.000000e+00,-7.629395e-06,7.629395e-06,5.651403e-05,-25.9256,-6.2242,-68.8654,-26.6623,IK_W_REFLECTED
G0326,L3,-13.5000,54.0000,121.5000,0.000000e+00,-7.629395e-06,7.629395e-06,5.651403e-05,-25.9256,6.2242,-68.8654,-26.6623,IK_W_REFLECTED
G0327,R1,13.5000,81.0000,121.5000,0.000000e+00,-7.629395e-06,7.629395e-06,5.651403e-05,-49.0490,-11.7756,-30.1875,-50.4427,IK_W_REFLECTED
G0327,R2,-13.5000,54.0000,121.5000,0.000000e+00,-7.629395e-06,7.629395e-06,5.651403e-05,-25.9256,6.2242,-68.8654,-26.6623,IK_W_REFLECTED
G0327,R3,13.5000,81.0000,121.5000,0.000000e+00,-7.629395e-06,7.629395e-06,5.651403e-05,-49.0490,-11.7756,-30.1875,-50.4427,IK_W_REFLECTED
G0327,L1,13.5000,54.0000,114.7500,0.000000e+00,-7.629395e-06,7.629395e-06,5.651403e-05,-24.1589,-5.8000,-82.0007,-24.8454,IK_W_REFLECTED
G0327,L2,-13.5000,81.0000,121.5000,0.000000e+00,-7.629395e-06,7.629395e-06,5.651403e-05,-49.0490,11.7756,-30.1875,-50.4427,IK_W_REFLECTED
G0327,L3,13.5000,54.0000,121.5000,0.000000e+00,-7.629395e-06,7.629395e-06,5.651403e-05,-25.9256,-6.2242,-68.8654,-26.6623,IK_W_REFLECTED
G0328,R1,13.5000,54.0000,121.5000,0.000000e+00,-7.629395e-06,7.629395e-06,5.651403e-05,-25.9256,-6.2242,-68.8654,-26.6623,IK_W_REFLECTED
G0328,R2,-13.5000,54.0000,121.5000,0.000000e+00,-7.629395e-06,7.629395e-06,5.651403e-05,-25.9256,6.2242,-68.8654,-26.6623,IK_W_REFLECTED
G0328,R3,13.5000,54.0000,121.5000,0.000000e+00,-7.629395e-06,7.629395e-06,5.651403e-05,-25.9256,-6.2242,-68.8654,-26.6623,IK_W_REFLECTED
G0328,L1,13.5000,54.0000,121.5000,0.000000e+00,-7.629395e-06,7.629395e-06,5.651403e-05,-25.9256,-6.2242,-68.8654,-26.6623,IK_W_REFLECTED
G0328,L2,-13.5000,54.0000,121.5000,0.000000e+00,-7.629395e-06,7.629395e-06,5.651403e-05,-25.9256,6.2242,-68.8654,-26.6623,IK_W_REFLECTED
G0328,L3,13.5000,54.0000,121.5000,0.000000e+00,-7.629395e-06,7.629395e-06,5.651403e-05,-25.9256,-6.2242,-68.8654,-26.6623,IK_W_REFLECTED
G0329,R1,-13.5000,54.0000,114.7500,0.000000e+00,-7.629395e-06,7.629395e-06,5.651403e-05,-24.1589,5.8000,-82.0007,-24.8454,IK_W_REFLECTED
G0329,R2,13.5000,81.0000,121.5000,0.000000e+00,-7.629395e-06,7.629395e-06,5.651403e-05,-49.0490,-11.7756,-30.1875,-50.4427,IK_W_REFLECTED
G0329,R3,-13.5000,54.0000,121.5000,0.000000e+00,-7.629395e-06,7.629395e-06,5.651403e-05,-25.9256,6.2242,-68.8654,-26.6623,IK_W_REFLECTED
G0329,L1,-13.5000,81.0000,121.5000,0.000000e+00,-7.629395e-06,7.629395e-06,5.651403e-05,-49.0490,11.7756,-30.1875,-50.4427,IK_W_REFLECTED
G0329,L2,13.5000,54.0000,121.5000,0.000000e+00,-7.629395e-06,7.629395e-06,5.651403e-05,-25.9256,-6.2242,-68.8654,-26.6623,IK_W_REFLECTED
G0329,L3,-13.5000,81.0000,121.5000,0.000000e+00,-7.629395e-06,7.629395e-06,5.651403e-05,-49.0490,11.7756,-30.1875,-50.4427,IK_W_REFLECTED
G0330,R1,-13.5000,54.0000,121.5000,0.000000e+00,-7.629395e-06,7.629395e-06,5.651403e-05,-25.9256,6.2242,-68.8654,-26.6623,IK_W_REFLECTED
G0330,R2,13.5000,54.0000,121.5000,0.000000e+00,-7.629395e-06,7.629395e-06,5.651403e-05,-25.9256,-6.2242,-68.8654,-26.6623,IK_W_REFLECTED
G0330,R3,-13.5000,54.0000,121.5000,0.000000e+00,-7.629395e-06,7.629395e-06,5.651403e-05,-25.9256,6.2242,-68.8654,-26.6623,IK_W_REFLECTED
G0330,L1,-13.5000,54.0000,121.5000,0.000000e+00,-7.629395e-06,7.629395e-06,5.651403e-05,-25.9256,6.2242,-68.8654,-26.6623,IK_W_REFLECTED
G0330,L2,13.5000,54.0000,121.5000,0.000000e+00,-7.629395e-06,7.629395e-06,5.651403e-05,-25.9256,-6.2242,-68.8654,-26.6623,IK_W_REFLECTED
G0330,L3,-13.5000,54.0000,121.5000,0.000000e+00,-7.629395e-06,7.629395e-06,5.651403e-05,-25.9256,6.2242,-68.8654,-26.6623,IK_W_REFLECTED
G0331,R1,13.5000,81.0000,121.5000,0.000000e+00,-7.629395e-06,7.629395e-06,5.651403e-05,-49.0490,-11.7756,-30.1875,-50.4427,IK_W_REFLECTED
G0331,R2,-13.5000,54.0000,121.5000,0.000000e+00,-7.629395e-06,7.629395e-06,5.651403e-05,-25.9256,6.2242,-68.8654,-26.6623,IK_W_REFLECTED
G0331,R3,13.5000,81.0000,121.5000,0.000000e+00,-7.629395e-06,7.629395e-06,5.651403e-05,-49.0490,-11.7756,-30.1875,-50.4427,IK_W_REFLECTED
G0331,L1,13.5000,54.0000,114.7500,0.000000e+00,-7.629395e-06,7.629395e-06,5.651403e-05,-24.1589,-5.8000,-82.0007,-24.8454,IK_W_REFLECTED
G0331,L2,-13.5000,81.0000,121.5000,0.000000e+00,-7.629395e-06,7.629395e-06,5.651403e-05,-49.0490,11.7756,-30.1875,-50.4427,IK_W_REFLECTED
G0331,L3,13.5000,54.0000,121.5000,0.000000e+00,-7.629395e-06,7.629395e-06,5.651403e-05,-25.9256,-6.2242,-68.8654,-26.6623,IK_W_REFLECTED
G0332,R1,13.5000,54.0000,121.5000,0.000000e+00,-7.629395e-06,7.629395e-06,5.651403e-05,-25.9256,-6.2242,-68.8654,-26.6623,IK_W_REFLECTED
G0332,R2,-13.5000,54.0000,121.5000,0.000000e+00,-7.629395e-06,7.629395e-06,5.651403e-05,-25.9256,6.2242,-68.8654,-26.6623,IK_W_REFLECTED
G0332,R3,13.5000,54.0000,121.5000,0.000000e+00,-7.629395e-06,7.629395e-06,5.651403e-05,-25.9256,-6.2242,-68.8654,-26.6623,IK_W_REFLECTED
G0332,L1,13.5000,54.0000,121.5000,0.000000e+00,-7.629395e-06,7.629395e-06,5.651403e-05,-25.9256,-6.2242,-68.8654,-26.6623,IK_W_REFLECTED
G0332,L2,-13.5000,54.0000,121.5000,0.000000e+00,-7.629395e-06,7.629395e-06,5.651403e-05,-25.9256,6.2242,-68.8654,-26.6623,IK_W_REFLECTED
G0332,L3,13.5000,54.0000,121.5000,0.000000e+00,-7.629395e-06,7.629395e-06,5.651403e-05,-25.9256,-6.2242,-68.8654,-26.6623,IK_W_REFLECTED
G0333,R1,-13.5000,54.0000,114.7500,0.000000e+00,-7.629395e-06,7.629395e-06,5.651403e-05,-24.1589,5.8000,-82.0007,-24.8454,IK_W_REFLECTED
G0333,R2,13.5000,81.0000,121.5000,0.000000e+00,-7.629395e-06,7.629395e-06,5.651403e-05,-49.0490,-11.7756,-30.1875,-50.4427,IK_W_REFLECTED
G0333,R3,-13.5000,54.0000,121.5000,0.000000e+00,-7.629395e-06,7.629395e-06,5.651403e-05,-25.9256,6.2242,-68.8654,-26.6623,IK_W_REFLECTED
G0333,L1,-13.5000,81.0000,121.5000,0.000000e+00,-7.629395e-06,7.629395e-06,5.651403e-05,-49.0490,11.7756,-30.1875,-50.4427,IK_W_REFLECTED
G0333,L2,13.5000,54.0000,121.5000,0.000000e+00,-7.629395e-06,7.629395e-06,5.651403e-05,-25.9256,-6.2242,-68.8654,-26.6623,IK_W_REFLECTED
G0333,L3,-13.5000,81.0000,121.5000,0.000000e+00,-7.629395e-06,7.629395e-06,5.651403e-05,-49.0490,11.7756,-30.1875,-50.4427,IK_W_REFLECTED
G0334,R1,-13.5000,54.0000,121.5000,0.000000e+00,-7.629395e-06,7.629395e-06,5.651403e-05,-25.9256,6.2242,-68.8654,-26.6623,IK_W_REFLECTED
G0334,R2,13.5000,54.0000,121.5000,0.000000e+00,-7.629395e-06,7.629395e-06,5.651403e-05,-25.9256,-6.2242,-68.8654,-26.6623,IK_W_REFLECTED
G0334,R3,-13.5000,54.0000,121.5000,0.000000e+00,-7.629395e-06,7.629395e-06,5.651403e-05,-25.9256,6.2242,-68.8654,-26.6623,IK_W_REFLECTED
G0334,L1,-13.5000,54.0000,121.5000,0.000000e+00,-7.629395e-06,7.629395e-06,5.651403e-05,-25.9256,6.2242,-68.8654,-26.6623,IK_W_REFLECTED
G0334,L2,13.5000,54.0000,121.5000,0.000000e+00,-7.629395e-06,7.629395e-06,5.651403e-05,-25.9256,-6.2242,-68.8654,-26.6623,IK_W_REFLECTED
G0334,L3,-13.5000,54.0000,121.5000,0.000000e+00,-7.629395e-06,7.629395e-06,5.651403e-05,-25.9256,6.2242,-68.8654,-26.6623,IK_W_REFLECTED
G0335,R1,0.0000,40.5000,121.5000,0.000000e+00,0.000000e+00,0.000000e+00,0.000000e+00,-8.6888,-0.0000,-82.9915,-8.6888,IK_W_REFLECTED
G0335,R2,0.0000,40.5000,121.5000,0.000000e+00,0.000000e+00,0.000000e+00,0.000000e+00,-8.6888,-0.0000,-82.9915,-8.6888,IK_W_REFLECTED
G0335,R3,0.0000,40.5000,121.5000,0.000000e+00,0.000000e+00,0.000000e+00,0.000000e+00,-8.6888,-0.0000,-82.9915,-8.6888,IK_W_REFLECTED
G0335,L1,0.0000,40.5000,121.5000,0.000000e+00,0.000000e+00,0.000000e+00,0.000000e+00,-8.6888,-0.0000,-82.9915,-8.6888,IK_W_REFLECTED
G0335,L2,0.0000,40.5000,121.5000,0.000000e+00,0.000000e+00,0.000000e+00,0.000000e+00,-8.6888,-0.0000,-82.9915,-8.6888,IK_W_REFLECTED
G0335,L3,0.0000,40.5000,121.5000,0.000000e+00,0.000000e+00,0.000000e+00,0.000000e+00,-8.6888,-0.0000,-82.9915,-8.6888,IK_W_REFLECTED
G0336,R1,0.0000,40.5000,121.5000,0.000000e+00,0.000000e+00,0.000000e+00,0.000000e+00,-8.6888,-0.0000,-82.9915,-8.6888,IK_W_REFLECTED
G0336,R2,0.0000,40.5000,121.5000,0.000000e+00,0.000000e+00,0.000000e+00,0.000000e+00,-8.6888,-0.0000,-82.9915,-8.6888,IK_W_REFLECTED
G0336,R3,0.0000,40.5000,121.5000,0.000000e+00,0.000000e+00,0.000000e+00,0.000000e+00,-8.6888,-0.0000,-82.9915,-8.6888,IK_W_REFLECTED
G0336,L1,0.0000,40.5000,121.5000,0.000000e+00,0.000000e+00,0.000000e+00,0.000000e+00,-8.6888,-0.0000,-82.9915,-8.6888,IK_W_REFLECTED
G0336,L2,0.0000,40.5000,121.5000,0.000000e+00,0.000000e+00,0.000000e+00,0.000000e+00,-8.6888,-0.0000,-82.9915,-8.6888,IK_W_REFLECTED
G0336,L3,0.0000,40.5000,121.5000,0.000000e+00,0.000000e+00,0.000000e+00,0.000000e+00,-8.6888,-0.0000,-82.9915,-8.6888,IK_W_REFLECTED
G0337,R1,0.0000,40.5000,121.5000,0.000000e+00,0.000000e+00,0.000000e+00,0.000000e+00,-8.6888,-0.0000,-82.9915,-8.6888,IK_W_REFLECTED
G0337,R2,0.0000,40.5000,121.5000,0.000000e+00,0.000000e+00,0.000000e+00,0.000000e+00,-8.6888,-0.0000,-82.9915,-8.6888,IK_W_REFLECTED
G0337,R3,0.0000,40.5000,121.5000,0.000000e+00,0.000000e+00,0.000000e+00,0.000000e+00,-8.6888,-0.0000,-82.9915,-8.6888,IK_W_REFLECTED
G0337,L1,0.0000,40.5000,121.5000,0.000000e+00,0.000000e+00,0.000000e+00,0.000000e+00,-8.6888,-0.0000,-82.9915,-8.6888,IK_W_REFLECTED
G0337,L2,0.0000,40.5000,121.5000,0.000000e+00,0.000000e+00,0.000000e+00,0.000000e+00,-8.6888,-0.0000,-82.9915,-8.6888,IK_W_REFLECTED
G0337,L3,0.0000,40.5000,121.5000,0.000000e+00,0.000000e+00,0.000000e+00,0.000000e+00,-8.6888,-0.0000,-82.9915,-8.6888,IK_W_REFLECTED
G0338,R1,0.0000,67.5000,121.5000,0.000000e+00,-7.629395e-06,7.629395e-06,5.651403e-05,-40.8414,-0.0000,-50.9337,-40.8414,IK_W_REFLECTED
G0338,R2,0.0000,67.5000,121.5000,0.000000e+00,-7.629395e-06,7.629395e-06,5.651403e-05,-40.8414,-0.0000,-50.9337,-40.8414,IK_W_REFLECTED
G0338,R3,0.0000,67.5000,121.5000,0.000000e+00,-7.629395e-06,7.629395e-06,5.651403e-05,-40.8414,-0.0000,-50.9337,-40.8414,IK_W_REFLECTED
G0338,L1,0.0000,67.5000,121.5000,0.000000e+00,-7.629395e-06,7.629395e-06,5.651403e-05,-40.8414,-0.0000,-50.9337,-40.8414,IK_W_REFLECTED
G0338,L2,0.0000,67.5000,121.5000,0.000000e+00,-7.629395e-06,7.629395e-06,5.651403e-05,-40.8414,-0.0000,-50.9337,-40.8414,IK_W_REFLECTED
G0338,L3,0.0000,67.5000,121.5000,0.000000e+00,-7.629395e-06,7.629395e-06,5.651403e-05,-40.8414,-0.0000,-50.9337,-40.8414,IK_W_REFLECTED
G0339,R1,0.0000,67.5000,121.5000,0.000000e+00,-7.629395e-06,7.629395e-06,5.651403e-05,-40.8414,-0.0000,-50.9337,-40.8414,IK_W_REFLECTED
G0339,R2,0.0000,67.5000,121.5000,0.000000e+00,-7.629395e-06,7.629395e-06,5.651403e-05,-40.8414,-0.0000,-50.9337,-40.8414,IK_W_REFLECTED
G0339,R3,0.0000,67.5000,121.5000,0.000000e+00,-7.629395e-06,7.629395e-06,5.651403e-05,-40.8414,-0.0000,-50.9337,-40.8414,IK_W_REFLECTED
G0339,L1,0.0000,67.5000,121.5000,0.000000e+00,-7.629395e-06,7.629395e-06,5.651403e-05,-40.8414,-0.0000,-50.9337,-40.8414,IK_W_REFLECTED
G0339,L2,0.0000,67.5000,121.5000,0.000000e+00,-7.629395e-06,7.629395e-06,5.651403e-05,-40.8414,-0.0000,-50.9337,-40.8414,IK_W_REFLECTED
G0339,L3,0.0000,67.5000,121.5000,0.000000e+00,-7.629395e-06,7.629395e-06,5.651403e-05,-40.8414,-0.0000,-50.9337,-40.8414,IK_W_REFLECTED
G0340,R1,0.0000,67.5000,121.5000,0.000000e+00,-7.629395e-06,7.629395e-06,5.651403e-05,-40.8414,-0.0000,-50.9337,-40.8414,IK_W_REFLECTED
G0340,R2,0.0000,67.5000,121.5000,0.000000e+00,-7.629395e-06,7.629395e-06,5.651403e-05,-40.8414,-0.0000,-50.9337,-40.8414,IK_W_REFLECTED
G0340,R3,0.0000,67.5000,121.5000,0.000000e+00,-7.629395e-06,7.629395e-06,5.651403e-05,-40.8414,-0.0000,-50.9337,-40.8414,IK_W_REFLECTED
G0340,L1,0.0000,67.5000,121.5000,0.000000e+00,-7.629395e-06,7.629395e-06,5.651403e-05,-40.8414,-0.0000,-50.9337,-40.8414,IK_W_REFLECTED
G0340,L2,0.0000,67.5000,121.5000,0.000000e+00,-7.629395e-06,7.629395e-06,5.651403e-05,-40.8414,-0.0000,-50.9337,-40.8414,IK_W_REFLECTED
G0340,L3,0.0000,67.5000,121.5000,0.000000e+00,-7.629395e-06,7.629395e-06,5.651403e-05,-40.8414,-0.0000,-50.9337,-40.8414,IK_W_REFLECTED
G0341,R1,0.0000,67.5000,121.5000,0.000000e+00,-7.629395e-06,7.629395e-06,5.651403e-05,-40.8414,-0.0000,-50.9337,-40.8414,IK_W_REFLECTED
G0341,R2,0.0000,67.5000,121.5000,0.000000e+00,-7.629395e-06,7.629395e-06,5.651403e-05,-40.8414,-0.0000,-50.9337,-40.8414,IK_W_REFLECTED
G0341,R3,0.0000,67.5000,121.5000,0.000000e+00,-7.629395e-06,7.629395e-06,5.651403e-05,-40.8414,-0.0000,-50.9337,-40.8414,IK_W_REFLECTED
G0341,L1,0.0000,67.5000,121.5000,0.000000e+00,-7.629395e-06,7.629395e-06,5.651403e-05,-40.8414,-0.0000,-50.9337,-40.8414,IK_W_REFLECTED
G0341,L2,0.0000,67.5000,121.5000,0.000000e+00,-7.629395e-06,7.629395e-06,5.651403e-05,-40.8414,-0.0000,-50.9337,-40.8414,IK_W_REFLECTED
G0341,L3,0.0000,67.5000,121.5000,0.000000e+00,-7.629395e-06,7.629395e-06,5.651403e-05,-40.8414,-0.0000,-50.9337,-40.8414,IK_W_REFLECTED
G0342,R1,0.0000,40.5000,121.5000,0.000000e+00,0.000000e+00,0.000000e+00,0.000000e+00,-8.6888,-0.0000,-82.9915,-8.6888,IK_W_REFLECTED
G0342,R2,0.0000,40.5000,121.5000,0.000000e+00,0.000000e+00,0.000000e+00,0.000000e+00,-8.6888,-0.0000,-82.9915,-8.6888,IK_W_REFLECTED
G0342,R3,0.0000,40.5000,121.5000,0.000000e+00,0.000000e+00,0.000000e+00,0.000000e+00,-8.6888,-0.0000,-82.9915,-8.6888,IK_W_REFLECTED
G0342,L1,0.0000,40.5000,121.5000,0.000000e+00,0.000000e+00,0.000000e+00,0.000000e+00,-8.6888,-0.0000,-82.9915,-8.6888,IK_W_REFLECTED
G0342,L2,0.0000,40.5000,121.5000,0.000000e+00,0.000000e+00,0.000000e+00,0.000000e+00,-8.6888,-0.0000,-82.9915,-8.6888,IK_W_REFLECTED
G0342,L3,0.0000,40.5000,121.5000,0.000000e+00,0.000000e+00,0.000000e+00,0.000000e+00,-8.6888,-0.0000,-82.9915,-8.6888,IK_W_REFLECTED
G0343,R1,-47.2500,0.0000,67.5000,0.000000e+00,3.814697e-06,3.814697e-06,2.825702e-05,108.1323,-116.9768,-104.0502,159.2990,IK_OK
G0343,R2,0.0000,27.0000,67.5000,0.000000e+00,0.000000e+00,0.000000e+00,0.000000e+00,99.2764,0.0000,-145.9620,99.2764,IK_OK
G0343,R3,47.2500,0.0000,67.5000,0.000000e+00,3.814697e-06,3.814697e-06,2.825702e-05,108.1323,116.9768,-104.0502,159.2990,IK_OK
G0343,L1,47.2500,27.0000,67.5000,-3.814697e-06,0.000000e+00,3.814697e-06,2.825702e-05,67.3889,72.9009,-145.9620,99.2764,IK_OK
G0343,L2,0.0000,27.0000,114.7500,0.000000e+00,-7.629395e-06,7.629395e-06,5.651403e-05,19.6679,0.0000,-103.4104,19.6679,IK_OK
G0343,L3,-47.2500,27.0000,67.5000,3.814697e-06,0.000000e+00,3.814697e-06,2.825702e-05,67.3889,-72.9009,-145.9620,99.2764,IK_OK
G0344,R1,-47.2500,0.0000,67.5000,0.000000e+00,3.814697e-06,3.814697e-06,2.825702e-05,108.1323,-116.9768,-104.0502,159.2990,IK_OK
G0344,R2,0.0000,27.0000,114.7500,0.000000e+00,-7.629395e-06,7.629395e-06,5.651403e-05,19.6679,0.0000,-103.4104,19.6679,IK_OK
G0344,R3,47.2500,0.0000,67.5000,0.000000e+00,3.814697e-06,3.814697e-06,2.825702e-05,108.1323,116.9768,-104.0502,159.2990,IK_OK
G0344,L1,47.2500,0.0000,67.5000,0.000000e+00,3.814697e-06,3.814697e-06,2.825702e-05,108.1323,116.9768,-104.0502,159.2990,IK_OK
G0344,L2,0.0000,27.0000,114.7500,0.000000e+00,-7.629395e-06,7.629395e-06,5.651403e-05,19.6679,0.0000,-103.4104,19.6679,IK_OK
G0344,L3,-47.2500,0.0000,67.5000,0.000000e+00,3.814697e-06,3.814697e-06,2.825702e-05,108.1323,-116.9768,-104.0502,159.2990,IK_OK
G0345,R1,-47.2500,27.0000,67.5000,3.814697e-06,0.000000e+00,3.814697e-06,2.825702e-05,67.3889,-72.9009,-145.9620,99.2764,IK_OK
G0345,R2,0.0000,0.0000,67.5000,0.000000e+00,3.814697e-06,3.814697e-06,2.825702e-05,159.2990,0.0000,-104.0502,159.2990,IK_OK
G0345,R3,47.2500,27.0000,67.5000,-3.814697e-06,0.000000e+00,3.814697e-06,2.825702e-05,67.3889,72.9009,-145.9620,99.2764,IK_OK
G0345,L1,47.2500,27.0000,114.7500,0.000000e+00,-7.629395e-06,7.629395e-06,5.651403e-05,13.3506,14.4425,-103.4104,19.6679,IK_OK
G0345,L2,0.0000,27.0000,67.5000,0.000000e+00,0.000000e+00,0.000000e+00,0.000000e+00,99.2764,0.0000,-145.9620,99.2764,IK_OK
G0345,L3,-47.2500,27.0000,114.7500,0.000000e+00,-7.629395e-06,7.629395e-06,5.651403e-05,13.3506,-14.4425,-103.4104,19.6679,IK_OK
G0346,R1,-47.2500,27.0000,114.7500,0.000000e+00,-7.629395e-06,7.629395e-06,5.651403e-05,13.3506,-14.4425,-103.4104,19.6679,IK_OK
G0346,R2,0.0000,0.0000,67.5000,0.000000e+00,3.814697e-06,3.814697e-06,2.825702e-05,159.2990,0.0000,-104.0502,159.2990,IK_OK
G0346,R3,47.2500,27.0000,114.7500,0.000000e+00,-7.629395e-06,7.629395e-06,5.651403e-05,13.3506,14.4425,-103.4104,19.6679,IK_OK
G0346,L1,47.2500,27.0000,114.7500,0.000000e+00,-7.629395e-06,7.629395e-06,5.651403e-05,13.3506,14.4425,-103.4104,19.6679,IK_OK
G0346,L2,0.0000,0.0000,67.5000,0.000000e+00,3.814697e-06,3.814697e-06,2.825702e-05,159.2990,0.0000,-104.0502,159.2990,IK_OK
G0346,L3,-47.2500,27.0000,114.7500,0.000000e+00,-7.629395e-06,7.629395e-06,5.651403e-05,13.3506,-14.4425,-103.4104,19.6679,IK_OK
G0347,R1,-47.2500,0.0000,67.5000,0.000000e+00,3.814697e-06,3.814697e-06,2.825702e-05,108.1323,-116.9768,-104.0502,159.2990,IK_OK
G0347,R2,0.0000,27.0000,67.5000,0.000000e+00,0.000000e+00,0.000000e+00,0.000000e+00,99.2764,0.0000,-145.9620,99.2764,IK_OK
G0347,R3,47.2500,0.0000,67.5000,0.000000e+00,3.814697e-06,3.814697e-06,2.825702e-05,108.1323,116.9768,-104.0502,159.2990,IK_OK
G0347,L1,47.2500,27.0000,67.5000,-3.814697e-06,0.000000e+00,3.814697e-06,2.825702e-05,67.3889,72.9009,-145.9620,99.2764,IK_OK
G0347,L2,0.0000,27.0000,114.7500,0.000000e+00,-7.629395e-06,7.629395e-06,5.651403e-05,19.6679,0.0000,-103.4104,19.6679,IK_OK
G0347,L3,-47.2500,27.0000,67.5000,3.814697e-06,0.000000e+00,3.814697e-06,2.825702e-05,67.3889,-72.9009,-145.9620,99.2764,IK_OK
G0348,R1,-47.2500,0.0000,67.5000,0.000000e+00,3.814697e-06,3.814697e-06,2.825702e-05,108.1323,-116.9768,-104.0502,159.2990,IK_OK
G0348,R2,0.0000,27.0000,114.7500,0.000000e+00,-7.629395e-06,7.629395e-06,5.651403e-05,19.6679,0.0000,-103.4104,19.6679,IK_OK
G0348,R3,47.2500,0.0000,67.5000,0.000000e+00,3.814697e-06,3.814697e-06,2.825702e-05,108.1323,116.9768,-104.0502,159.2990,IK_OK
G0348,L1,47.2500,0.0000,67.5000,0.000000e+00,3.814697e-06,3.814697e-06,2.825702e-05,108.1323,116.9768,-104.0502,159.2990,IK_OK
G0348,L2,0.0000,27.0000,114.7500,0.000000e+00,-7.629395e-06,7.629395e-06,5.651403e-05,19.6679,0.0000,-103.4104,19.6679,IK_OK
G0348,L3,-47.2500,0.0000,67.5000,0.000000e+00,3.814697e-06,3.814697e-06,2.825702e-05,108.1323,-116.9768,-104.0502,159.2990,IK_OK
G0349,R1,-47.2500,27.0000,67.5000,3.814697e-06,0.000000e+00,3.814697e-06,2.825702e-05,67.3889,-72.9009,-145.9620,99.2764,IK_OK
G0349,R2,0.0000,0.0000,67.5000,0.000000e+00,3.814697e-06,3.814697e-06,2.825702e-05,159.2990,0.0000,-104.0502,159.2990,IK_OK
G0349,R3,47.2500,27.0000,67.5000,-3.814697e-06,0.000000e+00,3.814697e-06,2.825702e-05,67.3889,72.9009,-145.9620,99.2764,IK_OK
G0349,L1,47.2500,27.0000,114.7500,0.000000e+00,-7.629395e-06,7.629395e-06,5.651403e-05,13.3506,14.4425,-103.4104,19.6679,IK_OK
G0349,L2,0.0000,27.0000,67.5000,0.000000e+00,0.000000e+00,0.000000e+00,0.000000e+00,99.2764,0.0000,-145.9620,99.2764,IK_OK
G0349,L3,-47.2500,27.0000,114.7500,0.000000e+00,-7.629395e-06,7.629395e-06,5.651403e-05,13.3506,-14.4425,-103.4104,19.6679,IK_OK
G0350,R1,-47.2500,27.0000,114.7500,0.000000e+00,-7.629395e-06,7.629395e-06,5.651403e-05,13.3506,-14.4425,-103.4104,19.6679,IK_OK
G0350,R2,0.0000,0.0000,67.5000,0.000000e+00,3.814697e-06,3.814697e-06,2.825702e-05,159.2990,0.0000,-104.0502,159.2990,IK_OK
G0350,R3,47.2500,27.0000,114.7500,0.000000e+00,-7.629395e-06,7.629395e-06,5.651403e-05,13.3506,14.4425,-103.4104,19.6679,IK_OK
G0350,L1,47.2500,27.0000,114.7500,0.000000e+00,-7.629395e-06,7.629395e-06,5.651403e-05,13.3506,14.4425,-103.4104,19.6679,IK_OK
G0350,L2,0.0000,0.0000,67.5000,0.000000e+00,3.814697e-06,3.814697e-06,2.825702e-05,159.2990,0.0000,-104.0502,159.2990,IK_OK
G0350,L3,-47.2500,27.0000,114.7500,0.000000e+00,-7.629395e-06,7.629395e-06,5.651403e-05,13.3506,-14.4425,-103.4104,19.6679,IK_OK
G0351,R1,-47.2500,0.0000,67.5000,0.000000e+00,3.814697e-06,3.814697e-06,2.825702e-05,108.1323,-116.9768,-104.0502,159.2990,IK_OK
G0351,R2,0.0000,27.0000,67.5000,0.000000e+00,0.000000e+00,0.000000e+00,0.000000e+00,99.2764,0.0000,-145.9620,99.2764,IK_OK
G0351,R3,47.2500,0.0000,67.5000,0.000000e+00,3.814697e-06,3.814697e-06,2.825702e-05,108.1323,116.9768,-104.0502,159.2990,IK_OK
G0351,L1,47.2500,27.0000,67.5000,-3.814697e-06,0.000000e+00,3.814697e-06,2.825702e-05,67.3889,72.9009,-145.9620,99.2764,IK_OK
G0351,L2,0.0000,27.0000,114.7500,0.000000e+00,-7.629395e-06,7.629395e-06,5.651403e-05,19.6679,0.0000,-103.4104,19.6679,IK_OK
G0351,L3,-47.2500,27.0000,67.5000,3.814697e-06,0.000000e+00,3.814697e-06,2.825702e-05,67.3889,-72.9009,-145.9620,99.2764,IK_OK
G0352,R1,-47.2500,0.0000,67.5000,0.000000e+00,3.814697e-06,3.814697e-06,2.825702e-05,108.1323,-116.9768,-104.0502,159.2990,IK_OK
G0352,R2,0.0000,27.0000,114.7500,0.000000e+00,-7.629395e-06,7.629395e-06,5.651403e-05,19.6679,0.0000,-103.4104,19.6679,IK_OK
G0352,R3,47.2500,0.0000,67.5000,0.000000e+00,3.814697e-06,3.814697e-06,2.825702e-05,108.1323,116.9768,-104.0502,159.2990,IK_OK
G0352,L1,47.2500,0.0000,67.5000,0.000000e+00,3.814697e-06,3.814697e-06,2.825702e-05,108.1323,116.9768,-104.0502,159.2990,IK_OK
G0352,L2,0.0000,27.0000,114.7500,0.000000e+00,-7.629395e-06,7.629395e-06,5.651403e-05,19.6679,0.0000,-103.4104,19.6679,IK_OK
G0352,L3,-47.2500,0.0000,67.5000,0.000000e+00,3.814697e-06,3.814697e-06,2.825702e-05,108.1323,-116.9768,-104.0502,159.2990,IK_OK
G0353,R1,-47.2500,27.0000,67.5000,3.814697e-06,0.000000e+00,3.814697e-06,2.825702e-05,67.3889,-72.9009,-145.9620,99.2764,IK_OK
G0353,R2,0.0000,0.0000,67.5000,0.000000e+00,3.814697e-06,3.814697e-06,2.825702e-05,159.2990,0.0000,-104.0502,159.2990,IK_OK
G0353,R3,47.2500,27.0000,67.5000,-3.814697e-06,0.000000e+00,3.814697e-06,2.825702e-05,67.3889,72.9009,-145.9620,99.2764,IK_OK
G0353,L1,47.2500,27.0000,114.7500,0.000000e+00,-7.629395e-06,7.629395e-06,5.651403e-05,13.3506,14.4425,-103.4104,19.6679,IK_OK
G0353,L2,0.0000,27.0000,67.5000,0.000000e+00,0.000000e+00,0.000000e+00,0.000000e+00,99.2764,0.0000,-145.9620,99.2764,IK_OK
G0353,L3,-47.2500,27.0000,114.7500,0.000000e+00,-7.629395e-06,7.629395e-06,5.651403e-05,13.3506,-14.4425,-103.4104,19.6679,IK_OK
G0354,R1,-47.2500,27.0000,114.7500,0.000000e+00,-7.629395e-06,7.629395e-06,5.651403e-05,13.3506,-14.4425,-103.4104,19.6679,IK_OK
G0354,R2,0.0000,0.0000,67.5000,0.000000e+00,3.814697e-06,3.814697e-06,2.825702e-05,159.2990,0.0000,-104.0502,159.2990,IK_OK
G0354,R3,47.2500,27.0000,114.7500,0.000000e+00,-7.629395e-06,7.629395e-06,5.651403e-05,13.3506,14.4425,-103.4104,19.6679,IK_OK
G0354,L1,47.2500,27.0000,114.7500,0.000000e+00,-7.629395e-06,7.629395e-06,5.651403e-05,13.3506,14.4425,-103.4104,19.6679,IK_OK
G0354,L2,0.0000,0.0000,67.5000,0.000000e+00,3.814697e-06,3.814697e-06,2.825702e-05,159.2990,0.0000,-104.0502,159.2990,IK_OK
G0354,L3,-47.2500,27.0000,114.7500,0.000000e+00,-7.629395e-06,7.629395e-06,5.651403e-05,13.3506,-14.4425,-103.4104,19.6679,IK_OK
G0355,R1,-47.2500,0.0000,67.5000,0.000000e+00,3.814697e-06,3.814697e-06,2.825702e-05,108.1323,-116.9768,-104.0502,159.2990,IK_OK
G0355,R2,0.0000,27.0000,67.5000,0.000000e+00,0.000000e+00,0.000000e+00,0.000000e+00,99.2764,0.0000,-145.9620,99.2764,IK_OK
G0355,R3,47.2500,0.0000,67.5000,0.000000e+00,3.814697e-06,3.814697e-06,2.825702e-05,108.1323,116.9768,-104.0502,159.2990,IK_OK
G0355,L1,47.2500,27.0000,67.5000,-3.814697e-06,0.000000e+00,3.814697e-06,2.825702e-05,67.3889,72.9009,-145.9620,99.2764,IK_OK
G0355,L2,0.0000,27.0000,114.7500,0.000000e+00,-7.629395e-06,7.629395e-06,5.651403e-05,19.6679,0.0000,-103.4104,19.6679,IK_OK
G0355,L3,-47.2500,27.0000,67.5000,3.814697e-06,0.000000e+00,3.814697e-06,2.825702e-05,67.3889,-72.9009,-145.9620,99.2764,IK_OK
G0356,R1,-47.2500,0.0000,67.5000,0.000000e+00,3.814697e-06,3.814697e-06,2.825702e-05,108.1323,-116.9768,-104.0502,159.2990,IK_OK
G0356,R2,0.0000,27.0000,114.7500,0.000000e+00,-7.629395e-06,7.629395e-06,5.651403e-05,19.6679,0.0000,-103.4104,19.6679,IK_OK
G0356,R3,47.2500,0.0000,67.5000,0.000000e+00,3.814697e-06,3.814697e-06,2.825702e-05,108.1323,116.9768,-104.0502,159.2990,IK_OK
G0356,L1,47.2500,0.0000,67.5000,0.000000e+00,3.814697e-06,3.814697e-06,2.825702e-05,108.1323,116.9768,-104.0502,159.2990,IK_OK
G0356,L2,0.0000,27.0000,114.7500,0.000000e+00,-7.629395e-06,7.629395e-06,5.651403e-05,19.6679,0.0000,-103.4104,19.6679,IK_OK
G0356,L3,-47.2500,0.0000,67.5000,0.000000e+00,3.814697e-06,3.814697e-06,2.825702e-05,108.1323,-116.9768,-104.0502,159.2990,IK_OK
G0357,R1,-47.2500,27.0000,67.5000,3.814697e-06,0.000000e+00,3.814697e-06,2.825702e-05,67.3889,-72.9009,-145.9620,99.2764,IK_OK
G0357,R2,0.0000,0.0000,67.5000,0.000000e+00,3.814697e-06,3.814697e-06,2.825702e-05,159.2990,0.0000,-104.0502,159.2990,IK_OK
G0357,R3,47.2500,27.0000,67.5000,-3.814697e-06,0.000000e+00,3.814697e-06,2.825702e-05,67.3889,72.9009,-145.9620,99.2764,IK_OK
G0357,L1,47.2500,27.0000,114.7500,0.000000e+00,-7.629395e-06,7.629395e-06,5.651403e-05,13.3506,14.4425,-103.4104,19.6679,IK_OK
G0357,L2,0.0000,27.0000,67.5000,0.000000e+00,0.000000e+00,0.000000e+00,0.000000e+00,99.2764,0.0000,-145.9620,99.2764,IK_OK
G0357,L3,-47.2500,27.0000,114.7500,0.000000e+00,-7.629395e-06,7.629395e-06,5.651403e-05,13.3506,-14.4425,-103.4104,19.6679,IK_OK
G0358,R1,-47.2500,27.0000,114.7500,0.000000e+00,-7.629395e-06,7.629395e-06,5.651403e-05,13.3506,-14.4425,-103.4104,19.6679,IK_OK
G0358,R2,0.0000,0.0000,67.5000,0.000000e+00,3.814697e-06,3.814697e-06,2.825702e-05,159.2990,0.0000,-104.0502,159.2990,IK_OK
G0358,R3,47.2500,27.0000,114.7500,0.000000e+00,-7.629395e-06,7.629395e-06,5.651403e-05,13.3506,14.4425,-103.4104,19.6679,IK_OK
G0358,L1,47.2500,27.0000,114.7500,0.000000e+00,-7.629395e-06,7.629395e-06,5.651403e-05,13.3506,14.4425,-103.4104,19.6679,IK_OK
G0358,L2,0.0000,0.0000,67.5000,0.000000e+00,3.814697e-06,3.814697e-06,2.825702e-05,159.2990,0.0000,-104.0502,159.2990,IK_OK
G0358,L3,-47.2500,27.0000,114.7500,0.000000e+00,-7.629395e-06,7.629395e-06,5.651403e-05,13.3506,-14.4425,-103.4104,19.6679,IK_OK
G0359,R1,-47.2500,0.0000,67.5000,0.000000e+00,3.814697e-06,3.814697e-06,2.825702e-05,108.1323,-116.9768,-104.0502,159.2990,IK_OK
G0359,R2,0.0000,27.0000,67.5000,0.000000e+00,0.000000e+00,0.000000e+00,0.000000e+00,99.2764,0.0000,-145.9620,99.2764,IK_OK
G0359,R3,47.2500,0.0000,67.5000,0.000000e+00,3.814697e-06,3.814697e-06,2.825702e-05,108.1323,116.9768,-104.0502,159.2990,IK_OK
G0359,L1,47.2500,27.0000,67.5000,-3.814697e-06,0.000000e+00,3.814697e-06,2.825702e-05,67.3889,72.9009,-145.9620,99.2764,IK_OK
G0359,L2,0.0000,27.0000,114.7500,0.000000e+00,-7.629395e-06,7.629395e-06,5.651403e-05,19.6679,0.0000,-103.4104,19.6679,IK_OK
G0359,L3,-47.2500,27.0000,67.5000,3.814697e-06,0.000000e+00,3.814697e-06,2.825702e-05,67.3889,-72.9009,-145.9620,99.2764,IK_OK
G0360,R1,-47.2500,0.0000,67.5000,0.000000e+00,3.814697e-06,3.814697e-06,2.825702e-05,108.1323,-116.9768,-104.0502,159.2990,IK_OK
G0360,R2,0.0000,27.0000,114.7500,0.000000e+00,-7.629395e-06,7.629395e-06,5.651403e-05,19.6679,0.0000,-103.4104,19.6679,IK_OK
G0360,R3,47.2500,0.0000,67.5000,0.000000e+00,3.814697e-06,3.814697e-06,2.825702e-05,108.1323,116.9768,-104.0502,159.2990,IK_OK
G0360,L1,47.2500,0.0000,67.5000,0.000000e+00,3.814697e-06,3.814697e-06,2.825702e-05,108.1323,116.9768,-104.0502,159.2990,IK_OK
G0360,L2,0.0000,27.0000,114.7500,0.000000e+00,-7.629395e-06,7.629395e-06,5.651403e-05,19.6679,0.0000,-103.4104,19.6679,IK_OK
G0360,L3,-47.2500,0.0000,67.5000,0.000000e+00,3.814697e-06,3.814697e-06,2.825702e-05,108.1323,-116.9768,-104.0502,159.2990,IK_OK
G0361,R1,-47.2500,27.0000,67.5000,3.814697e-06,0.000000e+00,3.814697e-06,2.825702e-05,67.3889,-72.9009,-145.9620,99.2764,IK_OK
G0361,R2,0.0000,0.0000,67.5000,0.000000e+00,3.814697e-06,3.814697e-06,2.825702e-05,159.2990,0.0000,-104.0502,159.2990,IK_OK
G0361,R3,47.2500,27.0000,67.5000,-3.814697e-06,0.000000e+00,3.814697e-06,2.825702e-05,67.3889,72.9009,-145.9620,99.2764,IK_OK
G0361,L1,47.2500,27.0000,114.7500,0.000000e+00,-7.629395e-06,7.629395e-06,5.651403e-05,13.3506,14.4425,-103.4104,19.6679,IK_OK
G0361,L2,0.0000,27.0000,67.5000,0.000000e+00,0.000000e+00,0.000000e+00,0.000000e+00,99.2764,0.0000,-145.9620,99.2764,IK_OK
G0361,L3,-47.2500,27.0000,114.7500,0.000000e+00,-7.629395e-06,7.629395e-06,5.651403e-05,13.3506,-14.4425,-103.4104,19.6679,IK_OK
G0362,R1,-47.2500,27.0000,114.7500,0.000000e+00,-7.629395e-06,7.629395e-06,5.651403e-05,13.3506,-14.4425,-103.4104,19.6679,IK_OK
G0362,R2,0.0000,0.0000,67.5000,0.000000e+00,3.814697e-06,3.814697e-06,2.825702e-05,159.2990,0.0000,-104.0502,159.2990,IK_OK
G0362,R3,47.2500,27.0000,114.7500,0.000000e+00,-7.629395e-06,7.629395e-06,5.651403e-05,13.3506,14.4425,-103.4104,19.6679,IK_OK
G0362,L1,47.2500,27.0000,114.7500,0.000000e+00,-7.629395e-06,7.629395e-06,5.651403e-05,13.3506,14.4425,-103.4104,19.6679,IK_OK
G0362,L2,0.0000,0.0000,67.5000,0.000000e+00,3.814697e-06,3.814697e-06,2.825702e-05,159.2990,0.0000,-104.0502,159.2990,IK_OK
G0362,L3,-47.2500,27.0000,114.7500,0.000000e+00,-7.629395e-06,7.629395e-06,5.651403e-05,13.3506,-14.4425,-103.4104,19.6679,IK_OK
G0363,R1,0.0000,40.5000,121.5000,0.000000e+00,0.000000e+00,0.000000e+00,0.000000e+00,-8.6888,-0.0000,-82.9915,-8.6888,IK_W_REFLECTED
G0363,R2,0.0000,40.5000,121.5000,0.000000e+00,0.000000e+00,0.000000e+00,0.000000e+00,-8.6888,-0.0000,-82.9915,-8.6888,IK_W_REFLECTED
G0363,R3,0.0000,40.5000,121.5000,0.000000e+00,0.000000e+00,0.000000e+00,0.000000e+00,-8.6888,-0.0000,-82.9915,-8.6888,IK_W_REFLECTED
G0363,L1,0.0000,40.5000,121.5000,0.000000e+00,0.000000e+00,0.000000e+00,0.000000e+00,-8.6888,-0.0000,-82.9915,-8.6888,IK_W_REFLECTED
G0363,L2,0.0000,40.5000,121.5000,0.000000e+00,0.000000e+00,0.000000e+00,0.000000e+00,-8.6888,-0.0000,-82.9915,-8.6888,IK_W_REFLECTED
G0363,L3,0.0000,40.5000,121.5000,0.000000e+00,0.000000e+00,0.000000e+00,0.000000e+00,-8.6888,-0.0000,-82.9915,-8.6888,IK_W_REFLECTED
G0364,R1,0.0000,40.5000,121.5000,0.000000e+00,0.000000e+00,0.000000e+00,0.000000e+00,-8.6888,-0.0000,-82.9915,-8.6888,IK_W_REFLECTED
G0364,R2,0.0000,40.5000,121.5000,0.000000e+00,0.000000e+00,0.000000e+00,0.000000e+00,-8.6888,-0.0000,-82.9915,-8.6888,IK_W_REFLECTED
G0364,R3,0.0000,40.5000,121.5000,0.000000e+00,0.000000e+00,0.000000e+00,0.000000e+00,-8.6888,-0.0000,-82.9915,-8.6888,IK_W_REFLECTED
G0364,L1,0.0000,40.5000,121.5000,0.000000e+00,0.000000e+00,0.000000e+00,0.000000e+00,-8.6888,-0.0000,-82.9915,-8.6888,IK_W_REFLECTED
G0364,L2,0.0000,40.5000,121.5000,0.000000e+00,0.000000e+00,0.000000e+00,0.000000e+00,-8.6888,-0.0000,-82.9915,-8.6888,IK_W_REFLECTED
G0364,L3,0.0000,40.5000,121.5000,0.000000e+00,0.000000e+00,0.000000e+00,0.000000e+00,-8.6888,-0.0000,-82.9915,-8.6888,IK_W_REFLECTED
G0365,R1,0.0000,40.5000,121.5000,0.000000e+00,0.000000e+00,0.000000e+00,0.000000e+00,-8.6888,-0.0000,-82.9915,-8.6888,IK_W_REFLECTED
G0365,R2,0.0000,40.5000,121.5000,0.000000e+00,0.000000e+00,0.000000e+00,0.000000e+00,-8.6888,-0.0000,-82.9915,-8.6888,IK_W_REFLECTED
G0365,R3,0.0000,40.5000,121.5000,0.000000e+00,0.000000e+00,0.000000e+00,0.000000e+00,-8.6888,-0.0000,-82.9915,-8.6888,IK_W_REFLECTED
G0365,L1,0.0000,40.5000,121.5000,0.000000e+00,0.000000e+00,0.000000e+00,0.000000e+00,-8.6888,-0.0000,-82.9915,-8.6888,IK_W_REFLECTED
G0365,L2,0.0000,40.5000,121.5000,0.000000e+00,0.000000e+00,0.000000e+00,0.000000e+00,-8.6888,-0.0000,-82.9915,-8.6888,IK_W_REFLECTED
G0365,L3,0.0000,40.5000,121.5000,0.000000e+00,0.000000e+00,0.000000e+00,0.000000e+00,-8.6888,-0.0000,-82.9915,-8.6888,IK_W_REFLECTED
G0366,R1,0.0000,67.5000,121.5000,0.000000e+00,-7.629395e-06,7.629395e-06,5.651403e-05,-40.8414,-0.0000,-50.9337,-40.8414,IK_W_REFLECTED
G0366,R2,0.0000,67.5000,121.5000,0.000000e+00,-7.629395e-06,7.629395e-06,5.651403e-05,-40.8414,-0.0000,-50.9337,-40.8414,IK_W_REFLECTED
G0366,R3,0.0000,67.5000,121.5000,0.000000e+00,-7.629395e-06,7.629395e-06,5.651403e-05,-40.8414,-0.0000,-50.9337,-40.8414,IK_W_REFLECTED
G0366,L1,0.0000,67.5000,121.5000,0.000000e+00,-7.629395e-06,7.629395e-06,5.651403e-05,-40.8414,-0.0000,-50.9337,-40.8414,IK_W_REFLECTED
G0366,L2,0.0000,67.5000,121.5000,0.000000e+00,-7.629395e-06,7.629395e-06,5.651403e-05,-40.8414,-0.0000,-50.9337,-40.8414,IK_W_REFLECTED
G0366,L3,0.0000,67.5000,121.5000,0.000000e+00,-7.629395e-06,7.629395e-06,5.651403e-05,-40.8414,-0.0000,-50.9337,-40.8414,IK_W_REFLECTED
G0367,R1,0.0000,67.5000,121.5000,0.000000e+00,-7.629395e-06,7.629395e-06,5.651403e-05,-40.8414,-0.0000,-50.9337,-40.8414,IK_W_REFLECTED
G0367,R2,0.0000,67.5000,121.5000,0.000000e+00,-7.629395e-06,7.629395e-06,5.651403e-05,-40.8414,-0.0000,-50.9337,-40.8414,IK_W_REFLECTED
G0367,R3,0.0000,67.5000,121.5000,0.000000e+00,-7.629395e-06,7.629395e-06,5.651403e-05,-40.8414,-0.0000,-50.9337,-40.8414,IK_W_REFLECTED
G0367,L1,0.0000,67.5000,121.5000,0.000000e+00,-7.629395e-06,7.629395e-06,5.651403e-05,-40.8414,-0.0000,-50.9337,-40.8414,IK_W_REFLECTED
G0367,L2,0.0000,67.5000,121.5000,0.000000e+00,-7.629395e-06,7.629395e-06,5.651403e-05,-40.8414,-0.0000,-50.9337,-40.8414,IK_W_REFLECTED
G0367,L3,0.0000,67.5000,121.5000,0.000000e+00,-7.629395e-06,7.629395e-06,5.651403e-05,-40.8414,-0.0000,-50.9337,-40.8414,IK_W_REFLECTED
G0368,R1,0.0000,67.5000,121.5000,0.000000e+00,-7.629395e-06,7.629395e-06,5.651403e-05,-40.8414,-0.0000,-50.9337,-40.8414,IK_W_REFLECTED
G0368,R2,0.0000,67.5000,121.5000,0.000000e+00,-7.629395e-06,7.629395e-06,5.651403e-05,-40.8414,-0.0000,-50.9337,-40.8414,IK_W_REFLECTED
G0368,R3,0.0000,67.5000,121.5000,0.000000e+00,-7.629395e-06,7.629395e-06,5.651403e-05,-40.8414,-0.0000,-50.9337,-40.8414,IK_W_REFLECTED
G0368,L1,0.0000,67.5000,121.5000,0.000000e+00,-7.629395e-06,7.629395e-06,5.651403e-05,-40.8414,-0.0000,-50.9337,-40.8414,IK_W_REFLECTED
G0368,L2,0.0000,67.5000,121.5000,0.000000e+00,-7.629395e-06,7.629395e-06,5.651403e-05,-40.8414,-0.0000,-50.9337,-40.8414,IK_W_REFLECTED
G0368,L3,0.0000,67.5000,121.5000,0.000000e+00,-7.629395e-06,7.629395e-06,5.651403e-05,-40.8414,-0.0000,-50.9337,-40.8414,IK_W_REFLECTED
G0369,R1,0.0000,67.5000,121.5000,0.000000e+00,-7.629395e-06,7.629395e-06,5.651403e-05,-40.8414,-0.0000,-50.9337,-40.8414,IK_W_REFLECTED
G0369,R2,0.0000,67.5000,121.5000,0.000000e+00,-7.629395e-06,7.629395e-06,5.651403e-05,-40.8414,-0.0000,-50.9337,-40.8414,IK_W_REFLECTED
G0369,R3,0.0000,67.5000,121.5000,0.000000e+00,-7.629395e-06,7.629395e-06,5.651403e-05,-40.8414,-0.0000,-50.9337,-40.8414,IK_W_REFLECTED
G0369,L1,0.0000,67.5000,121.5000,0.000000e+00,-7.629395e-06,7.629395e-06,5.651403e-05,-40.8414,-0.0000,-50.9337,-40.8414,IK_W_REFLECTED
G0369,L2,0.0000,67.5000,121.5000,0.000000e+00,-7.629395e-06,7.629395e-06,5.651403e-05,-40.8414,-0.0000,-50.9337,-40.8414,IK_W_REFLECTED
G0369,L3,0.0000,67.5000,121.5000,0.000000e+00,-7.629395e-06,7.629395e-06,5.651403e-05,-40.8414,-0.0000,-50.9337,-40.8414,IK_W_REFLECTED
G0370,R1,0.0000,40.5000,121.5000,0.000000e+00,0.000000e+00,0.000000e+00,0.000000e+00,-8.6888,-0.0000,-82.9915,-8.6888,IK_W_REFLECTED
G0370,R2,0.0000,40.5000,121.5000,0.000000e+00,0.000000e+00,0.000000e+00,0.000000e+00,-8.6888,-0.0000,-82.9915,-8.6888,IK_W_REFLECTED
G0370,R3,0.0000,40.5000,121.5000,0.000000e+00,0.000000e+00,0.000000e+00,0.000000e+00,-8.6888,-0.0000,-82.9915,-8.6888,IK_W_REFLECTED
G0370,L1,0.0000,40.5000,121.5000,0.000000e+00,0.000000e+00,0.000000e+00,0.000000e+00,-8.6888,-0.0000,-82.9915,-8.6888,IK_W_REFLECTED
G0370,L2,0.0000,40.5000,121.5000,0.000000e+00,0.000000e+00,0.000000e+00,0.000000e+00,-8.6888,-0.0000,-82.9915,-8.6888,IK_W_REFLECTED
G0370,L3,0.0000,40.5000,121.5000,0.000000e+00,0.000000e+00,0.000000e+00,0.000000e+00,-8.6888,-0.0000,-82.9915,-8.6888,IK_W_REFLECTED
G0371,R1,13.5000,27.0000,94.5000,9.536743e-07,3.814697e-06,3.814697e-06,2.825702e-05,47.9060,11.5012,-129.7131,49.2673,IK_OK
G0371,R2,-13.5000,0.0000,94.5000,-9.536743e-07,0.000000e+00,9.536743e-07,7.064254e-06,104.3972,-25.0636,-112.2759,107.3637,IK_OK
G0371,R3,13.5000,27.0000,94.5000,9.536743e-07,3.814697e-06,3.814697e-06,2.825702e-05,47.9060,11.5012,-129.7131,49.2673,IK_OK
G0371,L1,13.5000,0.0000,94.5000,9.536743e-07,0.000000e+00,9.536743e-07,7.064254e-06,104.3972,25.0636,-112.2759,107.3637,IK_OK
G0371,L2,-13.5000,27.0000,94.5000,-9.536743e-07,3.814697e-06,3.814697e-06,2.825702e-05,47.9060,-11.5012,-129.7131,49.2673,IK_OK
G0371,L3,13.5000,0.0000,94.5000,9.536743e-07,0.000000e+00,9.536743e-07,7.064254e-06,104.3972,25.0636,-112.2759,107.3637,IK_OK
G0372,R1,13.5000,0.0000,94.5000,9.536743e-07,0.000000e+00,9.536743e-07,7.064254e-06,104.3972,25.0636,-112.2759,107.3637,IK_OK
G0372,R2,-13.5000,0.0000,94.5000,-9.536743e-07,0.000000e+00,9.536743e-07,7.064254e-06,104.3972,-25.0636,-112.2759,107.3637,IK_OK
G0372,R3,13.5000,0.0000,94.5000,9.536743e-07,0.000000e+00,9.536743e-07,7.064254e-06,104.3972,25.0636,-112.2759,107.3637,IK_OK
G0372,L1,13.5000,0.0000,94.5000,9.536743e-07,0.000000e+00,9.536743e-07,7.064254e-06,104.3972,25.0636,-112.2759,107.3637,IK_OK
G0372,L2,-13.5000,0.0000,94.5000,-9.536743e-07,0.000000e+00,9.536743e-07,7.064254e-06,104.3972,-25.0636,-112.2759,107.3637,IK_OK
G0372,L3,13.5000,0.0000,94.5000,9.536743e-07,0.000000e+00,9.536743e-07,7.064254e-06,104.3972,25.0636,-112.2759,107.3637,IK_OK
G0373,R1,-13.5000,0.0000,94.5000,-9.536743e-07,0.000000e+00,9.536743e-07,7.064254e-06,104.3972,-25.0636,-112.2759,107.3637,IK_OK
G0373,R2,13.5000,27.0000,94.5000,9.536743e-07,3.814697e-06,3.814697e-06,2.825702e-05,47.9060,11.5012,-129.7131,49.2673,IK_OK
G0373,R3,-13.5000,0.0000,94.5000,-9.536743e-07,0.000000e+00,9.536743e-07,7.064254e-06,104.3972,-25.0636,-112.2759,107.3637,IK_OK
G0373,L1,-13.5000,27.0000,94.5000,-9.536743e-07,3.814697e-06,3.814697e-06,2.825702e-05,47.9060,-11.5012,-129.7131,49.2673,IK_OK
G0373,L2,13.5000,0.0000,94.5000,9.536743e-07,0.000000e+00,9.536743e-07,7.064254e-06,104.3972,25.0636,-112.2759,107.3637,IK_OK
G0373,L3,-13.5000,27.0000,94.5000,-9.536743e-07,3.814697e-06,3.814697e-06,2.825702e-05,47.9060,-11.5012,-129.7131,49.2673,IK_OK
G0374,R1,-13.5000,0.0000,94.5000,-9.536743e-07,0.000000e+00,9.536743e-07,7.064254e-06,104.3972,-25.0636,-112.2759,107.3637,IK_OK
G0374,R2,13.5000,0.0000,94.5000,9.536743e-07,0.000000e+00,9.536743e-07,7.064254e-06,104.3972,25.0636,-112.2759,107.3637,IK_OK
G0374,R3,-13.5000,0.0000,94.5000,-9.536743e-07,0.000000e+00,9.536743e-07,7.064254e-06,104.3972,-25.0636,-112.2759,107.3637,IK_OK
G0374,L1,-13.5000,0.0000,94.5000,-9.536743e-07,0.000000e+00,9.536743e-07,7.064254e-06,104.3972,-25.0636,-112.2759,107.3637,IK_OK
G0374,L2,13.5000,0.0000,94.5000,9.536743e-07,0.000000e+00,9.536743e-07,7.064254e-06,104.3972,25.0636,-112.2759,107.3637,IK_OK
G0374,L3,-13.5000,0.0000,94.5000,-9.536743e-07,0.000000e+00,9.536743e-07,7.064254e-06,104.3972,-25.0636,-112.2759,107.3637,IK_OK
G0375,R1,13.5000,27.0000,94.5000,9.536743e-07,3.814697e-06,3.814697e-06,2.825702e-05,47.9060,11.5012,-129.7131,49.2673,IK_OK
G0375,R2,-13.5000,0.0000,94.5000,-9.536743e-07,0.000000e+00,9.536743e-07,7.064254e-06,104.3972,-25.0636,-112.2759,107.3637,IK_OK
G0375,R3,13.5000,27.0000,94.5000,9.536743e-07,3.814697e-06,3.814697e-06,2.825702e-05,47.9060,11.5012,-129.7131,49.2673,IK_OK
G0375,L1,13.5000,0.0000,94.5000,9.536743e-07,0.000000e+00,9.536743e-07,7.064254e-06,104.3972,25.0636,-112.2759,107.3637,IK_OK
G0375,L2,-13.5000,27.0000,94.5000,-9.536743e-07,3.814697e-06,3.814697e-06,2.825702e-05,47.9060,-11.5012,-129.7131,49.2673,IK_OK
G0375,L3,13.5000,0.0000,94.5000,9.536743e-07,0.000000e+00,9.536743e-07,7.064254e-06,104.3972,25.0636,-112.2759,107.3637,IK_OK
G0376,R1,13.5000,0.0000,94.5000,9.536743e-07,0.000000e+00,9.536743e-07,7.064254e-06,104.3972,25.0636,-112.2759,107.3637,IK_OK
G0376,R2,-13.5000,0.0000,94.5000,-9.536743e-07,0.000000e+00,9.536743e-07,7.064254e-06,104.3972,-25.0636,-112.2759,107.3637,IK_OK
G0376,R3,13.5000,0.0000,94.5000,9.536743e-07,0.000000e+00,9.536743e-07,7.064254e-06,104.3972,25.0636,-112.2759,107.3637,IK_OK
G0376,L1,13.5000,0.0000,94.5000,9.536743e-07,0.000000e+00,9.536743e-07,7.064254e-06,104.3972,25.0636,-112.2759,107.3637,IK_OK
G0376,L2,-13.5000,0.0000,94.5000,-9.536743e-07,0.000000e+00,9.536743e-07,7.064254e-06,104.3972,-25.0636,-112.2759,107.3637,IK_OK
G0376,L3,13.5000,0.0000,94.5000,9.536743e-07,0.000000e+00,9.536743e-07,7.064254e-06,104.3972,25.0636,-112.2759,107.3637,IK_OK
G0377,R1,-13.5000,0.0000,94.5000,-9.536743e-07,0.000000e+00,9.536743e-07,7.064254e-06,104.3972,-25.0636,-112.2759,107.3637,IK_OK
G0377,R2,13.5000,27.0000,94.5000,9.536743e-07,3.814697e-06,3.814697e-06,2.825702e-05,47.9060,11.5012,-129.7131,49.2673,IK_OK
G0377,R3,-13.5000,0.0000,94.5000,-9.536743e-07,0.000000e+00,9.536743e-07,7.064254e-06,104.3972,-25.0636,-112.2759,107.3637,IK_OK
G0377,L1,-13.5000,27.0000,94.5000,-9.536743e-07,3.814697e-06,3.814697e-06,2.825702e-05,47.9060,-11.5012,-129.7131,49.2673,IK_OK
G0377,L2,13.5000,0.0000,94.5000,9.536743e-07,0.000000e+00,9.536743e-07,7.064254e-06,104.3972,25.0636,-112.2759,107.3637,IK_OK
G0377,L3,-13.5000,27.0000,94.5000,-9.536743e-07,3.814697e-06,3.814697e-06,2.825702e-05,47.9060,-11.5012,-129.7131,49.2673,IK_OK
G0378,R1,-13.5000,0.0000,94.5000,-9.536743e-07,0.000000e+00,9.536743e-07,7.064254e-06,104.3972,-25.0636,-112.2759,107.3637,IK_OK
G0378,R2,13.5000,0.0000,94.5000,9.536743e-07,0.000000e+00,9.536743e-07,7.064254e-06,104.3972,25.0636,-112.2759,107.3637,IK_OK
G0378,R3,-13.5000,0.0000,94.5000,-9.536743e-07,0.000000e+00,9.536743e-07,7.064254e-06,104.3972,-25.0636,-112.2759,107.3637,IK_OK
G0378,L1,-13.5000,0.0000,94.5000,-9.536743e-07,0.000000e+00,9.536743e-07,7.064254e-06,104.3972,-25.0636,-112.2759,107.3637,IK_OK
G0378,L2,13.5000,0.0000,94.5000,9.536743e-07,0.000000e+00,9.536743e-07,7.064254e-06,104.3972,25.0636,-112.2759,107.3637,IK_OK
G0378,L3,-13.5000,0.0000,94.5000,-9.536743e-07,0.000000e+00,9.536743e-07,7.064254e-06,104.3972,-25.0636,-112.2759,107.3637,IK_OK
G0379,R1,13.5000,27.0000,94.5000,9.536743e-07,3.814697e-06,3.814697e-06,2.825702e-05,47.9060,11.5012,-129.7131,49.2673,IK_OK
G0379,R2,-13.5000,0.0000,94.5000,-9.536743e-07,0.000000e+00,9.536743e-07,7.064254e-06,104.3972,-25.0636,-112.2759,107.3637,IK_OK
G0379,R3,13.5000,27.0000,94.5000,9.536743e-07,3.814697e-06,3.814697e-06,2.825702e-05,47.9060,11.5012,-129.7131,49.2673,IK_OK
G0379,L1,13.5000,0.0000,94.5000,9.536743e-07,0.000000e+00,9.536743e-07,7.064254e-06,104.3972,25.0636,-112.2759,107.3637,IK_OK
G0379,L2,-13.5000,27.0000,94.5000,-9.536743e-07,3.814697e-06,3.814697e-06,2.825702e-05,47.9060,-11.5012,-129.7131,49.2673,IK_OK
G0379,L3,13.5000,0.0000,94.5000,9.536743e-07,0.000000e+00,9.536743e-07,7.064254e-06,104.3972,25.0636,-112.2759,107.3637,IK_OK
G0380,R1,13.5000,0.0000,94.5000,9.536743e-07,0.000000e+00,9.536743e-07,7.064254e-06,104.3972,25.0636,-112.2759,107.3637,IK_OK
G0380,R2,-13.5000,0.0000,94.5000,-9.536743e-07,0.000000e+00,9.536743e-07,7.064254e-06,104.3972,-25.0636,-112.2759,107.3637,IK_OK
G0380,R3,13.5000,0.0000,94.5000,9.536743e-07,0.000000e+00,9.536743e-07,7.064254e-06,104.3972,25.0636,-112.2759,107.3637,IK_OK
G0380,L1,13.5000,0.0000,94.5000,9.536743e-07,0.000000e+00,9.536743e-07,7.064254e-06,104.3972,25.0636,-112.2759,107.3637,IK_OK
G0380,L2,-13.5000,0.0000,94.5000,-9.536743e-07,0.000000e+00,9.536743e-07,7.064254e-06,104.3972,-25.0636,-112.2759,107.3637,IK_OK
G0380,L3,13.5000,0.0000,94.5000,9.536743e-07,0.000000e+00,9.536743e-07,7.064254e-06,104.3972,25.0636,-112.2759,107.3637,IK_OK
G0381,R1,-13.5000,0.0000,94.5000,-9.536743e-07,0.000000e+00,9.536743e-07,7.064254e-06,104.3972,-25.0636,-112.2759,107.3637,IK_OK
G0381,R2,13.5000,27.0000,94.5000,9.536743e-07,3.814697e-06,3.814697e-06,2.825702e-05,47.9060,11.5012,-129.7131,49.2673,IK_OK
G0381,R3,-13.5000,0.0000,94.5000,-9.536743e-07,0.000000e+00,9.536743e-07,7.064254e-06,104.3972,-25.0636,-112.2759,107.3637,IK_OK
G0381,L1,-13.5000,27.0000,94.5000,-9.536743e-07,3.814697e-06,3.814697e-06,2.825702e-05,47.9060,-11.5012,-129.7131,49.2673,IK_OK
G0381,L2,13.5000,0.0000,94.5000,9.536743e-07,0.000000e+00,9.536743e-07,7.064254e-06,104.3972,25.0636,-112.2759,107.3637,IK_OK
G0381,L3,-13.5000,27.0000,94.5000,-9.536743e-07,3.814697e-06,3.814697e-06,2.825702e-05,47.9060,-11.5012,-129.7131,49.2673,IK_OK
G0382,R1,-13.5000,0.0000,94.5000,-9.536743e-07,0.000000e+00,9.536743e-07,7.064254e-06,104.3972,-25.0636,-112.2759,107.3637,IK_OK
G0382,R2,13.5000,0.0000,94.5000,9.536743e-07,0.000000e+00,9.536743e-07,7.064254e-06,104.3972,25.0636,-112.2759,107.3637,IK_OK
G0382,R3,-13.5000,0.0000,94.5000,-9.536743e-07,0.000000e+00,9.536743e-07,7.064254e-06,104.3972,-25.0636,-112.2759,107.3637,IK_OK
G0382,L1,-13.5000,0.0000,94.5000,-9.536743e-07,0.000000e+00,9.536743e-07,7.064254e-06,104.3972,-25.0636,-112.2759,107.3637,IK_OK
G0382,L2,13.5000,0.0000,94.5000,9.536743e-07,0.000000e+00,9.536743e-07,7.064254e-06,104.3972,25.0636,-112.2759,107.3637,IK_OK
G0382,L3,-13.5000,0.0000,94.5000,-9.536743e-07,0.000000e+00,9.536743e-07,7.064254e-06,104.3972,-25.0636,-112.2759,107.3637,IK_OK
G0383,R1,13.5000,27.0000,94.5000,9.536743e-07,3.814697e-06,3.814697e-06,2.825702e-05,47.9060,11.5012,-129.7131,49.2673,IK_OK
G0383,R2,-13.5000,0.0000,94.5000,-9.536743e-07,0.000000e+00,9.536743e-07,7.064254e-06,104.3972,-25.0636,-112.2759,107.3637,IK_OK
G0383,R3,13.5000,27.0000,94.5000,9.536743e-07,3.814697e-06,3.814697e-06,2.825702e-05,47.9060,11.5012,-129.7131,49.2673,IK_OK
G0383,L1,13.5000,0.0000,94.5000,9.536743e-07,0.000000e+00,9.536743e-07,7.064254e-06,104.3972,25.0636,-112.2759,107.3637,IK_OK
G0383,L2,-13.5000,27.0000,94.5000,-9.536743e-07,3.814697e-06,3.814697e-06,2.825702e-05,47.9060,-11.5012,-129.7131,49.2673,IK_OK
G0383,L3,13.5000,0.0000,94.5000,9.536743e-07,0.000000e+00,9.536743e-07,7.064254e-06,104.3972,25.0636,-112.2759,107.3637,IK_OK
G0384,R1,13.5000,0.0000,94.5000,9.536743e-07,0.000000e+00,9.536743e-07,7.064254e-06,104.3972,25.0636,-112.2759,107.3637,IK_OK
G0384,R2,-13.5000,0.0000,94.5000,-9.536743e-07,0.000000e+00,9.536743e-07,7.064254e-06,104.3972,-25.0636,-112.2759,107.3637,IK_OK
G0384,R3,13.5000,0.0000,94.5000,9.536743e-07,0.000000e+00,9.536743e-07,7.064254e-06,104.3972,25.0636,-112.2759,107.3637,IK_OK
G0384,L1,13.5000,0.0000,94.5000,9.536743e-07,0.000000e+00,9.536743e-07,7.064254e-06,104.3972,25.0636,-112.2759,107.3637,IK_OK
G0384,L2,-13.5000,0.0000,94.5000,-9.536743e-07,0.000000e+00,9.536743e-07,7.064254e-06,104.3972,-25.0636,-112.2759,107.3637,IK_OK
G0384,L3,13.5000,0.0000,94.5000,9.536743e-07,0.000000e+00,9.536743e-07,7.064254e-06,104.3972,25.0636,-112.2759,107.3637,IK_OK
G0385,R1,-13.5000,0.0000,94.5000,-9.536743e-07,0.000000e+00,9.536743e-07,7.064254e-06,104.3972,-25.0636,-112.2759,107.3637,IK_OK
G0385,R2,13.5000,27.0000,94.5000,9.536743e-07,3.814697e-06,3.814697e-06,2.825702e-05,47.9060,11.5012,-129.7131,49.2673,IK_OK
G0385,R3,-13.5000,0.0000,94.5000,-9.536743e-07,0.000000e+00,9.536743e-07,7.064254e-06,104.3972,-25.0636,-112.2759,107.3637,IK_OK
G0385,L1,-13.5000,27.0000,94.5000,-9.536743e-07,3.814697e-06,3.814697e-06,2.825702e-05,47.9060,-11.5012,-129.7131,49.2673,IK_OK
G0385,L2,13.5000,0.0000,94.5000,9.536743e-07,0.000000e+00,9.536743e-07,7.064254e-06,104.3972,25.0636,-112.2759,107.3637,IK_OK
G0385,L3,-13.5000,27.0000,94.5000,-9.536743e-07,3.814697e-06,3.814697e-06,2.825702e-05,47.9060,-11.5012,-129.7131,49.2673,IK_OK
G0386,R1,-13.5000,0.0000,94.5000,-9.536743e-07,0.000000e+00,9.536743e-07,7.064254e-06,104.3972,-25.0636,-112.2759,107.3637,IK_OK
G0386,R2,13.5000,0.0000,94.5000,9.536743e-07,0.000000e+00,9.536743e-07,7.064254e-06,104.3972,25.0636,-112.2759,107.3637,IK_OK
G0386,R3,-13.5000,0.0000,94.5000,-9.536743e-07,0.000000e+00,9.536743e-07,7.064254e-06,104.3972,-25.0636,-112.2759,107.3637,IK_OK
G0386,L1,-13.5000,0.0000,94.5000,-9.536743e-07,0.000000e+00,9.536743e-07,7.064254e-06,104.3972,-25.0636,-112.2759,107.3637,IK_OK
G0386,L2,13.5000,0.0000,94.5000,9.536743e-07,0.000000e+00,9.536743e-07,7.064254e-06,104.3972,25.0636,-112.2759,107.3637,IK_OK
G0386,L3,-13.5000,0.0000,94.5000,-9.536743e-07,0.000000e+00,9.536743e-07,7.064254e-06,104.3972,-25.0636,-112.2759,107.3637,IK_OK
G0387,R1,13.5000,27.0000,94.5000,9.536743e-07,3.814697e-06,3.814697e-06,2.825702e-05,47.9060,11.5012,-129.7131,49.2673,IK_OK
G0387,R2,-13.5000,0.0000,94.5000,-9.536743e-07,0.000000e+00,9.536743e-07,7.064254e-06,104.3972,-25.0636,-112.2759,107.3637,IK_OK
G0387,R3,13.5000,27.0000,94.5000,9.536743e-07,3.814697e-06,3.814697e-06,2.825702e-05,47.9060,11.5012,-129.7131,49.2673,IK_OK
G0387,L1,13.5000,0.0000,94.5000,9.536743e-07,0.000000e+00,9.536743e-07,7.064254e-06,104.3972,25.0636,-112.2759,107.3637,IK_OK
G0387,L2,-13.5000,27.0000,94.5000,-9.536743e-07,3.814697e-06,3.814697e-06,2.825702e-05,47.9060,-11.5012,-129.7131,49.2673,IK_OK
G0387,L3,13.5000,0.0000,94.5000,9.536743e-07,0.000000e+00,9.536743e-07,7.064254e-06,104.3972,25.0636,-112.2759,107.3637,IK_OK
G0388,R1,13.5000,0.0000,94.5000,9.536743e-07,0.000000e+00,9.536743e-07,7.064254e-06,104.3972,25.0636,-112.2759,107.3637,IK_OK
G0388,R2,-13.5000,0.0000,94.5000,-9.536743e-07,0.000000e+00,9.536743e-07,7.064254e-06,104.3972,-25.0636,-112.2759,107.3637,IK_OK
G0388,R3,13.5000,0.0000,94.5000,9.536743e-07,0.000000e+00,9.536743e-07,7.064254e-06,104.3972,25.0636,-112.2759,107.3637,IK_OK
G0388,L1,13.5000,0.0000,94.5000,9.536743e-07,0.000000e+00,9.536743e-07,7.064254e-06,104.3972,25.0636,-112.2759,107.3637,IK_OK
G0388,L2,-13.5000,0.0000,94.5000,-9.536743e-07,0.000000e+00,9.536743e-07,7.064254e-06,104.3972,-25.0636,-112.2759,107.3637,IK_OK
G0388,L3,13.5000,0.0000,94.5000,9.536743e-07,0.000000e+00,9.536743e-07,7.064254e-06,104.3972,25.0636,-112.2759,107.3637,IK_OK
G0389,R1,-13.5000,0.0000,94.5000,-9.536743e-07,0.000000e+00,9.536743e-07,7.064254e-06,104.3972,-25.0636,-112.2759,107.3637,IK_OK
G0389,R2,13.5000,27.0000,94.5000,9.536743e-07,3.814697e-06,3.814697e-06,2.825702e-05,47.9060,11.5012,-129.7131,49.2673,IK_OK
G0389,R3,-13.5000,0.0000,94.5000,-9.536743e-07,0.000000e+00,9.536743e-07,7.064254e-06,104.3972,-25.0636,-112.2759,107.3637,IK_OK
G0389,L1,-13.5000,27.0000,94.5000,-9.536743e-07,3.814697e-06,3.814697e-06,2.825702e-05,47.9060,-11.5012,-129.7131,49.2673,IK_OK
G0389,L2,13.5000,0.0000,94.5000,9.536743e-07,0.000000e+00,9.536743e-07,7.064254e-06,104.3972,25.0636,-112.2759,107.3637,IK_OK
G0389,L3,-13.5000,27.0000,94.5000,-9.536743e-07,3.814697e-06,3.814697e-06,2.825702e-05,47.9060,-11.5012,-129.7131,49.2673,IK_OK
G0390,R1,-13.5000,0.0000,94.5000,-9.536743e-07,0.000000e+00,9.536743e-07,7.064254e-06,104.3972,-25.0636,-112.2759,107.3637,IK_OK
G0390,R2,13.5000,0.0000,94.5000,9.536743e-07,0.000000e+00,9.536743e-07,7.064254e-06,104.3972,25.0636,-112.2759,107.3637,IK_OK
G0390,R3,-13.5000,0.0000,94.5000,-9.536743e-07,0.000000e+00,9.536743e-07,7.064254e-06,104.3972,-25.0636,-112.2759,107.3637,IK_OK
G0390,L1,-13.5000,0.0000,94.5000,-9.536743e-07,0.000000e+00,9.536743e-07,7.064254e-06,104.3972,-25.0636,-112.2759,107.3637,IK_OK
G0390,L2,13.5000,0.0000,94.5000,9.536743e-07,0.000000e+00,9.536743e-07,7.064254e-06,104.3972,25.0636,-112.2759,107.3637,IK_OK
G0390,L3,-13.5000,0.0000,94.5000,-9.536743e-07,0.000000e+00,9.536743e-07,7.064254e-06,104.3972,-25.0636,-112.2759,107.3637,IK_OK
G0391,R1,0.0000,40.5000,121.5000,0.000000e+00,0.000000e+00,0.000000e+00,0.000000e+00,-8.6888,-0.0000,-82.9915,-8.6888,IK_W_REFLECTED
G0391,R2,0.0000,40.5000,121.5000,0.000000e+00,0.000000e+00,0.000000e+00,0.000000e+00,-8.6888,-0.0000,-82.9915,-8.6888,IK_W_REFLECTED
G0391,R3,0.0000,40.5000,121.5000,0.000000e+00,0.000000e+00,0.000000e+00,0.000000e+00,-8.6888,-0.0000,-82.9915,-8.6888,IK_W_REFLECTED
G0391,L1,0.0000,40.5000,121.5000,0.000000e+00,0.000000e+00,0.000000e+00,0.000000e+00,-8.6888,-0.0000,-82.9915,-8.6888,IK_W_REFLECTED
G0391,L2,0.0000,40.5000,121.5000,0.000000e+00,0.000000e+00,0.000000e+00,0.000000e+00,-8.6888,-0.0000,-82.9915,-8.6888,IK_W_REFLECTED
G0391,L3,0.0000,40.5000,121.5000,0.000000e+00,0.000000e+00,0.000000e+00,0.000000e+00,-8.6888,-0.0000,-82.9915,-8.6888,IK_W_REFLECTED
G0392,R1,0.0000,40.5000,121.5000,0.000000e+00,0.000000e+00,0.000000e+00,0.000000e+00,-8.6888,-0.0000,-82.9915,-8.6888,IK_W_REFLECTED
G0392,R2,0.0000,40.5000,121.5000,0.000000e+00,0.000000e+00,0.000000e+00,0.000000e+00,-8.6888,-0.0000,-82.9915,-8.6888,IK_W_REFLECTED
G0392,R3,0.0000,40.5000,121.5000,0.000000e+00,0.000000e+00,0.000000e+00,0.000000e+00,-8.6888,-0.0000,-82.9915,-8.6888,IK_W_REFLECTED
G0392,L1,0.0000,40.5000,121.5000,0.000000e+00,0.000000e+00,0.000000e+00,0.000000e+00,-8.6888,-0.0000,-82.9915,-8.6888,IK_W_REFLECTED
G0392,L2,0.0000,40.5000,121.5000,0.000000e+00,0.000000e+00,0.000000e+00,0.000000e+00,-8.6888,-0.0000,-82.9915,-8.6888,IK_W_REFLECTED
G0392,L3,0.0000,40.5000,121.5000,0.000000e+00,0.000000e+00,0.000000e+00,0.000000e+00,-8.6888,-0.0000,-82.9915,-8.6888,IK_W_REFLECTED
G0393,R1,0.0000,40.5000,121.5000,0.000000e+00,0.000000e+00,0.000000e+00,0.000000e+00,-8.6888,-0.0000,-82.9915,-8.6888,IK_W_REFLECTED
G0393,R2,0.0000,40.5000,121.5000,0.000000e+00,0.000000e+00,0.000000e+00,0.000000e+00,-8.6888,-0.0000,-82.9915,-8.6888,IK_W_REFLECTED
G0393,R3,0.0000,40.5000,121.5000,0.000000e+00,0.000000e+00,0.000000e+00,0.000000e+00,-8.6888,-0.0000,-82.9915,-8.6888,IK_W_REFLECTED
G0393,L1,0.0000,40.5000,121.5000,0.000000e+00,0.000000e+00,0.000000e+00,0.000000e+00,-8.6888,-0.0000,-82.9915,-8.6888,IK_W_REFLECTED
G0393,L2,0.0000,40.5000,121.5000,0.000000e+00,0.000000e+00,0.000000e+00,0.000000e+00,-8.6888,-0.0000,-82.9915,-8.6888,IK_W_REFLECTED
G0393,L3,0.0000,40.5000,121.5000,0.000000e+00,0.000000e+00,0.000000e+00,0.000000e+00,-8.6888,-0.0000,-82.9915,-8.6888,IK_W_REFLECTED
G0394,R1,0.0000,67.5000,121.5000,0.000000e+00,-7.629395e-06,7.629395e-06,5.651403e-05,-40.8414,-0.0000,-50.9337,-40.8414,IK_W_REFLECTED
G0394,R2,0.0000,67.5000,121.5000,0.000000e+00,-7.629395e-06,7.629395e-06,5.651403e-05,-40.8414,-0.0000,-50.9337,-40.8414,IK_W_REFLECTED
G0394,R3,0.0000,67.5000,121.5000,0.000000e+00,-7.629395e-06,7.629395e-06,5.651403e-05,-40.8414,-0.0000,-50.9337,-40.8414,IK_W_REFLECTED
G0394,L1,0.0000,67.5000,121.5000,0.000000e+00,-7.629395e-06,7.629395e-06,5.651403e-05,-40.8414,-0.0000,-50.9337,-40.8414,IK_W_REFLECTED
G0394,L2,0.0000,67.5000,121.5000,0.000000e+00,-7.629395e-06,7.629395e-06,5.651403e-05,-40.8414,-0.0000,-50.9337,-40.8414,IK_W_REFLECTED
G0394,L3,0.0000,67.5000,121.5000,0.000000e+00,-7.629395e-06,7.629395e-06,5.651403e-05,-40.8414,-0.0000,-50.9337,-40.8414,IK_W_REFLECTED
